Bar1	Bar1	Multiplexing Capture
Bar2	Bar2	Multiplexing Capture
Bar3	Bar3	Multiplexing Capture
Bar4	Bar4	Multiplexing Capture
Bar5	Bar5	Multiplexing Capture
Bar6	Bar6	Multiplexing Capture
Bar7	Bar7	Multiplexing Capture
Bar8	Bar8	Multiplexing Capture
Bar9	Bar9	Multiplexing Capture
Bar10	Bar10	Multiplexing Capture
Bar11	Bar11	Multiplexing Capture
Bar12	Bar12	Multiplexing Capture
Bar13	Bar13	Multiplexing Capture
Bar14	Bar14	Multiplexing Capture
Bar15	Bar15	Multiplexing Capture
Bar16	Bar16	Multiplexing Capture
Bar17	Bar17	Multiplexing Capture
Bar18	Bar18	Multiplexing Capture
Bar19	Bar19	Multiplexing Capture
Bar20	Bar20	Multiplexing Capture
Bar21	Bar21	Multiplexing Capture
Bar22	Bar22	Multiplexing Capture
Bar23	Bar23	Multiplexing Capture
Bar24	Bar24	Multiplexing Capture
Bar25	Bar25	Multiplexing Capture
Bar26	Bar26	Multiplexing Capture
Bar27	Bar27	Multiplexing Capture
Bar28	Bar28	Multiplexing Capture
Bar29	Bar29	Multiplexing Capture
Bar30	Bar30	Multiplexing Capture
Bar31	Bar31	Multiplexing Capture
Bar32	Bar32	Multiplexing Capture
Bar33	Bar33	Multiplexing Capture
Bar34	Bar34	Multiplexing Capture
Bar35	Bar35	Multiplexing Capture
Bar36	Bar36	Multiplexing Capture
Bar37	Bar37	Multiplexing Capture
Bar38	Bar38	Multiplexing Capture
Bar39	Bar39	Multiplexing Capture
Bar40	Bar40	Multiplexing Capture
Bar41	Bar41	Multiplexing Capture
Bar42	Bar42	Multiplexing Capture
Bar43	Bar43	Multiplexing Capture
Bar44	Bar44	Multiplexing Capture
Bar45	Bar45	Multiplexing Capture
Bar46	Bar46	Multiplexing Capture
Bar47	Bar47	Multiplexing Capture
Bar48	Bar48	Multiplexing Capture
Bar49	Bar49	Multiplexing Capture
Bar50	Bar50	Multiplexing Capture
Bar51	Bar51	Multiplexing Capture
Bar52	Bar52	Multiplexing Capture
Bar53	Bar53	Multiplexing Capture
Bar54	Bar54	Multiplexing Capture
Bar55	Bar55	Multiplexing Capture
Bar56	Bar56	Multiplexing Capture
Bar57	Bar57	Multiplexing Capture
Bar58	Bar58	Multiplexing Capture
Bar59	Bar59	Multiplexing Capture
Bar60	Bar60	Multiplexing Capture
Bar61	Bar61	Multiplexing Capture
Bar62	Bar62	Multiplexing Capture
Bar63	Bar63	Multiplexing Capture
Bar64	Bar64	Multiplexing Capture
Bar65	Bar65	Multiplexing Capture
Bar66	Bar66	Multiplexing Capture
Bar67	Bar67	Multiplexing Capture
Bar68	Bar68	Multiplexing Capture
Bar69	Bar69	Multiplexing Capture
Bar70	Bar70	Multiplexing Capture
Bar71	Bar71	Multiplexing Capture
Bar72	Bar72	Multiplexing Capture
Bar73	Bar73	Multiplexing Capture
Bar74	Bar74	Multiplexing Capture
Bar75	Bar75	Multiplexing Capture
Bar76	Bar76	Multiplexing Capture
Bar77	Bar77	Multiplexing Capture
Bar78	Bar78	Multiplexing Capture
Bar79	Bar79	Multiplexing Capture
Bar80	Bar80	Multiplexing Capture
Bar81	Bar81	Multiplexing Capture
Bar82	Bar82	Multiplexing Capture
Bar83	Bar83	Multiplexing Capture
Bar84	Bar84	Multiplexing Capture
Bar85	Bar85	Multiplexing Capture
Bar86	Bar86	Multiplexing Capture
Bar87	Bar87	Multiplexing Capture
Bar88	Bar88	Multiplexing Capture
Bar89	Bar89	Multiplexing Capture
Bar90	Bar90	Multiplexing Capture
Bar91	Bar91	Multiplexing Capture
Bar92	Bar92	Multiplexing Capture
Bar93	Bar93	Multiplexing Capture
Bar94	Bar94	Multiplexing Capture
Bar95	Bar95	Multiplexing Capture
Bar96	Bar96	Multiplexing Capture
