,Cluster_id,Confidence
AAACCTGAGAATCTCC-4-3,12,0.9148432507131317
AAACCTGAGCTTCGCG-4-3,12,0.926068612433189
AAACCTGAGTTCGCAT-4-3,12,0.9532632233146423
AAACGGGAGTGTGGCA-4-3,13,0.7433554900997956
AAACGGGCAGCCTGTG-4-3,12,0.878789952640628
AAACGGGCAGGCTGAA-4-3,12,0.9060994020376675
AAACGGGCATGTTCCC-4-3,12,0.877249597860161
AAACGGGGTAGGACAC-4-3,12,0.9491625848906867
AAACGGGGTATCAGTC-4-3,12,0.9862205928244854
AAACGGGGTCGTGGCT-4-3,12,0.9126375010228739
AAACGGGTCACCCTCA-4-3,12,0.8447206381954706
AAACGGGTCCGTAGGC-4-3,12,0.8605323745305767
AAAGATGAGGATGCGT-4-3,12,0.8770439086328078
AAAGATGCAATGGAAT-4-3,12,0.9245769306164763
AAAGATGCACACCGAC-4-3,12,0.9700121498649895
AAAGATGCACGGATAG-4-3,12,0.9221595058147479
AAAGATGCACGGTTTA-4-3,12,0.8381671211739145
AAAGATGGTAACGACG-4-3,12,0.8488515094028931
AAAGATGGTATGGTTC-4-3,12,0.8036459689739421
AAAGATGGTGGTCTCG-4-3,12,0.911249911337962
AAAGATGTCCCAGGTG-4-3,12,0.9158775710750053
AAAGATGTCTTCTGGC-4-3,12,0.9281670535749845
AAAGCAAAGCGCTCCA-4-3,12,0.8830299446774701
AAAGCAACATGCATGT-4-3,12,0.9143735874842092
AAAGCAAGTCCGAACC-4-3,12,0.9022117595511184
AAAGCAATCAAGATCC-4-3,12,0.8339023800115988
AAAGCAATCGCATGAT-4-3,12,0.8974929903941857
AAAGTAGAGGTGATTA-4-3,12,0.9492891978502288
AAAGTAGAGTAGCCGA-4-3,12,0.9623543107400009
AAAGTAGGTGACTCAT-4-3,12,0.9103876047850828
AAAGTAGTCCTCTAGC-4-3,13,0.6190877646395301
AAATGCCAGCTCCTCT-4-3,12,0.9200611708331073
AAATGCCCAATGCCAT-4-3,12,0.9199592589286412
AAATGCCCAGACGCCT-4-3,12,0.8477802315682094
AAATGCCGTGCCTGCA-4-3,12,0.9664134073677284
AAATGCCTCACAATGC-4-3,12,0.8555486998264051
AAATGCCTCCTCAACC-4-3,12,0.9189033219633086
AAATGCCTCGGAGCAA-4-3,12,0.9120960510992266
AACACGTGTGGACGAT-4-3,12,0.9120107156217699
AACACGTGTTCACGGC-4-3,12,0.8754318234884373
AACCATGGTAGGCATG-4-3,12,0.854699313847391
AACCATGGTCTTCTCG-4-3,12,0.8337985654122875
AACCATGTCCGTAGGC-4-3,12,0.9082495910493673
AACCATGTCGAATCCA-4-3,12,0.9645769620174269
AACCGCGAGACAGACC-4-3,13,0.7759027927414313
AACCGCGAGAGGACGG-4-3,12,0.8966475689760216
AACCGCGAGATGTTAG-4-3,0,0.9685478617861648
AACCGCGAGGCTCTTA-4-3,12,0.9116450239910402
AACGTTGAGCGATATA-4-3,12,0.9614173074015948
AACGTTGCAATCCGAT-4-3,12,0.9125904723558896
AACGTTGCAGGCGATA-4-3,12,0.8824059103835198
AACGTTGGTCAGAAGC-4-3,12,0.9154200350473854
AACGTTGGTGCACCAC-4-3,12,0.9921810621249461
AACGTTGTCGAACGGA-4-3,12,0.897240636402856
AACTCAGAGCGCTTAT-4-3,12,0.9000382525435575
AACTCAGAGCGGATCA-4-3,12,0.9168344427192523
AACTCAGGTAGGGTAC-4-3,12,0.8681225674176142
AACTCCCAGATGTGTA-4-3,12,0.9146755926051171
AACTCCCCATTTCACT-4-3,12,0.8511661625127538
AACTCCCGTCAATGTC-4-3,12,0.9590014339914048
AACTCTTCAAGCGAGT-4-3,12,0.9296501032464293
AACTCTTCAGCCTATA-4-3,12,0.854210466538235
AACTCTTGTAACGTTC-4-3,12,0.9701879633500149
AACTCTTTCTACTATC-4-3,13,0.6803825230513098
AACTCTTTCTTGAGAC-4-3,12,0.8482572524880099
AACTGGTAGCCGCCTA-4-3,13,0.7191052982263946
AACTGGTCAATGGATA-4-3,12,0.9058077686316675
AACTGGTGTACAGTGG-4-3,12,0.8801701486494542
AACTTTCGTACTCAAC-4-3,13,0.5115920391223971
AACTTTCGTATATGGA-4-3,4,0.9580211073069216
AACTTTCGTTCAGTAC-4-3,12,0.9129339418667393
AACTTTCTCCCAAGTA-4-3,12,0.8520249496893991
AAGACCTCACAAGTAA-4-3,12,0.9387776668124177
AAGCCGCGTTCTGGTA-4-3,12,0.9125985506184652
AAGCCGCGTTTGTGTG-4-3,12,0.9186823521165517
AAGCCGCTCATCGGAT-4-3,13,0.44960305922604127
AAGCCGCTCGTGGACC-4-3,13,0.6784196195697004
AAGCCGCTCGTTGACA-4-3,12,0.8958494761081707
AAGGAGCAGGAGTACC-4-3,12,0.905542306466893
AAGGAGCAGTCAATAG-4-3,12,0.9132451312266623
AAGGAGCTCCACGTGG-4-3,12,0.8885023747389376
AAGGCAGCATACGCTA-4-3,12,0.808355457105936
AAGGCAGGTCGATTGT-4-3,12,0.8370732155970501
AAGGCAGGTTCATGGT-4-3,12,0.9493524118717673
AAGGCAGTCCAAGTAC-4-3,13,0.5963919552260617
AAGGTTCGTCTCTTTA-4-3,13,0.5141629698161068
AAGGTTCTCCTGCAGG-4-3,13,0.774072166936724
AAGTCTGCAAGCTGTT-4-3,12,0.8841381320343138
AAGTCTGCAGATGGGT-4-3,12,0.9222029108360446
AAGTCTGCATGAAGTA-4-3,12,0.9029591424181157
AAGTCTGGTAAATGTG-4-3,12,0.9283930425566869
AAGTCTGGTACTTCTT-4-3,13,0.5214907904201134
AAGTCTGGTCATACTG-4-3,12,0.8517857914320905
AAGTCTGGTCTCTTTA-4-3,12,0.9869571794348924
AAGTCTGGTCTGATCA-4-3,12,0.9072413779421022
AATCCAGAGTGCCATT-4-3,12,0.9156937928916545
AATCCAGTCCAAACAC-4-3,12,0.9496241193233254
AATCCAGTCCCTAACC-4-3,12,0.9090810289185636
AATCGGTTCGAGCCCA-4-3,12,0.9157773161201463
ACACCAAAGGGCTCTC-4-3,12,0.857841970450091
ACACCCTAGACTCGGA-4-3,12,0.9055912250680109
ACACCCTCAGGCTGAA-4-3,13,0.6871421002115652
ACACCCTGTCTACCTC-4-3,12,0.9345060943584329
ACACCGGAGCGATTCT-4-3,12,0.8025733981001074
ACACCGGTCTGCGTAA-4-3,13,0.7164844181620659
ACACTGAAGAGTCTGG-4-3,13,0.7172140814875928
ACACTGAAGGTAGCTG-4-3,12,0.9641726625815068
ACACTGACATGCCTTC-4-3,12,0.9483273735639839
ACACTGAGTACCGAGA-4-3,12,0.8300160894043025
ACAGCCGAGCTAAACA-4-3,13,0.69578995606131
ACAGCCGAGTGGGCTA-4-3,12,0.91572531167487
ACAGCCGCAAGCGTAG-4-3,12,0.8656334098754427
ACAGCCGCAGCTCCGA-4-3,12,0.9147046204235758
ACAGCTACATATGAGA-4-3,12,0.8824956887191511
ACAGCTAGTACATCCA-4-3,12,0.8327735633021419
ACAGCTAGTACTTGAC-4-3,12,0.9061437801068155
ACAGCTATCTCACATT-4-3,12,0.9496629384038247
ACATACGAGTAATCCC-4-3,12,0.9942041562409388
ACATACGCATTACCTT-4-3,12,0.8917549973762836
ACATACGGTAGGCTGA-4-3,13,0.7603897987946477
ACATACGGTGACTACT-4-3,12,0.855202104023532
ACATACGGTGCACTTA-4-3,13,0.7989881440516142
ACATCAGAGCTCCCAG-4-3,12,0.9073142866739556
ACATCAGCAATGGAGC-4-3,12,0.8748354989707439
ACATCAGCAATGGATA-4-3,12,0.8915491950358667
ACATCAGCAGCGTAAG-4-3,12,0.9868061164217627
ACATCAGCATGACATC-4-3,12,0.8513903015806372
ACATCAGGTTAAAGAC-4-3,12,0.842765709529539
ACATCAGTCATAAAGG-4-3,12,0.9437436285437362
ACATCAGTCCGCTGTT-4-3,12,0.8544121866448917
ACATCAGTCTATCCCG-4-3,12,0.8949777462722004
ACATGGTAGATCCCGC-4-3,12,0.9057936324948745
ACATGGTAGGAGTTTA-4-3,12,0.9114496794805792
ACATGGTGTCATATCG-4-3,12,0.9099971950165393
ACCAGTACAGACACTT-4-3,12,0.9197743298510167
ACCAGTAGTTATCACG-4-3,12,0.8554419003366006
ACCAGTATCCTTTCTC-4-3,12,0.8409667350331331
ACCCACTCACACGCTG-4-3,12,0.8295064036187977
ACCCACTGTGTGACCC-4-3,12,0.9415136673536297
ACCCACTTCAACTCTT-4-3,12,0.9495119675966106
ACCCACTTCTCCCTGA-4-3,12,0.8272350259882985
ACCCACTTCTCGCTTG-4-3,12,0.9592293428253192
ACCGTAAAGTACGATA-4-3,12,0.8300299374044309
ACCGTAACACAAGTAA-4-3,12,0.857637918885426
ACCGTAAGTCCTCTTG-4-3,12,0.8784214490881413
ACCGTAAGTGACTCAT-4-3,12,0.879847039546833
ACCGTAATCAGCATGT-4-3,12,0.9012006651347783
ACCGTAATCCCAACGG-4-3,12,0.9075245734576384
ACCTTTAAGTGAAGTT-4-3,12,0.8483160549678642
ACCTTTACAATAAGCA-4-3,12,0.8567339864300699
ACCTTTAGTCGGCTCA-4-3,12,0.9110788495344277
ACCTTTAGTGTCCTCT-4-3,12,0.8455157036619513
ACCTTTAGTTGGTGGA-4-3,12,0.9995099149826424
ACCTTTAGTTTAAGCC-4-3,12,0.9098611286834877
ACCTTTATCATACGGT-4-3,12,0.8545344436004096
ACGAGCCAGGCTCAGA-4-3,13,0.694203357906126
ACGAGCCGTCGTTGTA-4-3,12,0.91641365744392
ACGAGCCGTTCAGTAC-4-3,13,0.6996905334330309
ACGAGCCTCGCCGTGA-4-3,13,0.7353990627064921
ACGAGGACAGTCAGCC-4-3,12,0.8459775500938963
ACGAGGAGTCCATGAT-4-3,13,0.47916544325693117
ACGATACAGAAGATTC-4-3,12,0.9221280503911865
ACGATACAGCGTGAGT-4-3,12,0.8205998113382759
ACGATACGTAAATGTG-4-3,12,0.9102115228923835
ACGATACGTCGCGGTT-4-3,12,0.9169835672027249
ACGATACTCATCTGTT-4-3,12,0.9055368174549553
ACGATGTCAAACCCAT-4-3,12,0.9919950819842972
ACGATGTCACGGTGTC-4-3,13,0.7931781027106175
ACGATGTCAGCATACT-4-3,12,0.9136479182198407
ACGATGTCATCGGGTC-4-3,12,0.9491107638984417
ACGATGTGTACCGTAT-4-3,12,0.9124265851636233
ACGATGTGTCGCTTTC-4-3,12,0.9470542139534617
ACGCAGCAGGCATGGT-4-3,12,0.9069537382008281
ACGCAGCCACACTGCG-4-3,13,0.5953117503331343
ACGCAGCCACAGCGTC-4-3,13,0.7269632239645677
ACGCAGCGTAGTACCT-4-3,12,0.9048775406171604
ACGCAGCGTCTCTCGT-4-3,12,0.9085673736397428
ACGCAGCGTGGGTATG-4-3,12,0.8073507954366322
ACGCAGCTCCGATATG-4-3,12,0.8979209920484743
ACGCCAGCAACCGCCA-4-3,12,0.8431149183395722
ACGCCAGCATTACGAC-4-3,12,0.8461086564556346
ACGCCGAGTCGCTTTC-4-3,12,0.8654655699861012
ACGCCGATCAGTCAGT-4-3,12,0.8963834180216206
ACGCCGATCTCTGAGA-4-3,12,0.9217286741681803
ACGGAGAAGGTGATTA-4-3,13,0.7577933168441501
ACGGAGACACTTAACG-4-3,12,0.8817271666236794
ACGGAGACATGCAATC-4-3,12,0.8576507706353012
ACGGAGAGTCAATGTC-4-3,12,0.906491810389619
ACGGAGAGTCTAGAGG-4-3,12,0.9638207928724418
ACGGAGAGTTATCGGT-4-3,12,0.8881649022403175
ACGGAGATCTGTTGAG-4-3,12,0.9590417207169112
ACGGCCAAGTGACATA-4-3,12,0.8829409147564773
ACGGCCACAAGCGCTC-4-3,12,0.9120804208501944
ACGGCCACATCTCGCT-4-3,12,0.858625833411414
ACGGGCTAGTCCGGTC-4-3,3,0.8557424284746682
ACGGGCTCAAGCGAGT-4-3,13,0.6255059187857813
ACGGGTCCAAAGTCAA-4-3,12,0.9099285909770979
ACGTCAACACCTTGTC-4-3,12,0.9153417942854676
ACGTCAAGTAATCGTC-4-3,13,0.7386848732744151
ACGTCAAGTTCCACAA-4-3,13,0.6521299138533144
ACGTCAATCCGCATCT-4-3,12,0.9922267776815965
ACGTCAATCTGATACG-4-3,12,0.9210751862005492
ACTATCTAGACCGGAT-4-3,12,0.915129394547975
ACTATCTCAAGTACCT-4-3,12,0.9478915266494337
ACTATCTCACACATGT-4-3,12,0.9075986277124324
ACTATCTCAGACAAAT-4-3,12,0.9446456024040846
ACTATCTGTACCGAGA-4-3,12,0.9577896231259124
ACTATCTGTTCCAACA-4-3,13,0.5206139403421444
ACTGAACCACAACGCC-4-3,12,0.9561308994235366
ACTGAACCACCCATTC-4-3,12,0.9158582960345657
ACTGAACCATTATCTC-4-3,12,0.9489563675885282
ACTGAACGTGTGACGA-4-3,13,0.564043726764193
ACTGAACTCTCAACTT-4-3,12,0.9018598211520441
ACTGAACTCTTGTATC-4-3,12,0.8868078894489502
ACTGAGTAGTGATCGG-4-3,12,0.9265874239550042
ACTGAGTCATGGAATA-4-3,13,0.5278517395695687
ACTGAGTGTATTACCG-4-3,12,0.9392151468995891
ACTGAGTGTGCAACGA-4-3,12,0.8876665979228875
ACTGAGTGTTCAGGCC-4-3,12,0.981375919646583
ACTGAGTTCAGAGCTT-4-3,12,0.9679223385163089
ACTGATGAGCGTGAGT-4-3,12,0.844233005557597
ACTGATGCAGGTGGAT-4-3,12,0.9059763377378977
ACTGATGCATAGACTC-4-3,12,0.8338532316376952
ACTGATGGTAATCACC-4-3,12,0.9438457361980898
ACTGATGTCAGAGGTG-4-3,12,0.8567928436160525
ACTGCTCAGACGACGT-4-3,13,0.7593301306806255
ACTGCTCAGTTACGGG-4-3,12,0.8914729617119711
ACTGCTCCAAACTGTC-4-3,12,0.9157958077404182
ACTGCTCTCAGGATCT-4-3,12,0.9490473125603399
ACTGCTCTCTGCTTGC-4-3,12,0.970860112739224
ACTGTCCCACATTTCT-4-3,12,0.8953045001451804
ACTGTCCCACTACAGT-4-3,12,0.8176908752621099
ACTGTCCCATGGTTGT-4-3,12,0.9061233920730387
ACTGTCCGTGCTCTTC-4-3,12,0.9709801337289273
ACTGTCCGTGGCGAAT-4-3,12,0.9314560377962889
ACTGTCCTCAAGATCC-4-3,13,0.7852251867406339
ACTTACTAGCGATGAC-4-3,12,0.9083272049037766
ACTTACTCATTCGACA-4-3,12,0.8658360086237685
ACTTGTTAGCGATGAC-4-3,12,0.9173006778760217
ACTTGTTCAGCAGTTT-4-3,12,0.9233704992506069
ACTTGTTCAGCCAGAA-4-3,13,0.7985790472222355
ACTTGTTCATTTCACT-4-3,12,0.9080132592163929
ACTTGTTGTACGCACC-4-3,12,0.9035677789622085
ACTTTCAGTAAAGGAG-4-3,12,0.8414824703263817
ACTTTCAGTAACGACG-4-3,12,0.9151458508860405
ACTTTCATCACTTATC-4-3,12,0.9619099620118285
AGAATAGAGCCAGAAC-4-3,13,0.5925447815142909
AGAATAGCACGAAATA-4-3,12,0.8555049930520185
AGAATAGCACGCGAAA-4-3,12,0.9146322650030844
AGAATAGCAGATGGGT-4-3,13,0.6351342324854096
AGAATAGCATCCAACA-4-3,13,0.48489539728130854
AGAATAGGTATAAACG-4-3,12,0.9131868063156934
AGAATAGGTCACAAGG-4-3,12,0.9075829575912718
AGAATAGGTCAGAGGT-4-3,12,0.9382356022265197
AGAATAGGTCGGCATC-4-3,12,0.847530124370859
AGAATAGTCACAACGT-4-3,13,0.716360920833006
AGACGTTAGGAATCGC-4-3,12,0.9105732781457534
AGACGTTGTACCGAGA-4-3,3,0.8999457688456891
AGACGTTGTATCGCAT-4-3,13,0.7812204934418736
AGACGTTGTGCAGTAG-4-3,12,0.8494566653520308
AGACGTTTCGGAAACG-4-3,12,0.9198173446485812
AGAGCGAAGAAGATTC-4-3,12,0.8344577963085473
AGAGCGAAGTCGCCGT-4-3,12,0.9155542950590395
AGAGCGAGTTATGTGC-4-3,12,0.864127118744376
AGAGCGATCAGAGGTG-4-3,12,0.8919061994922897
AGAGCGATCCGCATCT-4-3,12,0.8834015602190668
AGAGCTTAGCTGCAAG-4-3,12,0.8832780111047985
AGAGCTTCAATAACGA-4-3,12,0.856138340579835
AGAGTGGGTTTGTTGG-4-3,12,0.9450491930885507
AGATCTGAGATACACA-4-3,12,0.8258311563931406
AGATCTGCAGGGTTAG-4-3,12,0.9469603769364778
AGATCTGTCATCACCC-4-3,13,0.6678495191603083
AGATCTGTCCCTTGTG-4-3,12,0.9067758805152907
AGATTGCAGAGCCTAG-4-3,12,0.8543312178278752
AGATTGCAGCGAAGGG-4-3,13,0.6800192439773365
AGATTGCAGTATTGGA-4-3,12,0.9134460594466229
AGATTGCAGTGCCAGA-4-3,12,0.9084947765744286
AGATTGCCATTACCTT-4-3,12,0.9939478224704968
AGATTGCGTGTGGCTC-4-3,12,0.9153244737115545
AGATTGCTCGAATCCA-4-3,12,0.8686656714663893
AGATTGCTCGACAGCC-4-3,12,0.9657452295658447
AGATTGCTCGAGAGCA-4-3,12,0.8501049666355343
AGATTGCTCTCCAACC-4-3,12,0.9096989754644977
AGATTGCTCTTCGGTC-4-3,13,0.7069192850577828
AGCATACCATCGGGTC-4-3,12,0.8693734949226871
AGCATACTCATCACCC-4-3,12,0.9385244401481374
AGCCTAAAGAGGTACC-4-3,13,0.5741175557497445
AGCCTAACAGTCAGCC-4-3,12,0.9347063657248894
AGCGGTCCAGGGCATA-4-3,12,0.9144146572796893
AGCGTATAGCCACTAT-4-3,13,0.7942015374145985
AGCGTATCAAAGCAAT-4-3,13,0.7584962233523727
AGCGTCGAGCCGGTAA-4-3,12,0.9410398485567739
AGCGTCGCAGCCACCA-4-3,12,0.8720548263700947
AGCGTCGGTGGACGAT-4-3,12,0.8874525571736723
AGCTCCTAGGGTGTTG-4-3,12,0.9155882642923537
AGCTCCTTCAGCTGGC-4-3,12,0.9155108080545508
AGCTCTCAGGCGACAT-4-3,12,0.8624719337337671
AGCTCTCAGGTACTCT-4-3,13,0.6776284579152255
AGCTCTCCACCCAGTG-4-3,12,0.9041986208660013
AGCTCTCCACGCCAGT-4-3,12,0.9557311534152101
AGCTCTCGTCAGAAGC-4-3,12,0.912068226617202
AGCTCTCGTCTCAACA-4-3,12,0.9701187335261783
AGCTCTCGTGCGAAAC-4-3,13,0.7107588035074728
AGCTCTCTCGTGGTCG-4-3,12,0.8994834880433276
AGCTCTCTCTGGTATG-4-3,12,0.9471337318360703
AGCTTGAAGCACCGTC-4-3,12,0.9540631849556955
AGCTTGAAGCGTGTCC-4-3,12,0.9216611000918102
AGCTTGATCCCTAATT-4-3,12,0.9143386210847991
AGGCCACAGACCTAGG-4-3,12,0.918041591152177
AGGCCACGTTCGGGCT-4-3,12,0.918284425379443
AGGCCACGTTCTGGTA-4-3,12,0.8805909795130673
AGGCCGTAGACTAAGT-4-3,12,0.8648195177883437
AGGCCGTCATGGGAAC-4-3,12,0.9099478782363017
AGGCCGTTCTGTCAAG-4-3,12,0.9097597833049483
AGGGAGTAGGCGTACA-4-3,12,0.9516322618889759
AGGGAGTAGTATCGAA-4-3,12,0.9117569121635857
AGGGAGTAGTGAACGC-4-3,13,0.7325369993607912
AGGGAGTCAGTCGTGC-4-3,12,0.9218700054432525
AGGGAGTGTTACGTCA-4-3,12,0.8431741322694103
AGGGAGTGTTTGTTGG-4-3,12,0.9683470022444288
AGGGATGAGAATAGGG-4-3,12,0.9100028712643503
AGGGATGAGCCACGCT-4-3,12,0.9100934972927044
AGGGATGAGCCCAGCT-4-3,12,0.9139731416064042
AGGGATGCATGGATGG-4-3,13,0.4809133775556294
AGGGATGGTGATGTCT-4-3,12,0.8828092963327105
AGGGATGTCCGATATG-4-3,12,0.902016882282626
AGGGTGAAGACTAGGC-4-3,12,0.8793048693682268
AGGGTGAGTCAATGTC-4-3,13,0.7520433196112855
AGGGTGATCTCTGAGA-4-3,12,0.9192443519825181
AGGTCATAGAAGGACA-4-3,13,0.7453413882790858
AGGTCATGTTCCGGCA-4-3,12,0.919265098644519
AGGTCCGAGGCTCTTA-4-3,13,0.7742127352645635
AGGTCCGCACGTTGGC-4-3,12,0.9009876142638251
AGGTCCGGTCCAACTA-4-3,12,0.9378144455060731
AGGTCCGTCAGAGCTT-4-3,12,0.8501754866160285
AGGTCCGTCCAAAGTC-4-3,12,0.919540712228629
AGTAGTCAGGAGTCTG-4-3,13,0.523519492551374
AGTAGTCAGTGGAGTC-4-3,13,0.4655467450310696
AGTAGTCAGTTAGGTA-4-3,13,0.7972594554412107
AGTAGTCCACAGGCCT-4-3,12,0.8829364237958491
AGTAGTCGTAGGCATG-4-3,12,0.9155327491239705
AGTAGTCTCCGATATG-4-3,12,0.8827451422821332
AGTCTTTTCACCCTCA-4-3,12,0.8576042050459248
AGTCTTTTCTTCATGT-4-3,12,0.9197381620739115
AGTGAGGAGCTGTTCA-4-3,12,0.9086879019272586
AGTGAGGCAGTCAGCC-4-3,12,0.9646342675798241
AGTGAGGTCATCGGAT-4-3,12,0.8004994908716724
AGTGGGAAGATGCCTT-4-3,13,0.6155781394565198
AGTGGGACATGACATC-4-3,12,0.9179326556641411
AGTGGGAGTCAAAGAT-4-3,13,0.7952995424670676
AGTGGGAGTCCATGAT-4-3,12,0.8305488448664949
AGTGGGAGTGCCTGGT-4-3,12,0.9200433387837236
AGTGGGAGTGGTAACG-4-3,12,0.841302174652892
AGTGTCACAAGGTGTG-4-3,12,0.9046491932127844
AGTGTCATCCCTCTTT-4-3,3,0.8638010650340116
AGTGTCATCGTCGTTC-4-3,12,0.8802792518399579
AGTTGGTAGCATCATC-4-3,12,0.8501880247597468
AGTTGGTAGCGCCTTG-4-3,13,0.6622624820530565
AGTTGGTAGTCAAGCG-4-3,12,0.9072731351238076
AGTTGGTCAATGGATA-4-3,12,0.8830831048181562
AGTTGGTGTAGAGCTG-4-3,12,0.9564054237929688
AGTTGGTGTTGATTGC-4-3,12,0.9373554111308668
AGTTGGTTCTGGCGAC-4-3,12,0.9073852771969706
ATAACGCAGGACCACA-4-3,12,0.9986922570329061
ATAACGCAGTGACTCT-4-3,12,0.9430596918612245
ATAAGAGAGTACGATA-4-3,12,0.8580093097682918
ATAAGAGAGTGGTAAT-4-3,12,0.9401333664929243
ATAAGAGGTTCGCGAC-4-3,12,0.9191503627220695
ATAAGAGGTTTGCATG-4-3,12,0.9305647080949135
ATAGACCCACACTGCG-4-3,12,0.9348441903536333
ATAGACCTCGTACGGC-4-3,12,0.8137728296427865
ATCACGAAGAAGGTTT-4-3,12,0.8958842789487487
ATCACGAAGATCGGGT-4-3,12,0.9002413511483742
ATCACGACAAATTGCC-4-3,12,0.9096465463614062
ATCATCTGTGTAACGG-4-3,12,0.8930438800803565
ATCATCTTCAGCTGGC-4-3,12,0.8650146942004512
ATCATCTTCGTCTGAA-4-3,12,0.8792657587838033
ATCATGGAGTGGAGTC-4-3,13,0.6626447562138035
ATCATGGCACAACTGT-4-3,12,0.8593424756464932
ATCATGGGTCGATTGT-4-3,12,0.8971349724640777
ATCATGGGTGTTTGTG-4-3,12,0.9216379824959587
ATCATGGTCCGAGCCA-4-3,12,0.8560593991869746
ATCCACCCACCAGTTA-4-3,12,0.891230910395728
ATCCACCCAGGTGGAT-4-3,12,0.916175909951087
ATCCACCCAGTATAAG-4-3,12,0.9165870686556202
ATCCACCCATTCCTGC-4-3,12,0.8828202934653829
ATCCACCTCATCATTC-4-3,2,0.9991702757992084
ATCCGAAAGAACAATC-4-3,12,0.9210723961396909
ATCCGAAAGAACTCGG-4-3,12,0.920090701614313
ATCCGAAAGAAGAAGC-4-3,12,0.8451664870983303
ATCCGAACAGTTCCCT-4-3,12,0.8473887565103264
ATCCGAACATGCCCGA-4-3,12,0.8449296185333448
ATCCGAAGTCCATCCT-4-3,13,0.5283721684067294
ATCCGAATCAACACTG-4-3,12,0.9616937779537404
ATCCGAATCCGAACGC-4-3,4,0.998646970421354
ATCGAGTAGACGCACA-4-3,12,0.8964812019387998
ATCGAGTAGTGGAGTC-4-3,13,0.766650330245385
ATCGAGTCATATGCTG-4-3,12,0.8416684661958691
ATCGAGTGTGTCAATC-4-3,12,0.9354619459808158
ATCTACTAGTGAATTG-4-3,12,0.868798818460354
ATCTACTAGTTGAGTA-4-3,12,0.8952386123745393
ATCTACTCAGACGCCT-4-3,12,0.870397682657546
ATCTACTGTTCCGTCT-4-3,12,0.8762769215874406
ATCTACTTCGTCTGCT-4-3,13,0.5586621234274844
ATCTACTTCTGCCCTA-4-3,12,0.9181610373818093
ATCTGCCGTCCGTGAC-4-3,12,0.8703654273048349
ATCTGCCGTCTAGTGT-4-3,12,0.9711729183195078
ATCTGCCGTGGCCCTA-4-3,12,0.9200153044547245
ATCTGCCTCACATAGC-4-3,12,0.8161160562255961
ATCTGCCTCCCAAGTA-4-3,13,0.7003964300318917
ATCTGCCTCCCTCAGT-4-3,13,0.6577794483978785
ATCTGCCTCCCTTGCA-4-3,12,0.9155678812398661
ATCTGCCTCCGCGCAA-4-3,12,0.9162027411711248
ATCTGCCTCGACAGCC-4-3,12,0.8623693639738627
ATCTGCCTCGCAAGCC-4-3,12,0.871361478319331
ATCTGCCTCGCGTAGC-4-3,12,0.8522443680414535
ATCTGCCTCTAACTGG-4-3,12,0.8809627712245836
ATGAGGGAGAGCCTAG-4-3,12,0.8833123571150638
ATGAGGGCATACTCTT-4-3,12,0.9125236242746689
ATGAGGGTCTATCCCG-4-3,12,0.8908292417939738
ATGCGATAGACACGAC-4-3,12,0.9155585958552976
ATGCGATTCAAACAAG-4-3,12,0.8607885983491699
ATGCGATTCAAGAAGT-4-3,13,0.4602999454850742
ATGCGATTCACTGGGC-4-3,12,0.9192312900331483
ATGCGATTCATGTAGC-4-3,12,0.9162055263055973
ATGCGATTCTGTTTGT-4-3,12,0.9139567610898012
ATGGGAGAGCCGCCTA-4-3,12,0.902204548350267
ATGGGAGAGTACACCT-4-3,12,0.911929142920764
ATGTGTGAGGATGTAT-4-3,12,0.8813945031823972
ATGTGTGAGGCAAAGA-4-3,12,0.900031346915746
ATGTGTGGTAGCGTGA-4-3,13,0.6695421801909212
ATGTGTGGTGAGGGAG-4-3,12,0.8476582638160453
ATTACTCAGTCTCCTC-4-3,12,0.9126396179018125
ATTACTCCAGGGATTG-4-3,12,0.8954830848000637
ATTATCCGTACCGCTG-4-3,12,0.9451414846443825
ATTATCCGTCGCGTGT-4-3,13,0.7388071719248958
ATTATCCGTCTACCTC-4-3,12,0.8413131372544789
ATTATCCGTGCGAAAC-4-3,12,0.8244945944889173
ATTCTACCACAGGCCT-4-3,12,0.9157158393015925
ATTCTACGTGACTCAT-4-3,12,0.9137716875920329
ATTCTACGTGCTCTTC-4-3,12,0.9215615555455959
ATTGGACAGAGGGATA-4-3,12,0.8685858902975729
ATTGGACAGCCGATTT-4-3,12,0.9182842385195584
ATTGGACGTACGCACC-4-3,12,0.9136193772133431
ATTGGACGTAGGACAC-4-3,12,0.8744412916357064
ATTGGACGTTCCTCCA-4-3,12,0.9173032879367684
ATTGGACTCTACGAGT-4-3,12,0.9600838057238222
ATTGGACTCTTCATGT-4-3,12,0.8794386761927697
ATTGGTGAGAGCAATT-4-3,12,0.9018361641967666
ATTGGTGAGGAGTAGA-4-3,13,0.4432660529160199
ATTTCTGAGCTAGCCC-4-3,13,0.7748028558384711
ATTTCTGGTAGCGTGA-4-3,12,0.8254595384669556
ATTTCTGGTTAAGTAG-4-3,12,0.9138212641726817
CAACCAACATTCGACA-4-3,12,0.9066950762499845
CAACCAAGTTCCACGG-4-3,12,0.9636625353736211
CAACCTCAGCGTTTAC-4-3,12,0.8834593875235603
CAACCTCTCATCGCTC-4-3,12,0.8497661167548723
CAACCTCTCCACGTTC-4-3,12,0.88784013743621
CAACTAGCAGACGCAA-4-3,12,0.86095870643814
CAACTAGTCGAATGCT-4-3,12,0.9218100959088944
CAACTAGTCGCCTGAG-4-3,12,0.9336745375822469
CAAGAAACACCAGGTC-4-3,12,0.9134179599451068
CAAGAAACACGCTTTC-4-3,12,0.8149181353352813
CAAGAAAGTCCGTGAC-4-3,12,0.850367000730239
CAAGATCCACGGCTAC-4-3,12,0.9084923527409966
CAAGATCCAGCTCGCA-4-3,13,0.7091313606678512
CAAGATCCATATACGC-4-3,12,0.9012190057607653
CAAGATCGTAGCGTCC-4-3,12,0.8271309276371855
CAAGGCCCAGGAACGT-4-3,12,0.8454476904282343
CAAGGCCTCATCGCTC-4-3,13,0.7753329726219286
CAAGTTGAGGCATTGG-4-3,12,0.8950186043970227
CAAGTTGCAGCCAATT-4-3,12,0.9214715856261468
CAAGTTGGTTTCGCTC-4-3,13,0.5655483684264465
CAAGTTGTCTCTAAGG-4-3,13,0.6138693868685896
CACAAACAGACAAAGG-4-3,12,0.8523356079947957
CACAAACAGATGCCAG-4-3,12,0.9152090165769332
CACAAACCAACTGGCC-4-3,12,0.9994102303526824
CACAAACGTCTTTCAT-4-3,12,0.8443014597324612
CACAAACGTGCAGTAG-4-3,12,0.8518896875870714
CACAAACGTTCTGAAC-4-3,12,0.8523515631381181
CACACAAAGTGGGATC-4-3,12,0.8139235263900527
CACACAAGTAGGCATG-4-3,12,0.9222097078896694
CACACAATCACGCATA-4-3,12,0.9869813464966932
CACACAATCAGTCCCT-4-3,12,0.9705366806154818
CACACCTAGAAACCTA-4-3,12,0.921036815007558
CACACCTAGCTACCGC-4-3,12,0.9219646817539519
CACACCTCACGAAATA-4-3,12,0.8715340064411136
CACACCTCACGCCAGT-4-3,12,0.9426561255621023
CACACCTGTTAAAGAC-4-3,12,0.9186835681045283
CACACCTTCTAACTTC-4-3,12,0.9380862341728791
CACACCTTCTGAAAGA-4-3,12,0.8773336506025862
CACACTCAGCGATATA-4-3,12,0.9080575739216347
CACACTCCAAGCCGCT-4-3,12,0.9337872610695163
CACACTCCACCGAATT-4-3,13,0.45653212538289467
CACACTCGTACCGAGA-4-3,12,0.9167336230946399
CACACTCGTTCAACCA-4-3,12,0.9215414213164582
CACACTCTCAGCGATT-4-3,12,0.9445513668747193
CACACTCTCTCGCATC-4-3,12,0.8549738767212083
CACAGGCAGACCGGAT-4-3,12,0.8862990297171309
CACAGGCAGTGGCACA-4-3,12,0.907281930999285
CACAGGCCAGCTCGCA-4-3,12,0.9610400895105395
CACAGGCGTGACGGTA-4-3,12,0.8969373075430735
CACAGGCGTGGACGAT-4-3,12,0.9158128342688763
CACAGTAAGGAGTTGC-4-3,12,0.8343844929838415
CACAGTAGTCCGCTGA-4-3,13,0.49560475891313444
CACAGTATCCACGAAT-4-3,12,0.9137090022129182
CACATAGAGTGCCATT-4-3,12,0.8508081009181792
CACATAGGTGACTACT-4-3,12,0.910595650148611
CACATAGGTGGCGAAT-4-3,12,0.8244028781155402
CACATTTAGTACGCGA-4-3,12,0.9074092460513473
CACATTTCACGCCAGT-4-3,12,0.9324140325772066
CACATTTGTCGAGTTT-4-3,12,0.95613716008285
CACATTTGTCTTCGTC-4-3,12,0.8660670583472297
CACATTTTCATTCACT-4-3,12,0.9133851442478028
CACCACTAGAAACGCC-4-3,13,0.7945062894953451
CACCACTAGGTCGGAT-4-3,13,0.784399294170536
CACCACTCATCACGAT-4-3,12,0.8316109083635294
CACCACTGTGCCTGGT-4-3,13,0.5291459800995036
CACCACTTCGTAGGTT-4-3,12,0.9136367987836064
CACCAGGCACGAGGTA-4-3,13,0.6256863736965197
CACCAGGCACTGTGTA-4-3,13,0.7118866555453319
CACCAGGGTGCGGTAA-4-3,12,0.9648817405679512
CACCAGGGTTCCACGG-4-3,13,0.6937794358577467
CACCAGGTCAACACAC-4-3,12,0.9059028244120922
CACCTTGCAAACTGCT-4-3,12,0.9154406253560495
CACCTTGGTCTGGAGA-4-3,12,0.8832687102522158
CACCTTGTCCACGCAG-4-3,12,0.8587587115524535
CACCTTGTCGACCAGC-4-3,12,0.9088885727965049
CACTCCACAGGCTGAA-4-3,12,0.8692688090961783
CACTCCAGTATTCGTG-4-3,12,0.9383128183842857
CAGAATCAGTGACTCT-4-3,12,0.8464136821118169
CAGAATCGTAACGCGA-4-3,12,0.8479682802794145
CAGAGAGAGGCTAGCA-4-3,12,0.9155516045286992
CAGAGAGCAACGCACC-4-3,12,0.9409598692195282
CAGAGAGCAGTGGGAT-4-3,13,0.6703349097218888
CAGAGAGTCATCGATG-4-3,12,0.9153695861950399
CAGATCAAGGTAAACT-4-3,12,0.8499044144648045
CAGATCACAGACACTT-4-3,12,0.9300992051450985
CAGATCAGTTAAGACA-4-3,12,0.8277007662315669
CAGATCATCCTATGTT-4-3,12,0.9473201005259086
CAGCAGCGTGAAATCA-4-3,12,0.9975424728799616
CAGCAGCTCAACACTG-4-3,12,0.8995147011360156
CAGCAGCTCCACTCCA-4-3,12,0.9552680696289522
CAGCATAAGTCCTCCT-4-3,13,0.3558184471022932
CAGCATACAGGTTTCA-4-3,12,0.9102524882947857
CAGCATAGTCAACATC-4-3,12,0.9358979529486703
CAGCATAGTGAGGCTA-4-3,12,0.9157608476636866
CAGCATATCGGCTACG-4-3,12,0.8412777405115506
CAGCCGAAGTGCTGCC-4-3,12,0.9170423489880044
CAGCCGACAAACTGTC-4-3,12,0.8443584800297932
CAGCCGACAGATCGGA-4-3,13,0.7645609453616341
CAGCCGAGTTCAACCA-4-3,12,0.9148271223950615
CAGCGACAGCACCGTC-4-3,12,0.8449792529039151
CAGCGACCACGCTTTC-4-3,12,0.8867373621470575
CAGCGACCAGTCAGAG-4-3,12,0.9262490549409669
CAGCGACGTCCGAACC-4-3,13,0.7767664030659666
CAGCGACGTCCGTCAG-4-3,12,0.8831102579594221
CAGCGACGTCTCGTTC-4-3,12,0.9452415842168981
CAGCTAAAGAGAGCTC-4-3,13,0.5218948204232852
CAGCTAAAGGAATTAC-4-3,13,0.7659235759108006
CAGCTAACAGATCCAT-4-3,12,0.8832730766690076
CAGCTAATCGTCCGTT-4-3,12,0.8488752721817802
CAGCTGGAGTGACATA-4-3,12,0.8379934730093148
CAGCTGGAGTGGTAAT-4-3,12,0.9600517110920338
CAGCTGGGTCACCCAG-4-3,12,0.9018551200732673
CAGCTGGGTCACTTCC-4-3,12,0.9119977723753905
CAGCTGGGTGTGGCTC-4-3,12,0.9538294613766367
CAGCTGGTCGGCTTGG-4-3,13,0.30362888303726837
CAGGTGCAGCTTCGCG-4-3,12,0.9152447414416396
CAGTAACGTCATCCCT-4-3,12,0.9157049784495307
CAGTAACTCTGTCAAG-4-3,12,0.8212194314203823
CAGTCCTGTTAAGACA-4-3,13,0.7873185941943373
CATATTCAGCAATCTC-4-3,12,0.9222561491114843
CATATTCCACTCGACG-4-3,12,0.8559486393383804
CATATTCTCTTTAGTC-4-3,12,0.9992666935563815
CATCAAGAGCTTCGCG-4-3,12,0.8836205115789336
CATCAAGGTGAAAGAG-4-3,2,0.9198545020820511
CATCAAGTCCGCAGTG-4-3,12,0.917309305602529
CATCAGAAGCGCCTCA-4-3,3,0.9034611262774471
CATCAGACAAACGTGG-4-3,12,0.876604160253554
CATCAGACAGGACCCT-4-3,12,0.9035780084571079
CATCAGAGTAGGCATG-4-3,12,0.8539379627572963
CATCAGATCATACGGT-4-3,12,0.9614206434042826
CATCAGATCCGAACGC-4-3,12,0.9497115658468551
CATCCACAGGGTATCG-4-3,13,0.6891555084989321
CATCCACCATGCGCAC-4-3,12,0.964397469450607
CATCCACGTTACGGAG-4-3,13,0.5971497785007895
CATCGAACAAGGGTCA-4-3,12,0.8383472704361163
CATCGGGCAGAGCCAA-4-3,13,0.7987494781150292
CATCGGGGTCTAAAGA-4-3,12,0.8481970776758463
CATCGGGGTGAAGGCT-4-3,12,0.8316458887642515
CATCGGGTCAGAGCTT-4-3,12,0.9171019009403741
CATGACAAGATAGCAT-4-3,12,0.896851364734263
CATGACACACCAGCAC-4-3,12,0.9682987850484084
CATGACATCTATCCTA-4-3,12,0.8218120634766307
CATGCCTAGTTCCACA-4-3,13,0.5480614399673197
CATGCCTTCATAAAGG-4-3,12,0.9106103031362106
CATGGCGAGCACGCCT-4-3,12,0.961659537746002
CATGGCGAGGCCCTTG-4-3,12,0.9916828219274163
CATGGCGCATGCGCAC-4-3,12,0.8313913552029532
CATGGCGGTCTGCCAG-4-3,12,0.9453213625462372
CATTATCAGATCGATA-4-3,12,0.9487910803752854
CATTATCGTCCCTACT-4-3,12,0.8255294849297077
CATTATCTCCCGACTT-4-3,12,0.864083608532565
CATTCGCCATGAAGTA-4-3,12,0.9996848914269741
CATTCGCTCATGTAGC-4-3,13,0.43490689961042067
CATTCGCTCGAACGGA-4-3,12,0.9357211321125017
CCAATCCCACACAGAG-4-3,12,0.9488268729127967
CCAATCCCATCGATGT-4-3,3,0.9329909783645748
CCAATCCTCTTCCTTC-4-3,12,0.9622649988455882
CCACCTACAAACCCAT-4-3,12,0.9474342632763175
CCACCTACACGGCGTT-4-3,12,0.8833306980925445
CCACCTACATGGTAGG-4-3,12,0.9610212823008089
CCACCTAGTGCAGACA-4-3,12,0.8929678542255751
CCACCTATCCCGACTT-4-3,12,0.8335259960286889
CCACGGAGTTCATGGT-4-3,12,0.9448864259425221
CCACTACAGAGATGAG-4-3,12,0.9711773077894098
CCAGCGAAGGAGCGTT-4-3,12,0.8750107518674264
CCAGCGATCCTTTCGG-4-3,12,0.86929174340838
CCATTCGGTAAATGTG-4-3,12,0.9405633949345624
CCATTCGGTGCACGAA-4-3,12,0.9165497373887324
CCCAATCCATTACCTT-4-3,12,0.9161805543287064
CCCAATCTCAAGCCTA-4-3,12,0.8936833260156533
CCCAGTTCACAGTCGC-4-3,12,0.9188892528561552
CCCAGTTGTGTTAAGA-4-3,12,0.806729417595024
CCCAGTTGTTTGTGTG-4-3,12,0.9175035233478747
CCCAGTTTCCTCGCAT-4-3,12,0.8521841039337466
CCCAGTTTCGTTACAG-4-3,12,0.9363569409247349
CCCTCCTAGGGAAACA-4-3,12,0.87229826011231
CCCTCCTTCGTACGGC-4-3,12,0.9119622322027674
CCCTCCTTCGTGGACC-4-3,12,0.9030512880094458
CCCTCCTTCTATCCTA-4-3,12,0.8569609479837755
CCGGGATCAGACGCTC-4-3,13,0.7991191279764839
CCGGGATGTCTAAACC-4-3,12,0.8575768388338574
CCGGGATTCGTACGGC-4-3,12,0.9221394398815453
CCGGTAGCAGCTCGCA-4-3,12,0.9921485487177119
CCGGTAGTCAGCTCTC-4-3,12,0.9060685669171982
CCGGTAGTCATTATCC-4-3,12,0.9584036814481403
CCGGTAGTCTTCTGGC-4-3,12,0.9059495165198783
CCGTACTCAGCCACCA-4-3,12,0.8557109747289621
CCGTACTGTGGTGTAG-4-3,12,0.8528596488102338
CCGTGGAAGTTAAGTG-4-3,12,0.8885874145074723
CCGTTCAAGATCGGGT-4-3,12,0.8545689816360312
CCGTTCAAGTGAATTG-4-3,12,0.8366779180533641
CCGTTCACATAGAAAC-4-3,13,0.5800733592416907
CCGTTCAGTTACGCGC-4-3,12,0.9089291595110647
CCTACACAGACAGAGA-4-3,12,0.9990425276630902
CCTACACAGAGCTGCA-4-3,12,0.9427474459352216
CCTACACGTCGTTGTA-4-3,12,0.9039021690047946
CCTACACTCACGATGT-4-3,12,0.9035959410960833
CCTACACTCAGTTAGC-4-3,12,0.836045026448623
CCTACCAAGAGGTAGA-4-3,12,0.8762784721959904
CCTACCAGTCTAGCGC-4-3,13,0.3691249337109656
CCTACCATCCTTTACA-4-3,12,0.9098695443445597
CCTAGCTAGCCTCGTG-4-3,12,0.9638159104705007
CCTAGCTAGCTGTCTA-4-3,12,0.9134982829255228
CCTAGCTCAGCTCGCA-4-3,12,0.8493963331056722
CCTAGCTGTACATCCA-4-3,12,0.9543497591706985
CCTATTACAAGTCATC-4-3,12,0.8833410700903691
CCTATTACACCGAAAG-4-3,12,0.8114517199817097
CCTATTACACGAAATA-4-3,12,0.8482940389993956
CCTATTACAGGCAGTA-4-3,13,0.4666006428878655
CCTATTACATCTATGG-4-3,13,0.6245652848405604
CCTATTATCCTTCAAT-4-3,13,0.5843784324510096
CCTCAGTCAACACCTA-4-3,12,0.9635006941459621
CCTCAGTCAAGTCTAC-4-3,12,0.9113163884472305
CCTCAGTGTCCGAGTC-4-3,12,0.8796019666003311
CCTCTGAAGCACGCCT-4-3,12,0.8725449922328142
CCTCTGAAGGCCCTCA-4-3,12,0.8973560414884897
CCTCTGACATGCCTAA-4-3,12,0.9177569732997174
CCTCTGAGTTCGCTAA-4-3,12,0.9050442783239022
CCTCTGATCCGATATG-4-3,12,0.9102465458357138
CCTCTGATCTGCTGTC-4-3,12,0.8013706068399364
CCTTACGAGAATCTCC-4-3,12,0.8501390027053457
CCTTACGTCAGAGGTG-4-3,12,0.8974232908389999
CCTTACGTCCTAGGGC-4-3,12,0.9676788679867855
CCTTCCCAGCCGATTT-4-3,12,0.9128013088165243
CCTTCCCCATGACGGA-4-3,12,0.8510559994598227
CCTTCCCGTTACCAGT-4-3,12,0.8511331698569045
CCTTCCCTCATGTAGC-4-3,12,0.883088045168036
CCTTCGAAGACTAGAT-4-3,12,0.9089666518592295
CCTTCGAAGTGTACGG-4-3,13,0.7713260370338288
CCTTCGACAGCGTTCG-4-3,12,0.9075779444357612
CCTTCGACATGCCTAA-4-3,12,0.9181376457820714
CCTTCGACATTATCTC-4-3,12,0.9029069682152726
CCTTCGAGTAATCACC-4-3,13,0.4289557842138013
CCTTCGAGTCTCATCC-4-3,12,0.9020228497769892
CCTTCGATCTATGTGG-4-3,12,0.8411590969552981
CCTTTCTAGCACCGCT-4-3,12,0.8826997019156109
CCTTTCTCAGTTTACG-4-3,12,0.9081001600175325
CCTTTCTGTATTACCG-4-3,13,0.6829790521251936
CCTTTCTTCTTGCATT-4-3,12,0.915192902072353
CGAACATGTATCAGTC-4-3,12,0.9160569722389116
CGAACATTCGGCTTGG-4-3,13,0.6102283902123528
CGAATGTAGACTGTAA-4-3,12,0.8956857213466058
CGAATGTCACAGGCCT-4-3,13,0.7091119742180801
CGAATGTTCTGAGTGT-4-3,12,0.8214358570449114
CGACCTTAGGGCTTGA-4-3,12,0.8434180079061602
CGACCTTCAAGCGATG-4-3,12,0.9341045703276465
CGACCTTGTTTACTCT-4-3,12,0.9546452123904186
CGACTTCAGATACACA-4-3,12,0.8982816470418404
CGACTTCAGCGAAGGG-4-3,12,0.9125481983926532
CGAGAAGCAATGAAAC-4-3,12,0.9177318307409111
CGAGAAGCACCAGTTA-4-3,13,0.5379985042729425
CGAGAAGCATACAGCT-4-3,13,0.5683507804342776
CGAGAAGGTAGCACGA-4-3,12,0.8456474521722627
CGAGAAGTCTACCTGC-4-3,12,0.9334998053612724
CGAGCACCACCGTTGG-4-3,12,0.9070308456149871
CGAGCACGTGATAAAC-4-3,12,0.8828674969926724
CGAGCCAGTTGATTCG-4-3,12,0.9002201444580606
CGATCGGCACTACAGT-4-3,12,0.8956953209789946
CGATCGGGTTCTGAAC-4-3,12,0.9610496763530041
CGATGGCAGACTAGGC-4-3,12,0.9154283487896822
CGATGGCAGCAATCTC-4-3,12,0.9101781826947158
CGATGGCAGGACAGAA-4-3,12,0.8502309719680343
CGATGGCCACCCATGG-4-3,12,0.8739411512255456
CGATGGCGTATATGGA-4-3,12,0.9129312187155891
CGATGGCGTCAGAAGC-4-3,12,0.8533599626190935
CGATGGCTCCCTGACT-4-3,13,0.794931431996563
CGATGGCTCGATCCCT-4-3,12,0.969006563475591
CGATGGCTCGTCGTTC-4-3,12,0.918074490319635
CGATGTAAGAGGTTAT-4-3,12,0.8065337025102067
CGATGTAAGGAATGGA-4-3,12,0.9806301900840612
CGATGTAAGGCCCTCA-4-3,12,0.9601595921543017
CGATGTAAGTACGACG-4-3,13,0.7369316074760686
CGATGTAGTGGGTATG-4-3,12,0.9620467421394465
CGATGTATCCGCGGTA-4-3,12,0.9491087474486524
CGATTGAAGTGAACAT-4-3,12,0.9269951337081968
CGATTGACAGAGCCAA-4-3,12,0.9396448897005587
CGATTGACAGCCTTTC-4-3,13,0.5985097653419492
CGATTGATCCTCAACC-4-3,12,0.8696213792864963
CGCCAAGCATCGATTG-4-3,12,0.9063374246283403
CGCCAAGGTTAGAACA-4-3,12,0.9114188501692719
CGCCAAGTCATGCATG-4-3,12,0.9690178710641693
CGCCAAGTCGGCATCG-4-3,12,0.8880854071101622
CGCGGTAAGAAACGCC-4-3,12,0.9995282775270409
CGCGGTAGTTACAGAA-4-3,12,0.9095021407596648
CGCGTTTGTGCCTGTG-4-3,12,0.8835595585305146
CGCGTTTTCAGGCAAG-4-3,12,0.9154377256112362
CGCTATCCAGCGATCC-4-3,13,0.49894921516511015
CGCTATCGTAGAGTGC-4-3,12,0.9666520791949577
CGCTATCTCCTTTCGG-4-3,12,0.8279105716300021
CGCTATCTCGTGTAGT-4-3,12,0.8832045285918532
CGCTGGAAGGTTACCT-4-3,12,0.9135736863483153
CGCTGGAAGTAGTGCG-4-3,12,0.9491159051477084
CGCTGGACAAAGTCAA-4-3,12,0.9109943160946645
CGCTGGACACGTAAGG-4-3,12,0.913045033218744
CGCTGGAGTACCGAGA-4-3,12,0.9262584343875839
CGCTGGAGTTGGGACA-4-3,13,0.7197117828630222
CGCTGGATCTGCAAGT-4-3,4,0.9941742825301093
CGCTTCAAGGAATTAC-4-3,12,0.9443003300069862
CGCTTCACAAGAAAGG-4-3,12,0.9222509736806329
CGCTTCACACCGATAT-4-3,12,0.9604512465661899
CGCTTCACATATGGTC-4-3,12,0.8476456544331445
CGCTTCAGTACAGCAG-4-3,13,0.5956138234289722
CGCTTCATCAGCGACC-4-3,12,0.9401250158707547
CGCTTCATCGGCATCG-4-3,12,0.999249506110666
CGGACACAGGCATGTG-4-3,12,0.8039523360379994
CGGACACCAAGCGCTC-4-3,12,0.8796406433413716
CGGACACCAAGCTGGA-4-3,13,0.7699841358911328
CGGACACGTCATCCCT-4-3,12,0.8473759477406909
CGGACACGTGGTCTCG-4-3,12,0.8666448095335753
CGGACACTCCGTTGTC-4-3,13,0.7963528122038481
CGGACACTCGGTCTAA-4-3,12,0.92006837427952
CGGACGTGTCTACCTC-4-3,12,0.9150702323923809
CGGACGTGTCTGCGGT-4-3,13,0.7370099688440727
CGGACTGAGCTAGCCC-4-3,12,0.8907711013234627
CGGACTGAGGCACATG-4-3,12,0.9639162985977462
CGGACTGCATTACCTT-4-3,12,0.9157971863459085
CGGACTGTCCGCAAGC-4-3,12,0.9997851587992599
CGGAGCTAGGATGCGT-4-3,12,0.9410924734520281
CGGAGCTCAATCCGAT-4-3,12,0.8710613295790676
CGGAGCTCATCGGACC-4-3,13,0.569495466835499
CGGAGCTGTTAAGATG-4-3,12,0.8359734380469079
CGGAGCTTCTTTACAC-4-3,12,0.8448525130918081
CGGAGTCCACGCGAAA-4-3,12,0.9152979651952157
CGGCTAGAGATCACGG-4-3,3,0.8569409109238463
CGGCTAGAGCTAAACA-4-3,12,0.8816080613169676
CGGCTAGAGTACGATA-4-3,12,0.8449246934233796
CGGCTAGGTTGTCGCG-4-3,12,0.8932218576917281
CGGGTCAAGCATGGCA-4-3,12,0.8580020532988324
CGGGTCAAGCTCCTTC-4-3,12,0.8824230027769949
CGGGTCACAGCTGCTG-4-3,13,0.5374238496232658
CGGGTCATCCTGCTTG-4-3,12,0.8658214197860884
CGGGTCATCTCCAGGG-4-3,12,0.8425335052264883
CGGTTAAAGCCCAACC-4-3,12,0.9216718447576846
CGGTTAACACGAAAGC-4-3,12,0.84331125943804
CGTAGCGCAGGGATTG-4-3,13,0.7848452752326618
CGTAGCGCATCCAACA-4-3,12,0.9921489577482391
CGTAGCGGTATCACCA-4-3,12,0.9365454866999556
CGTAGCGGTCGCGTGT-4-3,12,0.9136466661109057
CGTAGCGGTTGCCTCT-4-3,12,0.9113877163667401
CGTAGCGTCTGTCTCG-4-3,12,0.9176527978515064
CGTAGGCGTGACGGTA-4-3,12,0.9385249056138733
CGTAGGCGTTGATTGC-4-3,12,0.8550899367364349
CGTCACTAGCATGGCA-4-3,12,0.9520128180972603
CGTCACTAGTAGGTGC-4-3,12,0.9058777834145596
CGTCACTCATGCTGGC-4-3,12,0.9645159599231481
CGTCACTGTCAGAAGC-4-3,13,0.6079157635163254
CGTCACTTCACAACGT-4-3,12,0.9148714353768052
CGTCAGGAGTGTGAAT-4-3,13,0.5245966139232966
CGTCAGGCAGGATCGA-4-3,12,0.9598758387702209
CGTCAGGCATGATCCA-4-3,12,0.9116900233105794
CGTCAGGTCAGGATCT-4-3,12,0.9492090951228194
CGTCCATAGAGTCGGT-4-3,12,0.8807897137588627
CGTCCATAGTACGCGA-4-3,13,0.6923986546553079
CGTCCATAGTTAGGTA-4-3,12,0.9217483411292894
CGTCCATCAAGCCGCT-4-3,12,0.913529423842277
CGTCCATCACGTGAGA-4-3,12,0.8174690645707932
CGTCCATGTGCGGTAA-4-3,13,0.49693290762727765
CGTCTACAGATCCTGT-4-3,13,0.6835703779726121
CGTCTACAGCTAGGCA-4-3,12,0.9550119010607111
CGTCTACAGTCAAGGC-4-3,13,0.6782453678340933
CGTCTACAGTGGAGAA-4-3,12,0.9642729852813243
CGTCTACCATGAACCT-4-3,12,0.8231867805423857
CGTCTACGTGCTGTAT-4-3,12,0.8063428595105434
CGTCTACGTTCGGGCT-4-3,12,0.9061291566954374
CGTCTACTCCGCGCAA-4-3,12,0.9868496167982932
CGTCTACTCCTCATTA-4-3,12,0.9406479408775343
CGTGAGCCACATAACC-4-3,12,0.9027880512656269
CGTGAGCGTCTCGTTC-4-3,12,0.8947499139758315
CGTGAGCGTGATAAGT-4-3,13,0.5935248640575065
CGTGAGCTCGGTCCGA-4-3,12,0.9116766066982401
CGTGTAAAGATGTAAC-4-3,13,0.7487224420299082
CGTGTAAAGTGCCAGA-4-3,12,0.9123266576189372
CGTGTAACAGGCGATA-4-3,12,0.8795199757004026
CGTGTAAGTCTCCACT-4-3,12,0.9079803372516463
CGTGTAAGTGCACGAA-4-3,12,0.9195534530455222
CGTGTCTAGAAACGCC-4-3,12,0.915245502246966
CGTGTCTGTTACGTCA-4-3,12,0.9061156663129152
CGTGTCTTCTCGATGA-4-3,12,0.8399954979691114
CGTGTCTTCTTACCTA-4-3,12,0.9652015804928008
CGTTAGAAGCTCCTTC-4-3,12,0.9115098214975493
CGTTAGATCATAAAGG-4-3,12,0.8465141908263214
CGTTAGATCGGAGGTA-4-3,12,0.8827714712958988
CGTTCTGCATTGGGCC-4-3,12,0.8186978498666483
CGTTCTGGTTAGATGA-4-3,12,0.9067580801800678
CGTTCTGGTTAGTGGG-4-3,13,0.6813188541644485
CGTTCTGGTTGCTCCT-4-3,12,0.9169746953585055
CGTTCTGTCCGCAAGC-4-3,12,0.8997060423756795
CGTTCTGTCTGCGGCA-4-3,12,0.9161583083709892
CGTTGGGAGCCGCCTA-4-3,12,0.8778930144207313
CGTTGGGGTATTACCG-4-3,12,0.9079949901928718
CGTTGGGGTCGCATCG-4-3,13,0.5228711161968751
CTAACTTCAATACGCT-4-3,12,0.8070802481200194
CTAACTTCACCACGTG-4-3,12,0.8484973558272632
CTAACTTCACCGAATT-4-3,12,0.9650394962648846
CTAACTTCAGCTGTTA-4-3,13,0.7123905382861601
CTAACTTGTGCATCTA-4-3,12,0.9704114213411028
CTAACTTGTTAGAACA-4-3,12,0.9660058692622655
CTAAGACCACTCGACG-4-3,12,0.9626289529270868
CTAAGACCAGCCACCA-4-3,12,0.8558075647540571
CTAATGGAGTCTCGGC-4-3,12,0.99939458781905
CTAATGGCACCAGATT-4-3,12,0.8466905831949474
CTAATGGCAGTCAGAG-4-3,12,0.9222008756811731
CTAATGGCATCCTTGC-4-3,12,0.8933044409892573
CTACACCCAATAAGCA-4-3,12,0.8445444525678552
CTACACCGTGTGCGTC-4-3,12,0.9089425151711094
CTACACCGTTCACGGC-4-3,12,0.866318394265758
CTACATTAGTCATGCT-4-3,12,0.8472116644464384
CTACATTAGTGTCCAT-4-3,12,0.8831890365507432
CTACATTGTCTTCTCG-4-3,13,0.4867753883041777
CTACATTTCATATCGG-4-3,12,0.8508921268235999
CTACCCAAGGGAGTAA-4-3,13,0.543033447948358
CTACCCAAGTCAAGGC-4-3,12,0.9642430891947393
CTACCCACACACGCTG-4-3,12,0.9157273550159162
CTACCCAGTATTACCG-4-3,13,0.7864984437370187
CTACCCAGTCGACTGC-4-3,12,0.9022742180871456
CTACGTCAGGCGATAC-4-3,12,0.9121395493041637
CTACGTCCACCACGTG-4-3,12,0.8543513475175529
CTACGTCTCAAACAAG-4-3,12,0.9191049769687369
CTACGTCTCATACGGT-4-3,12,0.9368559912709074
CTAGAGTAGTGAATTG-4-3,12,0.9146348032207304
CTAGAGTCAAGCCCAC-4-3,12,0.9160424289439222
CTAGCCTCAGTGGGAT-4-3,12,0.9454160139454577
CTAGCCTCATTCCTCG-4-3,12,0.9082289059026541
CTAGTGAAGCGAGAAA-4-3,12,0.8827979675671238
CTAGTGAGTAGCCTAT-4-3,13,0.7738147272506415
CTAGTGAGTCATCCCT-4-3,13,0.49257310516581304
CTAGTGAGTTACTGAC-4-3,13,0.7505385020572491
CTCACACAGGTGGGTT-4-3,12,0.9611605261100684
CTCACACGTAGCGTCC-4-3,13,0.604498254671224
CTCACACGTGAGTGAC-4-3,13,0.6623919819079991
CTCACACGTTGTGGCC-4-3,13,0.6709481817165115
CTCACACTCGAATCCA-4-3,12,0.8967502680047569
CTCACACTCTTGTTTG-4-3,12,0.9474276544491839
CTCAGAAAGATAGTCA-4-3,12,0.9181367297475549
CTCAGAAAGGCATGGT-4-3,12,0.909518342493853
CTCAGAAAGGGCTCTC-4-3,12,0.851142248995627
CTCAGAACATTGGTAC-4-3,12,0.9162651269118856
CTCAGAAGTATCGCAT-4-3,12,0.8979214616733878
CTCAGAAGTGGCCCTA-4-3,12,0.8574171944734695
CTCAGAATCAAAGTAG-4-3,12,0.8679359349999636
CTCAGAATCTTAGCCC-4-3,13,0.3159716824586926
CTCATTAGTAGCGTGA-4-3,12,0.9482159359489541
CTCATTAGTGTGGCTC-4-3,12,0.8558964623026553
CTCATTATCTCCCTGA-4-3,12,0.8531063985861257
CTCATTATCTTTCCTC-4-3,12,0.8665564875995341
CTCCTAGAGTCGTTTG-4-3,12,0.9492525070273283
CTCCTAGCAAAGTGCG-4-3,12,0.9244034117358496
CTCCTAGCAGTGAGTG-4-3,12,0.9135257730235326
CTCCTAGTCCTGTAGA-4-3,12,0.8408800328511019
CTCCTAGTCTCGAGTA-4-3,12,0.8360562232770125
CTCCTAGTCTGAGTGT-4-3,12,0.9121484411364716
CTCGAAACAAACCCAT-4-3,13,0.6948580303432919
CTCGAAAGTCAAACTC-4-3,12,0.8720160694085127
CTCGAAAGTCAGAAGC-4-3,12,0.8545553102089117
CTCGAGGAGGACTGGT-4-3,12,0.8887166010503852
CTCGAGGAGTATGACA-4-3,12,0.9060343667213101
CTCGAGGCAGCCTGTG-4-3,12,0.9129118579879328
CTCGAGGGTACCGCTG-4-3,12,0.920478482658971
CTCGAGGTCTGGAGCC-4-3,12,0.9103956348677839
CTCGGAGAGCATGGCA-4-3,12,0.990081809285496
CTCGGAGTCCAGGGCT-4-3,13,0.3210299935137063
CTCGGAGTCGCCAGCA-4-3,12,0.8575286570820709
CTCGGAGTCGGTCTAA-4-3,12,0.9373936187692148
CTCGGAGTCGGTTAAC-4-3,13,0.6939179977808514
CTCGGGAAGCAGCGTA-4-3,12,0.9713121897078569
CTCGGGAGTTAAAGAC-4-3,12,0.9611514303000943
CTCGGGAGTTCCACTC-4-3,12,0.8984791826554278
CTCGGGATCAACCAAC-4-3,13,0.6662381113087661
CTCGGGATCAGGCAAG-4-3,12,0.9642941546651713
CTCGGGATCAGTACGT-4-3,12,0.8255464837872151
CTCGTACCAATGAATG-4-3,12,0.9167578011541305
CTCGTACGTAACGTTC-4-3,12,0.895689243415695
CTCGTACGTCTCAACA-4-3,13,0.775059176761303
CTCGTACTCAACACTG-4-3,12,0.9180933843528599
CTCGTCACAAGCCATT-4-3,13,0.54194003874953
CTCGTCACATTCGACA-4-3,13,0.5827428389029967
CTCGTCAGTACATGTC-4-3,12,0.916515184647626
CTCGTCAGTCGAACAG-4-3,12,0.8930508870920273
CTCTAATAGGCACATG-4-3,12,0.8572207764606318
CTCTAATTCACCGGGT-4-3,12,0.9626178381261394
CTCTAATTCCTGTACC-4-3,12,0.9592695766558539
CTCTAATTCTGCGACG-4-3,12,0.8213654496135696
CTCTACGAGTTGTAGA-4-3,12,0.9153504208003348
CTCTACGCAATGAATG-4-3,2,0.999022470641432
CTCTACGTCTCGATGA-4-3,12,0.9199014478408432
CTCTGGTAGTCGTACT-4-3,12,0.9168899357516743
CTCTGGTAGTGTTAGA-4-3,12,0.8981874481781624
CTCTGGTCAGTAAGAT-4-3,12,0.9107952261267058
CTCTGGTTCAGGTTCA-4-3,12,0.8707466455046413
CTCTGGTTCATCTGCC-4-3,13,0.7213853732334686
CTCTGGTTCCTGCAGG-4-3,12,0.8986129431129737
CTCTGGTTCGAACTGT-4-3,12,0.9525863529168751
CTGAAACAGATATGCA-4-3,12,0.94792022925008
CTGAAACTCGCCCTTA-4-3,12,0.8782830888031395
CTGAAACTCTGTACGA-4-3,12,0.9821550967964238
CTGAAGTAGGGTTCCC-4-3,12,0.8358841528966433
CTGAAGTAGTGGGTTG-4-3,12,0.8108495845886834
CTGAAGTCATGATCCA-4-3,13,0.7077458197028884
CTGAAGTGTGTGGTTT-4-3,12,0.9454722572691786
CTGAAGTTCCACGAAT-4-3,12,0.9994952577698362
CTGATAGAGACAGAGA-4-3,12,0.8522640163381064
CTGATAGAGGTGGGTT-4-3,12,0.9147474831680994
CTGATAGCAGAAGCAC-4-3,12,0.912861001395646
CTGATAGCATCGTCGG-4-3,12,0.9139717523844355
CTGATCCAGCGCTCCA-4-3,12,0.9562158699892552
CTGATCCCAACACCCG-4-3,12,0.9491807565285328
CTGATCCGTACCGTTA-4-3,12,0.9020229241333315
CTGATCCTCATTATCC-4-3,12,0.9706223721774715
CTGCCTAAGTTTCCTT-4-3,12,0.8164086450232968
CTGCCTACAGCATGAG-4-3,13,0.5839816873678055
CTGCCTACATGTCCTC-4-3,12,0.838337256987163
CTGCCTAGTCTAGTGT-4-3,13,0.40422006850870307
CTGCCTATCAACACAC-4-3,12,0.9040166233750915
CTGCCTATCAATCTCT-4-3,12,0.904766056476097
CTGCCTATCATGCTCC-4-3,12,0.9410155425809636
CTGCGGATCACGATGT-4-3,12,0.8242312769097724
CTGCGGATCCCATTAT-4-3,12,0.9951214123499605
CTGCTGTAGGCATGGT-4-3,12,0.9100353758866467
CTGCTGTAGTGGACGT-4-3,12,0.917911386212393
CTGCTGTCAAGCCTAT-4-3,12,0.8641761020590171
CTGGTCTAGGGAACGG-4-3,12,0.8240721159375658
CTGGTCTAGGTGCACA-4-3,12,0.9108785828614889
CTGGTCTAGTGTCCCG-4-3,12,0.9152882602797743
CTGGTCTGTAGCCTAT-4-3,12,0.961512518835332
CTGGTCTGTGCTGTAT-4-3,12,0.906712837351335
CTGGTCTGTTCGTGAT-4-3,12,0.8337832986855466
CTGGTCTTCAGCACAT-4-3,12,0.9388368691958918
CTGTGCTCAAGCGAGT-4-3,12,0.807139572066475
CTGTGCTCATCTGGTA-4-3,12,0.9124041316291966
CTGTGCTGTAAACCTC-4-3,12,0.8835393495936485
CTGTGCTGTAAGGATT-4-3,12,0.8980705071917742
CTGTGCTTCGGCGGTT-4-3,12,0.8378820099423718
CTGTTTACAACTGCTA-4-3,12,0.9008080129232431
CTGTTTACAAGGTTTC-4-3,12,0.8916486962267911
CTGTTTACATTGGCGC-4-3,12,0.9056887831793219
CTGTTTATCAGATAAG-4-3,12,0.8844923530971116
CTGTTTATCAGTTGAC-4-3,12,0.8562763886669343
CTGTTTATCCCTAACC-4-3,13,0.7725570916884046
CTTAACTTCTCCCTGA-4-3,12,0.9638116311479488
CTTACCGAGACATAAC-4-3,12,0.9702719081909725
CTTACCGAGTGGTAAT-4-3,12,0.9196231128748817
CTTACCGCAGCCTTTC-4-3,12,0.9210636152171521
CTTACCGCAGTAAGAT-4-3,12,0.9164039759909001
CTTACCGGTCCATGAT-4-3,12,0.94826468722027
CTTAGGACAATGTAAG-4-3,12,0.8160685177276007
CTTAGGAGTCTCTCTG-4-3,13,0.6253358858583258
CTTAGGATCTCAAGTG-4-3,12,0.9023428536472737
CTTCTCTCACACATGT-4-3,12,0.8500295558778931
CTTCTCTCAGACGCCT-4-3,12,0.9392240242395844
CTTCTCTTCACTATTC-4-3,12,0.9979374817806621
CTTCTCTTCAGCATGT-4-3,12,0.83575524919536
CTTGGCTCAATCTACG-4-3,12,0.9494983937847029
CTTTGCGAGCGTAGTG-4-3,12,0.9404567803465717
CTTTGCGAGCTTCGCG-4-3,12,0.9108655436165725
CTTTGCGCAAGTAGTA-4-3,12,0.9108842552895122
CTTTGCGTCAACGAAA-4-3,12,0.847441804305995
CTTTGCGTCGCGATCG-4-3,12,0.8437804627612103
GAAACTCAGCTGCCCA-4-3,13,0.7750270903485426
GAAACTCCATGCATGT-4-3,12,0.9686041570934516
GAAACTCGTATAGTAG-4-3,12,0.9175659978834362
GAAACTCTCAAGAAGT-4-3,12,0.9594470373135348
GAAACTCTCTTCCTTC-4-3,12,0.9085218653840802
GAAATGACAATGGATA-4-3,12,0.884010122097772
GAAATGATCATTGCGA-4-3,12,0.8841153528578636
GAACATCAGGTGACCA-4-3,12,0.8345273355612595
GAACATCCATGGTCTA-4-3,12,0.8561784312984547
GAACATCCATTCCTCG-4-3,12,0.9052434114445242
GAACATCGTGTTTGTG-4-3,12,0.8830938399362182
GAACATCTCACTCTTA-4-3,12,0.9182960221699394
GAACCTAAGCCTTGAT-4-3,12,0.9288386998507655
GAACCTAAGTAGTGCG-4-3,13,0.518878611255022
GAACCTAAGTTAGGTA-4-3,12,0.9450182179203003
GAACCTACAAATACAG-4-3,12,0.8924980092743601
GAACCTACACACTGCG-4-3,12,0.9870504629711423
GAACGGAAGCGTGAAC-4-3,12,0.9494906254782469
GAACGGAAGTCATGCT-4-3,13,0.7064000611870923
GAACGGACAATGGAGC-4-3,12,0.9487936205334523
GAACGGAGTTGACGTT-4-3,13,0.7766363832581049
GAAGCAGAGATCTGAA-4-3,12,0.9092253501825344
GAAGCAGCAAACAACA-4-3,12,0.8771585659291972
GAAGCAGGTAAGGGAA-4-3,12,0.9180191916598875
GAATAAGCAAACGCGA-4-3,12,0.9054340872277421
GAATAAGCATAAGACA-4-3,12,0.9114924001153017
GAATGAACAAACCCAT-4-3,12,0.9422782281901233
GAATGAACAAGCCCAC-4-3,12,0.9196161308365005
GAATGAACATTCGACA-4-3,12,0.9041388501466163
GAATGAAGTCAGGACA-4-3,12,0.8491098547516199
GACACGCCAGTCAGAG-4-3,12,0.9710928715264755
GACACGCGTGATGTCT-4-3,12,0.8100585896463555
GACACGCTCAGCTGGC-4-3,12,0.8555443205415058
GACACGCTCGCAGGCT-4-3,12,0.9447677125125672
GACAGAGAGAGGTAGA-4-3,12,0.8412704731066378
GACAGAGAGATACACA-4-3,12,0.8444068738525503
GACAGAGCATTAACCG-4-3,12,0.8945948400145798
GACAGAGGTTTGCATG-4-3,12,0.8043967014328982
GACAGAGTCACCGTAA-4-3,13,0.7552407345686191
GACCAATAGTTGCAGG-4-3,12,0.8985227791074648
GACCAATCAACTTGAC-4-3,12,0.9095587971164308
GACCAATCAGAGTGTG-4-3,12,0.9511182771651315
GACCAATGTCTAGTGT-4-3,12,0.8670027003539946
GACCTGGAGAACTCGG-4-3,13,0.5312121480737159
GACCTGGGTACATGTC-4-3,12,0.8560067961902703
GACCTGGGTAGGCATG-4-3,12,0.8498391345978226
GACCTGGTCTCTAGGA-4-3,12,0.9488545981603227
GACCTGGTCTGGTGTA-4-3,12,0.9672232271833103
GACGCGTAGACTTTCG-4-3,12,0.9095627805611596
GACGCGTAGATGGGTC-4-3,12,0.865138677071677
GACGCGTAGTGCGATG-4-3,12,0.8466231322939671
GACGCGTTCACGACTA-4-3,12,0.9364098269806613
GACGGCTAGCTTTGGT-4-3,12,0.8707971289301804
GACGGCTAGGTACTCT-4-3,13,0.4634845145543335
GACGGCTCAATGTAAG-4-3,12,0.9026307068638215
GACGGCTTCCAGTATG-4-3,12,0.8972268965302871
GACGTGCAGTCTCGGC-4-3,12,0.9005470563172451
GACGTGCGTAGGACAC-4-3,12,0.9428629150365914
GACGTGCGTGCCTGCA-4-3,12,0.9067703918341573
GACGTGCGTTTGACAC-4-3,12,0.9078839963065546
GACGTGCTCGGGAGTA-4-3,12,0.8937960844833074
GACGTGCTCTCGTATT-4-3,12,0.8963431649171969
GACGTTACAAGTAGTA-4-3,13,0.6882804814355309
GACGTTAGTAAAGGAG-4-3,12,0.9376989568684383
GACGTTAGTAAGTGTA-4-3,12,0.8831285413933557
GACGTTAGTGTAATGA-4-3,12,0.9109882778047164
GACGTTAGTTCGCTAA-4-3,12,0.8576287051613425
GACTAACAGAAGGTTT-4-3,12,0.9120003856251125
GACTAACAGTGAACGC-4-3,12,0.9173837727072305
GACTAACCAAAGAATC-4-3,12,0.8414645540078128
GACTAACCATGGAATA-4-3,12,0.9109904210496195
GACTAACTCAGGCCCA-4-3,12,0.8447741547828791
GACTAACTCCTTGCCA-4-3,12,0.914718671681522
GACTAACTCGGCGCAT-4-3,13,0.775384843735238
GACTACAAGCGCTCCA-4-3,13,0.7714707376996983
GACTACACATACCATG-4-3,12,0.9219950360465471
GACTACAGTAGTAGTA-4-3,12,0.8954304435519699
GACTACAGTCGCGAAA-4-3,12,0.9115930988522856
GACTACATCGGAGGTA-4-3,12,0.845070412202028
GACTACATCTTCGAGA-4-3,13,0.6924722996598001
GACTGCGAGCTACCTA-4-3,13,0.6341283522410512
GACTGCGCAGCGATCC-4-3,12,0.9359395226546106
GACTGCGTCGATGAGG-4-3,13,0.7593235366164697
GACTGCGTCTTGTACT-4-3,12,0.9154859167458924
GAGCAGAAGATCGATA-4-3,12,0.9450414642244299
GAGCAGAGTCCGTGAC-4-3,12,0.9224834314182614
GAGCAGATCAGAGGTG-4-3,12,0.9172987127202719
GAGGTGAAGTTAACGA-4-3,12,0.8500660853715503
GAGGTGAGTAAACCTC-4-3,12,0.9214338783002353
GAGGTGATCTCTGAGA-4-3,12,0.9340067393217294
GAGTCCGAGTGTTAGA-4-3,12,0.8789090793838751
GAGTCCGCAAGCGTAG-4-3,13,0.591071226036298
GAGTCCGCACAGCCCA-4-3,12,0.8757443786915605
GAGTCCGGTCATTAGC-4-3,12,0.9184198781231705
GAGTCCGGTTTAGGAA-4-3,12,0.8261791416432962
GAGTCCGTCATTCACT-4-3,12,0.9084605315341033
GAGTCCGTCTGCTGCT-4-3,12,0.9488417755623587
GATCAGTCAGACAAGC-4-3,12,0.92346870964973
GATCAGTGTTCGCTAA-4-3,12,0.9039023261068062
GATCGATCACATTAGC-4-3,12,0.9109589686227754
GATCGATCATATGGTC-4-3,12,0.86534564461311
GATCGATTCCTATTCA-4-3,12,0.8537449630453131
GATCGCGCAAGCCGTC-4-3,12,0.8557309040292133
GATCGCGTCTTGTATC-4-3,12,0.9448084082273162
GATCGTACAACACGCC-4-3,12,0.9133292643893056
GATCGTAGTCGGATCC-4-3,12,0.8529163645904717
GATCGTAGTGTTTGGT-4-3,12,0.8221489552578367
GATCGTAGTTAAGTAG-4-3,12,0.9706364677904326
GATCTAGAGGTTACCT-4-3,12,0.9422786589635768
GATCTAGCAAAGTGCG-4-3,12,0.9116979423252584
GATCTAGCAATCGAAA-4-3,0,0.9262014978834895
GATCTAGCAGTTTACG-4-3,12,0.9398320353405791
GATCTAGGTAAACACA-4-3,12,0.9216877632869603
GATCTAGTCCCACTTG-4-3,13,0.6978620614827235
GATCTAGTCGGAAACG-4-3,12,0.9138344448551322
GATGAAAAGATGTTAG-4-3,12,0.9033406587781017
GATGAAAAGCTTCGCG-4-3,12,0.9490682955768964
GATGAAACAGCGTCCA-4-3,12,0.9019068583235528
GATGAAAGTAAGGATT-4-3,12,0.9116414316786391
GATGAAAGTTCCAACA-4-3,12,0.9062222383574354
GATGAGGAGCTAGGCA-4-3,13,0.6653095481783572
GATGAGGAGGCCCGTT-4-3,12,0.91489239036308
GATGAGGAGTGGGCTA-4-3,12,0.9011692679450839
GATGAGGCAATAGAGT-4-3,12,0.8797735152862584
GATGAGGTCTATCCCG-4-3,13,0.7869810664948981
GATGCTAAGAAACGCC-4-3,12,0.9146416675345578
GATGCTACAATAGCGG-4-3,12,0.944844052842404
GATGCTACAGCGATCC-4-3,12,0.9217491396338632
GATGCTAGTCCGAATT-4-3,13,0.5036131352469906
GATGCTATCACGCATA-4-3,12,0.963491174690381
GATGCTATCCTGTAGA-4-3,12,0.9202103297515319
GATTCAGTCTTTCCTC-4-3,12,0.9052290209308812
GCAAACTCACAACGCC-4-3,12,0.9120595875331077
GCAAACTCAGGGTATG-4-3,12,0.881039243683424
GCAAACTCATGCCTAA-4-3,12,0.9617386026009136
GCAAACTGTAAGAGAG-4-3,12,0.9932527704196443
GCAAACTTCTCATTCA-4-3,13,0.6478825283061398
GCAATCAAGTGGAGTC-4-3,12,0.847962775937891
GCAATCAGTGGTACAG-4-3,12,0.9629528849349525
GCAATCAGTTCCCGAG-4-3,12,0.8743105682646705
GCAATCATCAAACCAC-4-3,12,0.9453500793961608
GCACATACACATGGGA-4-3,12,0.9108681036531503
GCACATAGTAGCTTGT-4-3,12,0.9125342249337813
GCACATATCCGCAGTG-4-3,13,0.7132494481589268
GCACTCTCAAACGTGG-4-3,12,0.8536490316397716
GCAGCCAAGCTAGTGG-4-3,12,0.9057853499795641
GCAGCCACAAGCCCAC-4-3,12,0.9093441298066552
GCAGCCACAAGTTAAG-4-3,12,0.9183714665283088
GCAGCCACACCATGTA-4-3,12,0.8961288360635244
GCAGCCAGTCGCGTGT-4-3,12,0.8792360478957684
GCAGCCATCCCTTGCA-4-3,12,0.9507698876664137
GCAGCCATCTCGCATC-4-3,12,0.834165041228407
GCAGCCATCTCGTATT-4-3,12,0.8222788507240079
GCAGTTAAGCTGCGAA-4-3,12,0.9373615427354266
GCAGTTAAGTGCAAGC-4-3,12,0.9175880967742165
GCAGTTACAGATCCAT-4-3,12,0.8750081462174162
GCAGTTAGTAGGCTGA-4-3,12,0.8026144385439324
GCAGTTAGTTTCGCTC-4-3,12,0.904515433698329
GCATACAAGTAATCCC-4-3,12,0.8433320119035732
GCATGCGAGCGTTGCC-4-3,12,0.8791931675019202
GCATGCGCAATTGCTG-4-3,12,0.9102548856109197
GCATGTAAGCCGATTT-4-3,12,0.8620370220947692
GCATGTAGTAGAGGAA-4-3,12,0.9488233348339364
GCATGTAGTAGCGCTC-4-3,13,0.6634504473091831
GCATGTAGTGTGGCTC-4-3,12,0.9216481823223263
GCATGTATCGGTGTTA-4-3,13,0.65428709210577
GCATGTATCTACTATC-4-3,12,0.8219916485266255
GCCAAATCAGACAAAT-4-3,12,0.9110182376991985
GCCAAATGTAAACGCG-4-3,12,0.9085847292246882
GCCAAATGTGCCTGCA-4-3,12,0.9054051916269622
GCCTCTACAATGAAAC-4-3,12,0.8194810865400117
GCCTCTATCAAGAAGT-4-3,12,0.9139156335232484
GCCTCTATCAGTCAGT-4-3,12,0.9039116822062434
GCCTCTATCCGTCATC-4-3,12,0.8759348079301152
GCCTCTATCTTCGGTC-4-3,13,0.5774947982720137
GCGACCAAGTCGTTTG-4-3,12,0.8999253212928645
GCGACCAGTAGAGGAA-4-3,12,0.9117821919088752
GCGACCAGTATCGCAT-4-3,13,0.754404123166582
GCGACCAGTCGACTGC-4-3,12,0.8934479815379642
GCGACCAGTTACGCGC-4-3,12,0.9166453850228636
GCGAGAAGTGCAACGA-4-3,13,0.7626344322153739
GCGCAACAGGACACCA-4-3,12,0.91264256854716
GCGCAACAGTAGGTGC-4-3,12,0.9184394079104579
GCGCAACCATAGACTC-4-3,12,0.9633416138913345
GCGCAACCATCAGTCA-4-3,12,0.9080589721921628
GCGCAACGTAGGACAC-4-3,12,0.9514980461546141
GCGCAACTCTGTCTAT-4-3,12,0.9377944784098401
GCGCAGTAGGCCCTCA-4-3,13,0.6716320107784148
GCGCAGTAGTCCCACG-4-3,13,0.6772490419126899
GCGCAGTGTATTCTCT-4-3,12,0.9068377856750819
GCGCAGTGTGGCCCTA-4-3,12,0.8802927826888532
GCGCCAACACCAACCG-4-3,12,0.9150636503252291
GCGCCAACACGGCCAT-4-3,12,0.9022369458939976
GCGCCAATCCAAACTG-4-3,12,0.9004047948664536
GCGCCAATCTGAGTGT-4-3,12,0.8312575695634875
GCGCGATCACGAAGCA-4-3,12,0.8942249805988242
GCGCGATCAGTCACTA-4-3,12,0.9057845847288133
GCGGGTTCATTGGCGC-4-3,12,0.9709380012674702
GCGGGTTGTAGCGTCC-4-3,12,0.8498746356612478
GCGGGTTGTCCCTACT-4-3,12,0.915787619076695
GCGGGTTGTTGCGCAC-4-3,12,0.8831047005601876
GCGGGTTTCTAACCGA-4-3,12,0.9415436538197485
GCTCCTAGTGTGAAAT-4-3,12,0.891852590664451
GCTCCTATCAAACGGG-4-3,13,0.5399806071645001
GCTCCTATCCAAGTAC-4-3,12,0.848341501066822
GCTCTGTGTATAAACG-4-3,12,0.9144420044273074
GCTCTGTTCGGACAAG-4-3,12,0.9575563790211338
GCTCTGTTCGTAGGAG-4-3,12,0.9425874210063747
GCTCTGTTCGTCCGTT-4-3,12,0.9119972469529055
GCTCTGTTCTGGTATG-4-3,12,0.8929552817333338
GCTGCAGAGAAGGTGA-4-3,12,0.9925531662212539
GCTGCAGAGGAATGGA-4-3,12,0.917789858378771
GCTGCAGAGTCACGCC-4-3,12,0.9213800635426581
GCTGCAGCAGTTTACG-4-3,12,0.9087914994974117
GCTGCAGCATGACATC-4-3,12,0.9384243829936638
GCTGCAGTCCAAAGTC-4-3,12,0.9491284457677368
GCTGCGAAGGTAAACT-4-3,12,0.9103813673845916
GCTGCGAAGGTGACCA-4-3,12,0.9222000009096285
GCTGCGACACAGACAG-4-3,13,0.7876060936649155
GCTGCGACACAGGAGT-4-3,12,0.9640614982303193
GCTGCGAGTATAAACG-4-3,12,0.8357598708856198
GCTGCTTAGAGGGCTT-4-3,12,0.9991505063230851
GCTGCTTAGTACTTGC-4-3,12,0.9967256573396727
GCTGCTTAGTAGGTGC-4-3,12,0.8842243980917637
GCTGCTTAGTGGTAGC-4-3,12,0.902661533113136
GCTGCTTCATGGATGG-4-3,12,0.9084752920806307
GCTGCTTGTACCCAAT-4-3,12,0.9491175053609308
GCTGCTTGTACCGCTG-4-3,12,0.8870278971171031
GCTGCTTGTAGCGATG-4-3,12,0.9448526317562436
GCTGCTTGTATGCTTG-4-3,12,0.909516742153772
GCTGGGTAGAAACCTA-4-3,12,0.9460589584240067
GCTGGGTAGTAACCCT-4-3,12,0.9125517108813828
GCTGGGTAGTGACATA-4-3,13,0.5481833621522637
GCTGGGTCAAGCCCAC-4-3,12,0.8383867667712429
GCTGGGTGTTCGTCTC-4-3,13,0.7040670045238
GCTGGGTTCTTGAGAC-4-3,12,0.8547974857156241
GCTTCCACATGCCCGA-4-3,13,0.7538660803351372
GCTTCCATCTCAACTT-4-3,13,0.7140794153053142
GCTTGAAAGCTGCAAG-4-3,12,0.9429938463945929
GCTTGAAAGTCCGGTC-4-3,13,0.453763556774589
GCTTGAAAGTGAAGAG-4-3,12,0.9567341908139352
GCTTGAACACCCAGTG-4-3,12,0.9208491282185153
GCTTGAAGTATATGAG-4-3,13,0.7968790960431162
GCTTGAAGTGCACTTA-4-3,13,0.7422273258278281
GCTTGAATCGTTACAG-4-3,12,0.9993223518367416
GCTTGAATCTGAGGGA-4-3,12,0.9102545874450622
GGAAAGCAGGCAGTCA-4-3,12,0.9110702944801483
GGAAAGCCACTAGTAC-4-3,12,0.9361862513283651
GGAAAGCCAGACTCGC-4-3,13,0.7317159697020585
GGAAAGCGTTCGGCAC-4-3,12,0.8366429951227474
GGAACTTGTCTAACGT-4-3,13,0.5813859286198448
GGAACTTTCTCTTGAT-4-3,12,0.878438294301587
GGAATAACAGCTGTTA-4-3,12,0.8831146723763725
GGAATAACAGTCTTCC-4-3,7,0.9265115349187931
GGAATAAGTCGTGGCT-4-3,12,0.9179462074290347
GGAATAATCTCTAGGA-4-3,13,0.6406193579321502
GGACAAGGTCCAACTA-4-3,12,0.9177937970879917
GGACAAGTCGTTTAGG-4-3,13,0.6243664719278263
GGACAGAAGGGCTCTC-4-3,12,0.9961760972637741
GGACAGAGTAAACACA-4-3,12,0.8895087838697531
GGACAGAGTCCATGAT-4-3,12,0.9109261134926427
GGACAGATCACAAACC-4-3,12,0.8522567856578894
GGACAGATCTTTAGGG-4-3,12,0.8834997768081532
GGACATTAGCCACGCT-4-3,12,0.8291233049733627
GGACATTCAATGTTGC-4-3,12,0.8688794703987163
GGACATTGTAACGCGA-4-3,12,0.8085479891634345
GGACGTCAGATTACCC-4-3,12,0.8793705864631316
GGACGTCCAAGCCATT-4-3,12,0.8717133468789786
GGAGCAAAGGCAATTA-4-3,12,0.960818515594286
GGATGTTAGTACGTAA-4-3,12,0.8973582522512039
GGATGTTAGTGTCCAT-4-3,13,0.4044933933631171
GGATGTTGTAAGGGAA-4-3,13,0.7229934047302949
GGATTACCAAGCCCAC-4-3,12,0.8473974695122749
GGATTACCATGGTCTA-4-3,13,0.6536390474583197
GGATTACGTTTAGGAA-4-3,12,0.8139695052309398
GGCAATTAGCTTTGGT-4-3,12,0.9494057996912809
GGCAATTGTACAAGTA-4-3,13,0.7029374287378902
GGCAATTGTCCGACGT-4-3,12,0.9865696521801313
GGCAATTGTCGCGGTT-4-3,12,0.9394495754265508
GGCAATTGTGGAAAGA-4-3,12,0.8571895704060492
GGCAATTTCACGGTTA-4-3,12,0.852338191045599
GGCAATTTCCCATTTA-4-3,12,0.9374570521462909
GGCAATTTCCCGGATG-4-3,12,0.9980669841616656
GGCCGATAGGGAGTAA-4-3,12,0.8343149452149625
GGCCGATAGTGATCGG-4-3,13,0.7708141213955965
GGCCGATGTCGAGTTT-4-3,13,0.528161342046797
GGCCGATGTCGGCTCA-4-3,12,0.9042881052387287
GGCCGATGTGCTAGCC-4-3,13,0.7008457691816004
GGCCGATGTGTCCTCT-4-3,12,0.8316212569440673
GGCCGATTCAGCACAT-4-3,12,0.880243640390735
GGCGACTAGGTTCCTA-4-3,12,0.8751725820816798
GGCGACTAGTAACCCT-4-3,13,0.4324129680112166
GGCGACTCACCCTATC-4-3,12,0.9401931528158324
GGCGACTCACGGTAAG-4-3,12,0.8955295825751411
GGCGTGTAGATGCCAG-4-3,13,0.4462437764513737
GGCGTGTAGATTACCC-4-3,12,0.9450217646835175
GGCGTGTAGGCTCTTA-4-3,12,0.9100639208990561
GGCGTGTCACGACGAA-4-3,12,0.8520396942439805
GGCGTGTCATATACGC-4-3,13,0.5571372155442292
GGCGTGTGTTGGTAAA-4-3,13,0.6880255594456882
GGCGTGTTCAGGCGAA-4-3,12,0.9705318082814529
GGCGTGTTCTAGCACA-4-3,12,0.9586283646390982
GGCTCGAAGGCCATAG-4-3,12,0.8664185836280677
GGCTCGAAGTGCAAGC-4-3,12,0.9081666054453221
GGCTCGAAGTGCGATG-4-3,12,0.8515966901134352
GGCTCGACAGCTCGAC-4-3,13,0.5141117788977625
GGCTCGACATCTACGA-4-3,13,0.7428811981512178
GGCTCGAGTTCAACCA-4-3,12,0.9165558432157086
GGCTCGATCCCAACGG-4-3,12,0.9504014483156104
GGCTGGTAGATGGCGT-4-3,12,0.90980770121896
GGCTGGTCAGTAGAGC-4-3,12,0.9033695271614075
GGCTGGTGTTAGATGA-4-3,12,0.9151409465572309
GGCTGGTTCGTTGCCT-4-3,12,0.9100317032561425
GGCTGGTTCTTCCTTC-4-3,12,0.8379558933880641
GGGAATGAGGTACTCT-4-3,12,0.9995442870751676
GGGAATGTCAATACCG-4-3,12,0.9042654119305202
GGGAATGTCTAACGGT-4-3,12,0.864116969094317
GGGAATGTCTTTACGT-4-3,12,0.9376208824635113
GGGACCTAGACGACGT-4-3,12,0.9109301018174079
GGGACCTAGCCAACAG-4-3,12,0.8361057673214981
GGGACCTCACAAGCCC-4-3,13,0.7245682359548506
GGGACCTCAGGGTTAG-4-3,12,0.9225403650316037
GGGACCTTCATAACCG-4-3,12,0.913386996262233
GGGAGATAGTCTCGGC-4-3,12,0.8968404543563233
GGGAGATGTCTCAACA-4-3,12,0.9102068185697403
GGGAGATTCCTCGCAT-4-3,5,0.9938632836772536
GGGAGATTCGTGGTCG-4-3,12,0.8880565233531674
GGGATGAAGAAGGACA-4-3,12,0.8466622205278768
GGGATGAAGACATAAC-4-3,12,0.882976490114926
GGGATGACAAAGAATC-4-3,12,0.9613758702140273
GGGATGAGTTGATTCG-4-3,12,0.9686576956131223
GGGCACTGTCTAGGTT-4-3,13,0.7994111561002452
GGGCACTGTTCGTGAT-4-3,12,0.8694539254994035
GGGCATCCACAGCGTC-4-3,12,0.8505592389278255
GGGTCTGGTGATGCCC-4-3,12,0.9214088284419966
GGGTCTGGTGGTAACG-4-3,12,0.8089481596934938
GGGTCTGTCCTAGAAC-4-3,12,0.8462742054005434
GGGTTGCAGCGATATA-4-3,13,0.5827266957189169
GGGTTGCGTAAACCTC-4-3,12,0.9997357516624656
GGTATTGAGATCCCGC-4-3,13,0.6513510813713921
GGTATTGGTATCAGTC-4-3,12,0.9076761009312873
GGTATTGGTTTAGCTG-4-3,12,0.8600097458488648
GGTATTGTCTGGAGCC-4-3,13,0.7728031332281772
GGTGAAGAGACCCACC-4-3,12,0.9603012299918535
GGTGAAGCACATAACC-4-3,12,0.97012405521303
GGTGAAGCACTACAGT-4-3,12,0.9130856409785139
GGTGAAGCATCAGTCA-4-3,12,0.8970789148415147
GGTGAAGCATCGGAAG-4-3,13,0.4013011933414984
GGTGAAGCATTACCTT-4-3,12,0.9214879953657852
GGTGAAGGTGGTCCGT-4-3,12,0.8497430483091871
GGTGCGTCAACCGCCA-4-3,13,0.6680178802856086
GGTGCGTCAGGATTGG-4-3,12,0.8460291710540743
GGTGCGTCATGTAGTC-4-3,2,0.9953984211627672
GGTGCGTGTCGTCTTC-4-3,12,0.8467119760582977
GGTGCGTGTGCACTTA-4-3,12,0.9490339072895512
GGTGTTAGTAAGTGGC-4-3,12,0.9147628438072536
GGTGTTATCCGCAAGC-4-3,12,0.938971444200076
GGTGTTATCTACTATC-4-3,12,0.8475927499262561
GTAACGTAGAAAGTGG-4-3,12,0.9486904858629035
GTAACGTAGCCGATTT-4-3,12,0.9183226331540285
GTAACGTAGCTCAACT-4-3,12,0.8997712448046663
GTAACGTAGTGGTAAT-4-3,13,0.6866323082940503
GTAACGTAGTTAGGTA-4-3,4,0.9994149712187524
GTAACGTCACACTGCG-4-3,12,0.9118522548338202
GTAACGTTCAACGGGA-4-3,12,0.8929248441136722
GTAACGTTCATGCATG-4-3,12,0.842827541511799
GTAACTGTCTGAGGGA-4-3,12,0.912388449069452
GTACGTACAATAACGA-4-3,12,0.9494673095790103
GTACGTACACTAAGTC-4-3,12,0.9361524501950348
GTACGTACAGCTATTG-4-3,12,0.8533591766496635
GTACGTAGTTTCGCTC-4-3,12,0.9935792386214006
GTACGTATCGATAGAA-4-3,12,0.9527005965666856
GTACGTATCGTCTGCT-4-3,12,0.9489555092120251
GTACTCCAGAACTCGG-4-3,12,0.8277114493645543
GTACTCCGTCGCTTCT-4-3,12,0.8473789897065002
GTACTCCTCCAACCAA-4-3,12,0.8559964369966999
GTACTCCTCCTTTACA-4-3,12,0.9110483773030823
GTACTTTCAAGCGAGT-4-3,12,0.9209679248791109
GTACTTTCATGACATC-4-3,13,0.5977021958659144
GTACTTTCATGCCTTC-4-3,13,0.5768209676761771
GTACTTTGTCTCACCT-4-3,12,0.8284314156662593
GTAGGCCAGAGGGCTT-4-3,12,0.8423173101931195
GTAGGCCGTGGGTATG-4-3,12,0.921091918031652
GTAGTCAAGATAGGAG-4-3,12,0.8488134409345988
GTAGTCAAGCTACCTA-4-3,12,0.9142279334927969
GTAGTCACATGCCCGA-4-3,12,0.9590337716770088
GTAGTCAGTCTCTTTA-4-3,12,0.9925632359048823
GTAGTCAGTGGTCCGT-4-3,12,0.917946169855284
GTAGTCATCTCACATT-4-3,12,0.9042184293814021
GTATCTTAGATAGCAT-4-3,12,0.8862113867873543
GTATCTTGTGTTGGGA-4-3,2,0.9666081263430886
GTATCTTGTTAAAGAC-4-3,12,0.8832109234080213
GTATCTTGTTTAGCTG-4-3,12,0.9104054180714234
GTATCTTTCTTGTATC-4-3,13,0.603939952453672
GTATTCTAGCAACGGT-4-3,12,0.9646339552809308
GTATTCTAGCGATTCT-4-3,12,0.9127830853672677
GTATTCTCAATGGATA-4-3,12,0.9546682079345779
GTATTCTTCTGTTGAG-4-3,12,0.9036806132293435
GTCAAGTAGTGAATTG-4-3,12,0.966376005907439
GTCAAGTAGTGGCACA-4-3,12,0.8968591089560961
GTCAAGTGTGTCTGAT-4-3,12,0.8656513324056373
GTCAAGTGTTATGCGT-4-3,13,0.685536091904909
GTCACAAAGAAGCCCA-4-3,13,0.4808627050413725
GTCACAAAGATTACCC-4-3,12,0.8868046436264214
GTCACAAAGCTAGGCA-4-3,13,0.7619833691995077
GTCACAACAAACCTAC-4-3,13,0.7337721289409332
GTCACAAGTGCCTGTG-4-3,13,0.5809548185327698
GTCACAATCACAAACC-4-3,12,0.9352706412114385
GTCACAATCCAAAGTC-4-3,12,0.8875122962704383
GTCACGGAGATGGGTC-4-3,13,0.7899260880866588
GTCACGGGTCATGCAT-4-3,12,0.9340552538806423
GTCATTTAGGTGACCA-4-3,12,0.9374089155209939
GTCATTTTCAGTCCCT-4-3,12,0.915266183009462
GTCCTCACAAATCCGT-4-3,12,0.8760823459494387
GTCCTCACAGCCTGTG-4-3,13,0.7708633708198867
GTCCTCATCAGCGATT-4-3,12,0.9705867098785779
GTCGGGTCAATCTACG-4-3,12,0.9164891636462175
GTCGGGTCAATGGACG-4-3,12,0.8455574474006273
GTCGGGTCAGACGCAA-4-3,12,0.9993693976755801
GTCGGGTCAGCTCCGA-4-3,12,0.9687609745846961
GTCGGGTCAGTTCATG-4-3,12,0.9953176051368515
GTCGGGTGTATGAATG-4-3,13,0.3643055507922834
GTCGGGTTCACCTTAT-4-3,13,0.3858354062829899
GTCGGGTTCTGCCCTA-4-3,12,0.8972938846122752
GTCGGGTTCTGCGTAA-4-3,12,0.9216952792379514
GTCGTAAAGTCTCAAC-4-3,12,0.9123221666528214
GTCGTAACAGTCACTA-4-3,13,0.4603556045196006
GTCGTAATCAGCTCTC-4-3,12,0.8929329937312293
GTCTCGTAGGCGCTCT-4-3,12,0.8532731889379553
GTCTCGTAGTGTACTC-4-3,12,0.911424426161308
GTCTCGTGTGGTAACG-4-3,12,0.9178883442690001
GTCTTCGAGACTGGGT-4-3,12,0.9217757152079229
GTCTTCGTCGTGGGAA-4-3,12,0.9215546243045923
GTGAAGGCAATGCCAT-4-3,12,0.9491810963199117
GTGAAGGCACCGGAAA-4-3,12,0.960589904134577
GTGAAGGCATCACCCT-4-3,12,0.8676839406449581
GTGAAGGGTAGCGTAG-4-3,12,0.9155667075807905
GTGAAGGTCGAGAGCA-4-3,12,0.9013713492583342
GTGAAGGTCTGTTTGT-4-3,12,0.9082490821644404
GTGCAGCAGTAGCCGA-4-3,12,0.901069020451677
GTGCAGCAGTTACGGG-4-3,12,0.910055886423283
GTGCAGCCAGTCACTA-4-3,12,0.8449713723954082
GTGCATAGTCCAGTAT-4-3,12,0.8903420806343607
GTGCATAGTTGTACAC-4-3,12,0.9156395780845563
GTGCATATCCACTCCA-4-3,12,0.8783385473011263
GTGCGGTCAAGCTGTT-4-3,12,0.8964408416240622
GTGCGGTGTAGTGAAT-4-3,12,0.8105498428155065
GTGCGGTGTTGTTTGG-4-3,12,0.9705693268005047
GTGCGGTTCCTTGACC-4-3,12,0.9598183609792369
GTGCTTCGTTCCATGA-4-3,12,0.9105914174775506
GTGGGTCTCCACGCAG-4-3,12,0.8844998830533836
GTGGGTCTCTCAAGTG-4-3,12,0.9990519451351644
GTGTGCGAGGTACTCT-4-3,13,0.6861563850559343
GTGTGCGCACGGTAGA-4-3,12,0.9051637144098055
GTTAAGCCAAGTCATC-4-3,12,0.8130463718716254
GTTAAGCCACGGCCAT-4-3,13,0.4716493747562351
GTTAAGCGTGTGTGCC-4-3,12,0.902127877390917
GTTAAGCGTTCACCTC-4-3,12,0.964915332093828
GTTAAGCTCAGTCAGT-4-3,13,0.5182825154405433
GTTAAGCTCTTTAGTC-4-3,12,0.9681771473315359
GTTACAGAGGAATCGC-4-3,12,0.8831042123156314
GTTACAGGTCTTCTCG-4-3,12,0.9644916849693649
GTTACAGGTTAAAGAC-4-3,12,0.9150699236686722
GTTACAGGTTACAGAA-4-3,13,0.7932259854717354
GTTCATTCATCACGTA-4-3,12,0.9709570808522969
GTTCATTCATTAGGCT-4-3,12,0.9555313381112159
GTTCATTGTCTCAACA-4-3,12,0.84994549741382
GTTCATTGTTTAAGCC-4-3,12,0.8360388092296214
GTTCGGGAGGTGTTAA-4-3,12,0.9538520333460252
GTTCTCGCACCTCGTT-4-3,12,0.8949046919060863
GTTCTCGGTAAACACA-4-3,13,0.5987165756777956
GTTCTCGGTGCTGTAT-4-3,12,0.937479019015267
GTTCTCGGTTCACCTC-4-3,12,0.8939984999400374
GTTCTCGTCCTCAATT-4-3,12,0.9078627931291864
GTTCTCGTCTCTAAGG-4-3,12,0.9631034855235854
GTTTCTAAGAGGTTAT-4-3,12,0.8373858880208339
GTTTCTAAGCGGATCA-4-3,12,0.9128048661850235
GTTTCTACATGCAACT-4-3,12,0.8493487852586766
GTTTCTATCCAAACTG-4-3,12,0.915328968080848
GTTTCTATCGTCACGG-4-3,12,0.8918251466221299
GTTTCTATCTTCTGGC-4-3,13,0.4462808613295239
TAAACCGAGCCACTAT-4-3,12,0.9124368337228169
TAAACCGCAACACGCC-4-3,12,0.9579540982227723
TAAACCGGTCGAATCT-4-3,12,0.9726283217459106
TAAACCGGTGACCAAG-4-3,12,0.9001948364805267
TAAGAGAAGCTGCGAA-4-3,12,0.9475876041923321
TAAGAGACAGTAGAGC-4-3,12,0.8552639597521605
TAAGAGAGTCAATGTC-4-3,12,0.9641841557053117
TAAGAGAGTGACGGTA-4-3,12,0.9991911086742288
TAAGCGTCAAAGAATC-4-3,12,0.9409353548019028
TAAGCGTCATTCTCAT-4-3,12,0.8578916042653265
TAAGCGTGTGAACCTT-4-3,12,0.8177997056579285
TAAGCGTGTTGTGGAG-4-3,12,0.8541539770509299
TAAGCGTTCGTACCGG-4-3,12,0.9556874491212071
TAAGTGCCATTGGTAC-4-3,12,0.9012828747379298
TAAGTGCTCGAACTGT-4-3,13,0.5857761135482217
TACACGAAGCAATATG-4-3,12,0.8782707798480678
TACACGAGTAAGGATT-4-3,12,0.9095686027143196
TACACGAGTGTGCGTC-4-3,12,0.9108896064545982
TACACGATCACAACGT-4-3,13,0.36827655553972316
TACACGATCATCACCC-4-3,12,0.9222243679646688
TACAGTGCAAGTCATC-4-3,12,0.8827064143927773
TACCTATAGTAGGCCA-4-3,12,0.9041798146552629
TACCTATCAATGGACG-4-3,12,0.9426337590047686
TACCTATTCGTTTATC-4-3,12,0.9129934304162097
TACCTTAAGAAAGTGG-4-3,12,0.9514603916815533
TACCTTAAGCTATGCT-4-3,12,0.9346045290860671
TACCTTAAGGTTACCT-4-3,12,0.8925765760734408
TACCTTACAACACCTA-4-3,12,0.9764923199883758
TACCTTACACGTAAGG-4-3,12,0.8721779292210424
TACCTTACACTCAGGC-4-3,12,0.8682335341608031
TACCTTATCCCAACGG-4-3,12,0.8309642786725308
TACCTTATCCCTTGTG-4-3,12,0.9167239346309404
TACCTTATCCGCGGTA-4-3,12,0.92044369477215
TACGGATCATTGTGCA-4-3,12,0.8206928170359257
TACGGATGTGTCCTCT-4-3,12,0.8956275101476832
TACGGATGTTACGACT-4-3,12,0.9065902353245318
TACGGATGTTCGCGAC-4-3,12,0.9050431550004141
TACGGATTCGGATGGA-4-3,12,0.8576653411060748
TACGGGCCATCTATGG-4-3,12,0.8556686744908608
TACGGGCGTACATGTC-4-3,12,0.9161588564775089
TACGGGCGTATGCTTG-4-3,12,0.8935216762930116
TACGGGCGTATTAGCC-4-3,12,0.9708703620384214
TACGGGCGTTCGAATC-4-3,12,0.8617603326858355
TACGGTACAATACGCT-4-3,12,0.9169106787428145
TACGGTACATATGGTC-4-3,13,0.5333887796543647
TACGGTAGTAATAGCA-4-3,13,0.7411702524197862
TACGGTATCCCTTGTG-4-3,13,0.6919964182588929
TACGGTATCTATCCCG-4-3,12,0.8783316914633174
TACTCATCAGAGCCAA-4-3,12,0.9639860576310813
TACTCATCATCAGTCA-4-3,12,0.9646171016419047
TACTCATTCTGAGGGA-4-3,12,0.9159270703159015
TACTCGCCAGATAATG-4-3,12,0.8878744157653261
TACTCGCGTAAGGGAA-4-3,12,0.9491857931778261
TACTCGCGTTCAACCA-4-3,12,0.8531315015594084
TACTTACAGCCCAGCT-4-3,12,0.8533785540028116
TACTTACCACCGAATT-4-3,13,0.7900824863291284
TACTTACGTGTAATGA-4-3,12,0.8911150251167351
TACTTACGTTAAGAAC-4-3,12,0.9157345376306965
TACTTACTCCTCAATT-4-3,12,0.8907354108812913
TACTTACTCTACCTGC-4-3,12,0.8510295427024377
TACTTGTAGAGCAATT-4-3,12,0.8419979998619244
TACTTGTGTCCATGAT-4-3,12,0.9091818176771216
TAGACCAAGATAGGAG-4-3,12,0.9109904210496195
TAGACCACACGTCTCT-4-3,13,0.42620828190753557
TAGACCACAGGAATCG-4-3,13,0.7458679347250569
TAGACCAGTTCGGCAC-4-3,12,0.9384734207574988
TAGACCATCGTAGGAG-4-3,12,0.8545747332463032
TAGAGCTAGAGGTTGC-4-3,12,0.9120711238518953
TAGAGCTAGATCCCGC-4-3,12,0.8832725871816014
TAGAGCTAGCGGATCA-4-3,12,0.8457648068135762
TAGAGCTAGTGAACAT-4-3,12,0.9215254172982296
TAGAGCTCAAAGCGGT-4-3,12,0.9157765405513666
TAGCCGGCACGAGAGT-4-3,12,0.9451363498700908
TAGCCGGCATTAGGCT-4-3,12,0.9521325065149241
TAGCCGGTCGCTGATA-4-3,12,0.9599517215601722
TAGCCGGTCTGCTTGC-4-3,12,0.915743748808916
TAGGCATAGAGTACCG-4-3,12,0.8315538803670789
TAGGCATCAACTGCGC-4-3,12,0.9039316789627895
TAGGCATCAAGACGTG-4-3,12,0.8933098147935029
TAGTGGTCACAGTCGC-4-3,12,0.8470090053005838
TAGTGGTCAGATCTGT-4-3,12,0.8789640599714122
TAGTGGTGTACGCACC-4-3,13,0.5143199941067251
TAGTGGTGTAGAGGAA-4-3,12,0.8150303971753009
TAGTGGTGTCATACTG-4-3,12,0.8491456872966906
TAGTGGTGTTAAGATG-4-3,12,0.9495050710164835
TAGTGGTTCTTGAGAC-4-3,12,0.8819555876855477
TAGTTGGAGCGTGAAC-4-3,12,0.902361470372879
TAGTTGGAGGCCGAAT-4-3,12,0.8511487032952711
TAGTTGGGTTACGCGC-4-3,12,0.8523169518413641
TAGTTGGTCCGGCACA-4-3,13,0.6627511616554401
TATCAGGCAAAGAATC-4-3,12,0.9472461524707035
TATCAGGCATACTACG-4-3,12,0.9162956142056472
TATCAGGGTATATGAG-4-3,12,0.9134660167486871
TATCAGGTCAAACCAC-4-3,12,0.8832212761991366
TATCAGGTCATGCTCC-4-3,12,0.8178784600146358
TATCTCAAGATGCCAG-4-3,12,0.9449730475526188
TATCTCATCAATCACG-4-3,12,0.9019996759907014
TATGCCCAGAAGCCCA-4-3,12,0.8168520445443981
TATGCCCAGATCCCGC-4-3,13,0.5282985266585087
TATGCCCAGTGCCAGA-4-3,13,0.7596967326234564
TATGCCCCACAGGCCT-4-3,12,0.9663369892918764
TATGCCCTCACGCGGT-4-3,12,0.874779280298125
TATTACCGTAGCGATG-4-3,12,0.9097282471438497
TATTACCGTTGAGTTC-4-3,13,0.7476365832402865
TATTACCTCACCACCT-4-3,12,0.9443017249448279
TATTACCTCGAATCCA-4-3,12,0.9478129158056074
TATTACCTCGCAAGCC-4-3,13,0.707985766552627
TCAACGAGTGGTAACG-4-3,12,0.922152006175918
TCAACGATCCAAGTAC-4-3,12,0.936940974309071
TCAACGATCTACGAGT-4-3,12,0.9165161988805766
TCAATCTAGACCTTTG-4-3,12,0.8290673554178342
TCAATCTGTAACGCGA-4-3,12,0.9450652388646997
TCAATCTTCCGAACGC-4-3,12,0.954416752907095
TCAATCTTCGTACCGG-4-3,12,0.8911574466919222
TCACAAGAGGCGACAT-4-3,12,0.9984349410711574
TCACAAGCAGTATAAG-4-3,12,0.9692105074636936
TCACAAGCATGGTCTA-4-3,13,0.5041823849508482
TCACAAGGTACTTCTT-4-3,12,0.9139710376881711
TCACAAGGTCCATCCT-4-3,12,0.9193240077668994
TCACGAAAGTGACTCT-4-3,12,0.9050411363137312
TCACGAACAATCGGTT-4-3,12,0.9383743847323354
TCACGAAGTTTAGGAA-4-3,12,0.8564437568508849
TCAGATGAGGTCGGAT-4-3,12,0.8579501271570692
TCAGATGAGTGTACGG-4-3,13,0.19737056306359818
TCAGATGCATCGGTTA-4-3,12,0.9299261379512733
TCAGATGGTGACCAAG-4-3,12,0.9602052434585514
TCAGATGTCAACACAC-4-3,12,0.9105150188311333
TCAGCAAAGTGTCCCG-4-3,12,0.8373142329122778
TCAGCAAGTATCAGTC-4-3,13,0.6883878474975555
TCAGCTCAGGGTTTCT-4-3,12,0.9027643277984181
TCAGCTCGTATAGTAG-4-3,13,0.6857025818543816
TCAGCTCTCCCAAGTA-4-3,12,0.8997175972230216
TCAGGATAGCTGTTCA-4-3,12,0.8874382499549578
TCAGGATCACACAGAG-4-3,12,0.8518590456172418
TCAGGATCACAGGTTT-4-3,13,0.7366160402181501
TCAGGTAAGACACTAA-4-3,12,0.8746956112911171
TCAGGTAAGCTCCTCT-4-3,12,0.9144085100362146
TCAGGTAAGCTGCAAG-4-3,12,0.8014592409357288
TCAGGTACAAGCCGTC-4-3,12,0.9175799057771874
TCAGGTACAAGCGCTC-4-3,12,0.9563593157099628
TCATTACCACGCCAGT-4-3,12,0.9118498453985698
TCATTACTCAATCACG-4-3,13,0.7203340510781135
TCATTTGAGCCCAGCT-4-3,12,0.9614490112268245
TCATTTGCAGATCGGA-4-3,13,0.7202246522259765
TCCACACAGGGTTTCT-4-3,12,0.9039553619467522
TCCACACCACCAGTTA-4-3,13,0.7835544093481333
TCCACACCATACCATG-4-3,4,0.9994149583150829
TCCACACTCGTAGGAG-4-3,12,0.9063919378300926
TCCACACTCGTTTAGG-4-3,12,0.8557622975964186
TCCACACTCTGAGTGT-4-3,12,0.8827064143906135
TCCCGATAGGGCTCTC-4-3,12,0.9039419266922154
TCCCGATAGTTCCACA-4-3,12,0.8538559823353107
TCCCGATCAATGGAGC-4-3,12,0.8636950283404004
TCCCGATCATCAGTAC-4-3,13,0.7667015281744972
TCGAGGCAGCCAGTTT-4-3,13,0.49498869727296224
TCGAGGCCAGCTGTGC-4-3,12,0.9216584154858509
TCGAGGCTCTATGTGG-4-3,12,0.9380846815988149
TCGCGAGCAGGCTCAC-4-3,12,0.9002760965409576
TCGCGAGTCCTGCTTG-4-3,12,0.9451287811193821
TCGCGTTAGGACACCA-4-3,12,0.8490335992639014
TCGCGTTAGGGCATGT-4-3,13,0.46123005039959886
TCGCGTTCAGACACTT-4-3,12,0.851899318734452
TCGCGTTGTCATATGC-4-3,12,0.9994946328835399
TCGCGTTGTGCGAAAC-4-3,12,0.8954936193809357
TCGCGTTGTGCGCTTG-4-3,12,0.833514488691393
TCGCGTTTCTCGCTTG-4-3,13,0.5575463336990163
TCGGGACAGCACAGGT-4-3,13,0.39047138374988827
TCGGGACAGGAGTTTA-4-3,12,0.9092934538092999
TCGGGACAGTCCATAC-4-3,12,0.9005875646917902
TCGGGACGTCGAGATG-4-3,12,0.875243402365185
TCGGGACTCTGCTGCT-4-3,12,0.9100663993301447
TCGGTAAAGCCCAGCT-4-3,13,0.724222332724386
TCGGTAAAGGCTAGCA-4-3,13,0.5225936793628526
TCGGTAACAGGAACGT-4-3,12,0.918223974389474
TCGGTAAGTAGCTGCC-4-3,12,0.9713057648845989
TCGGTAAGTTCCAACA-4-3,12,0.9080902881653058
TCGGTAAGTTCGTCTC-4-3,12,0.8981842802357084
TCGGTAATCAGATAAG-4-3,12,0.9388807421273153
TCGGTAATCTAAGCCA-4-3,12,0.8471532763517791
TCGGTAATCTATCGCC-4-3,12,0.8185820856806096
TCGGTAATCTTGCCGT-4-3,12,0.9197924308745407
TCGTACCGTCTACCTC-4-3,12,0.8544498911545058
TCGTACCTCCTCAACC-4-3,12,0.9635559326874723
TCGTAGATCAAAGACA-4-3,12,0.8319178324492725
TCGTAGATCTTACCTA-4-3,12,0.9564332016901153
TCTATTGGTTCTGAAC-4-3,12,0.9131997360016758
TCTATTGTCAGGCAAG-4-3,12,0.9085739209444297
TCTCATAAGAAGGTGA-4-3,12,0.847615469914385
TCTCATAAGCTAAGAT-4-3,12,0.9402233124105964
TCTCATAAGGTGGGTT-4-3,3,0.9680883738166917
TCTCATACACGCTTTC-4-3,12,0.9003439805705853
TCTCATACACGGTAAG-4-3,13,0.7263258188745019
TCTCATATCTCAACTT-4-3,12,0.9068944341149987
TCTCTAAAGACCTAGG-4-3,12,0.8561557156652722
TCTCTAACAGTTTACG-4-3,12,0.9642510080179355
TCTCTAAGTTGGTAAA-4-3,13,0.5803919252646756
TCTGAGAAGTGGGATC-4-3,12,0.9148933952017019
TCTGAGACATCCTTGC-4-3,12,0.9070588577640845
TCTGAGACATTCTCAT-4-3,13,0.7982384923650538
TCTGAGAGTATCTGCA-4-3,12,0.9084431133215608
TCTGAGAGTGCGGTAA-4-3,12,0.9151975908241885
TCTGGAAGTCTTGCGG-4-3,12,0.8428471911569531
TCTTCGGAGCCCTAAT-4-3,12,0.9094706603114121
TCTTCGGAGTGTTTGC-4-3,13,0.726565980548307
TCTTCGGGTGGTTTCA-4-3,12,0.905064724172491
TCTTCGGGTGTGGCTC-4-3,12,0.9369080991326889
TCTTCGGTCTCGAGTA-4-3,12,0.9160904572886682
TCTTCGGTCTGGAGCC-4-3,12,0.9171970370287259
TCTTTCCAGAGCTTCT-4-3,12,0.961431695030199
TCTTTCCGTAAGTAGT-4-3,12,0.9083342023629649
TCTTTCCGTCCCTACT-4-3,12,0.8782914014189138
TCTTTCCTCTGGCGAC-4-3,12,0.8957277265781328
TGAAAGAAGCCCAATT-4-3,12,0.8336378301897609
TGAAAGATCTGCTGCT-4-3,12,0.9633831508031139
TGACAACCATGACATC-4-3,12,0.9012831839488136
TGACAACGTAGCAAAT-4-3,12,0.9213285056101244
TGACAACGTCGCCATG-4-3,12,0.895693892358963
TGACGGCAGAAGGGTA-4-3,12,0.9138156590727303
TGACGGCAGCGTCTAT-4-3,12,0.8556640008847024
TGACGGCGTCTAGTCA-4-3,12,0.9157598157530101
TGACGGCTCCATGAGT-4-3,13,0.610994804793047
TGACTAGCACCAGGCT-4-3,13,0.5055208482843436
TGACTAGTCTCCGGTT-4-3,13,0.7314999182014464
TGACTTTGTCCAGTGC-4-3,13,0.7404317635747041
TGAGAGGAGCTAGTGG-4-3,12,0.9088887796770904
TGAGAGGAGTGACTCT-4-3,12,0.8054174403230004
TGAGAGGAGTGATCGG-4-3,12,0.8242935218060261
TGAGAGGAGTTCCACA-4-3,13,0.5667162356769093
TGAGAGGCAGCCAATT-4-3,12,0.8312947721064364
TGAGAGGCAGGCGATA-4-3,12,0.9612193803448825
TGAGAGGGTACATCCA-4-3,12,0.9091740764112285
TGAGAGGGTTGTTTGG-4-3,12,0.875074594465937
TGAGCATAGACGCACA-4-3,12,0.9602247133321838
TGAGCATCACCGAAAG-4-3,12,0.9157402678333273
TGAGCATCACCTCGGA-4-3,13,0.6193586835659705
TGAGCATGTCTCCACT-4-3,12,0.9056918205330309
TGAGCCGAGATAGTCA-4-3,12,0.917673251797513
TGAGCCGTCATGTCTT-4-3,13,0.7715519260426996
TGAGCCGTCGCGCCAA-4-3,12,0.91580486017299
TGAGCCGTCTGTACGA-4-3,12,0.9099685996369588
TGAGGGAAGCCCTAAT-4-3,12,0.9262084653144115
TGAGGGATCAACCATG-4-3,12,0.8833415584065857
TGAGGGATCAGGTTCA-4-3,12,0.8534829747145922
TGAGGGATCCATGCTC-4-3,12,0.90301918500584
TGATTTCCATTATCTC-4-3,12,0.9108269497325077
TGATTTCGTAATAGCA-4-3,12,0.9144428487186003
TGATTTCTCACCAGGC-4-3,12,0.9337706190347914
TGCACCTAGATGTGGC-4-3,12,0.9007572758414967
TGCACCTCAATAGCAA-4-3,12,0.9158840788490571
TGCACCTCACGCATCG-4-3,12,0.9649514938539177
TGCACCTCACGCCAGT-4-3,13,0.4840909897049313
TGCACCTCAGGGAGAG-4-3,12,0.9367004246766022
TGCACCTGTGTGTGCC-4-3,12,0.914583312490043
TGCACCTGTTACCGAT-4-3,12,0.813777283919903
TGCACCTGTTACTGAC-4-3,12,0.8824481100449002
TGCACCTGTTAGGGTG-4-3,12,0.8516606385383262
TGCACCTTCATCATTC-4-3,12,0.9930234505091037
TGCCAAAGTGCACGAA-4-3,12,0.8578044399346959
TGCCAAAGTGTCTGAT-4-3,12,0.9688763396000996
TGCCCATCAAGAAGAG-4-3,12,0.9613639503314436
TGCCCATGTACGCTGC-4-3,12,0.8834336230709929
TGCCCTAAGGGTGTTG-4-3,13,0.7209498205695017
TGCCCTAGTAGCTTGT-4-3,12,0.9200315596138823
TGCCCTAGTCCGAACC-4-3,12,0.916201108659323
TGCCCTAGTCTGGAGA-4-3,12,0.9121026020382408
TGCGCAGCAGGAATGC-4-3,12,0.9706391523879224
TGCGCAGGTACCGCTG-4-3,12,0.8560153809949962
TGCGCAGGTGTTGGGA-4-3,12,0.9167362053035797
TGCGCAGTCTTTCCTC-4-3,13,0.6462433180707766
TGCGGGTAGGTGGGTT-4-3,12,0.99476273886391
TGCGGGTGTCATGCCG-4-3,13,0.6246771029689221
TGCGTGGCAGCTGTGC-4-3,12,0.828292971519614
TGCGTGGCAGGAATCG-4-3,12,0.8011385124673849
TGCGTGGGTCGGATCC-4-3,12,0.8925234857243464
TGCGTGGTCCGCGGTA-4-3,12,0.9419784182560031
TGCTACCAGAGTGACC-4-3,12,0.9099566754016547
TGCTACCAGTAACCCT-4-3,12,0.9378339635808116
TGCTACCCACTTCTGC-4-3,12,0.9167102239035911
TGCTGCTAGCGTAATA-4-3,12,0.9160446368504472
TGCTGCTCAAACCCAT-4-3,12,0.8198061848653797
TGCTGCTGTAATTGGA-4-3,2,0.9995197729359079
TGCTGCTGTCGAAAGC-4-3,12,0.8883348293636593
TGCTGCTGTCTGCAAT-4-3,12,0.8537823473645928
TGCTGCTTCACCAGGC-4-3,12,0.8836383991010841
TGCTGCTTCTGCAGTA-4-3,12,0.901539102374604
TGGACGCAGGGCACTA-4-3,12,0.9391338772101903
TGGACGCCACCGAAAG-4-3,12,0.9483195727384882
TGGCCAGGTAGCGATG-4-3,12,0.9708652653820713
TGGCCAGTCACTTCAT-4-3,12,0.8905975698400884
TGGCCAGTCAGGTTCA-4-3,12,0.8631148480251147
TGGCCAGTCGGAGGTA-4-3,12,0.897154874495867
TGGCGCAAGTATTGGA-4-3,12,0.9494881533348486
TGGCGCATCCGATATG-4-3,12,0.8833820861312521
TGGCGCATCTTGTTTG-4-3,12,0.9111029457804734
TGGCTGGAGAAACCGC-4-3,13,0.7923257950420425
TGGCTGGAGAGACTAT-4-3,12,0.9213602757511885
TGGCTGGAGTTAGCGG-4-3,12,0.9938195480461253
TGGCTGGTCAGCACAT-4-3,12,0.8967745183018724
TGGCTGGTCCTTGGTC-4-3,12,0.9405402873266763
TGGGAAGAGTTAACGA-4-3,13,0.5836122131648687
TGGGAAGCAGGACCCT-4-3,12,0.8531265153973264
TGGGAAGTCTTCATGT-4-3,13,0.4776634869871133
TGGGCGTAGGGTGTGT-4-3,12,0.920268820756691
TGGGCGTGTCGACTAT-4-3,13,0.6640344294163456
TGGGCGTGTTGTGGCC-4-3,12,0.908218089341647
TGGGCGTTCAGGATCT-4-3,12,0.8853637263062338
TGGGCGTTCGAGAACG-4-3,12,0.9150464890530792
TGGTTAGAGTGCGTGA-4-3,12,0.987132321649033
TGGTTAGCAGTGGGAT-4-3,12,0.9201567429910051
TGGTTAGGTAAACCTC-4-3,12,0.9064004707276522
TGGTTAGGTGGTCCGT-4-3,12,0.9192023065405468
TGGTTAGTCGCAAGCC-4-3,12,0.9178173039609654
TGGTTCCAGAACAACT-4-3,12,0.9087087242696448
TGGTTCCCAAGCTGGA-4-3,12,0.9826671188926972
TGGTTCCGTTACGACT-4-3,12,0.8987656484231663
TGGTTCCGTTTGACAC-4-3,12,0.9214848747007531
TGTCCCAAGCTGGAAC-4-3,12,0.9161572245736245
TGTCCCAGTAGCCTCG-4-3,12,0.8549871781997337
TGTCCCATCAGTGCAT-4-3,12,0.8825973667697192
TGTCCCATCGTCCAGG-4-3,12,0.8531902999482575
TGTGGTAAGAAGGTTT-4-3,13,0.5682072025069556
TGTGGTAAGGGATACC-4-3,12,0.9393505281093676
TGTGTTTAGTTGTAGA-4-3,13,0.7981519783943428
TGTGTTTCAGCGATCC-4-3,13,0.6667398249281556
TGTGTTTTCACCCGAG-4-3,13,0.529494922790205
TGTTCCGAGGCTATCT-4-3,12,0.9433742172384109
TGTTCCGGTAGCTAAA-4-3,12,0.9127945164659945
TGTTCCGGTCTCGTTC-4-3,12,0.9223757618049921
TTAACTCAGAGTACAT-4-3,12,0.9018795761874252
TTAACTCAGAGTGAGA-4-3,12,0.9085475357587076
TTAACTCCACTTAAGC-4-3,13,0.44635709041149146
TTAACTCCATCTACGA-4-3,12,0.8525026084376877
TTAACTCGTCGAACAG-4-3,12,0.92084202723851
TTAGGACTCGCCAGCA-4-3,12,0.9494912114605297
TTAGGCAGTAGCTGCC-4-3,12,0.8355973407212314
TTAGGCATCACCAGGC-4-3,12,0.8227103099696353
TTAGTTCGTACTTGAC-4-3,12,0.9450681610347932
TTAGTTCGTTAAGATG-4-3,13,0.6480135117122788
TTATGCTCACGACGAA-4-3,13,0.5111828724826684
TTATGCTCACGCTTTC-4-3,12,0.819406744568552
TTATGCTCAGCTTAAC-4-3,12,0.9185729060477162
TTATGCTGTCTCCACT-4-3,12,0.9065468780086282
TTATGCTTCATGTCCC-4-3,12,0.9260486820192761
TTATGCTTCCTAGAAC-4-3,12,0.8510444911681361
TTATGCTTCTAACTTC-4-3,12,0.9216944859067858
TTATGCTTCTGGGCCA-4-3,12,0.8643486420630239
TTCCCAGAGGGCTCTC-4-3,12,0.906173791650317
TTCCCAGAGTGGTCCC-4-3,12,0.8943484062551066
TTCCCAGCACGTCAGC-4-3,12,0.9183636439550512
TTCCCAGGTCTCTTTA-4-3,12,0.8558981767198326
TTCCCAGTCAGCTCGG-4-3,12,0.911950248237403
TTCCCAGTCCGCATAA-4-3,12,0.9145748330576425
TTCCCAGTCGATGAGG-4-3,12,0.8292558566388026
TTCGAAGAGTGTGAAT-4-3,12,0.8298644607197334
TTCGAAGTCTCATTCA-4-3,12,0.9151409462599738
TTCGGTCTCGGCGCAT-4-3,12,0.893124834401152
TTCTACACATCGATGT-4-3,12,0.9117093512693737
TTCTACAGTACTTCTT-4-3,12,0.8948556372803355
TTCTACAGTTCCCGAG-4-3,12,0.9379348746502135
TTCTACATCCTGTAGA-4-3,12,0.9168533986579032
TTCTACATCGCGGATC-4-3,13,0.636704615698742
TTCTCAAAGGTTACCT-4-3,12,0.9482232662365495
TTCTCAAAGTTGAGTA-4-3,12,0.9492021175685706
TTCTCAACATGTAAGA-4-3,12,0.9211951882284513
TTCTCAAGTACCAGTT-4-3,13,0.7335517179573883
TTCTCCTAGATATGGT-4-3,13,0.7648389834220515
TTCTCCTAGCGCCTCA-4-3,12,0.916351739701059
TTCTCCTAGTGATCGG-4-3,12,0.9437161113792182
TTCTTAGAGGTCATCT-4-3,3,0.9030742301627451
TTCTTAGCAATCAGAA-4-3,12,0.9348767634749842
TTCTTAGGTGCACTTA-4-3,12,0.9180644282331478
TTCTTAGTCGCTAGCG-4-3,13,0.5102599073121237
TTGAACGAGACTGGGT-4-3,12,0.8950210635698189
TTGAACGAGGATGGAA-4-3,12,0.9200344741170321
TTGACTTAGAATGTTG-4-3,13,0.6296128217805304
TTGACTTAGCCACGTC-4-3,12,0.8435771296872637
TTGACTTCAACCGCCA-4-3,12,0.8832085808596206
TTGACTTCAAGAAAGG-4-3,12,0.9093647555693993
TTGACTTTCGGTGTTA-4-3,12,0.9179551365664755
TTGCCGTAGTACACCT-4-3,0,0.9943570756843693
TTGCCGTCAAGCCGTC-4-3,13,0.6547290025588178
TTGCCGTCAGCCTTTC-4-3,12,0.8918628633794801
TTGCCGTGTGCCTGTG-4-3,12,0.8475284069567385
TTGCCGTTCGCACTCT-4-3,12,0.9005898520723385
TTGCGTCCACACCGAC-4-3,12,0.8559721305877809
TTGCGTCCACGTGAGA-4-3,12,0.9043802744423494
TTGCGTCCAGTTCCCT-4-3,12,0.8104727237167402
TTGCGTCGTCAATACC-4-3,12,0.9449151099500294
TTGCGTCGTCGTCTTC-4-3,4,0.9949591187110307
TTGCGTCTCCGCAAGC-4-3,12,0.9709872995804375
TTGCGTCTCTTGCAAG-4-3,13,0.4935807684888735
TTGGAACAGTCCCACG-4-3,12,0.9085555749183043
TTGGAACGTTATGTGC-4-3,13,0.7056958989470666
TTGGCAAAGGACATTA-4-3,13,0.717034101333634
TTGGCAACAGCCAATT-4-3,12,0.8474673076654212
TTGGCAAGTACGAAAT-4-3,12,0.9615117374355566
TTGGCAAGTGTTCGAT-4-3,13,0.592824841880747
TTGGCAATCACAATGC-4-3,12,0.9196113834534135
TTGGCAATCGCTGATA-4-3,12,0.8499743927321292
TTGGCAATCGTCCGTT-4-3,12,0.9161623111818131
TTGTAGGAGTTAGCGG-4-3,12,0.8393124160591995
TTGTAGGCAAGTCATC-4-3,12,0.9489837031883939
TTGTAGGCATGGAATA-4-3,12,0.8775622948125751
TTGTAGGGTGATGATA-4-3,12,0.8782323614916809
TTGTAGGGTTCTGGTA-4-3,12,0.9222462922710947
TTGTAGGTCCCTAACC-4-3,12,0.9173118141399599
TTGTAGGTCTGTTGAG-4-3,12,0.9071135015623909
TTTACTGAGATGCGAC-4-3,12,0.8160373943138264
TTTACTGCAGCCTTGG-4-3,12,0.8891621628962062
TTTACTGGTGAAATCA-4-3,13,0.782016572815534
TTTATGCTCGCCATAA-4-3,12,0.9023133628702461
TTTGCGCCACACGCTG-4-3,12,0.9148297477242873
TTTGCGCCACGTCTCT-4-3,12,0.9221549374311546
TTTGCGCCATCACCCT-4-3,12,0.914808483242752
TTTGCGCCATCGACGC-4-3,12,0.964017578952101
TTTGCGCGTGGCCCTA-4-3,12,0.8793954957906058
TTTGCGCTCTATCCTA-4-3,12,0.9176326315749237
TTTGCGCTCTCAAACG-4-3,4,0.9540132580987012
TTTGCGCTCTTGTTTG-4-3,12,0.8528468963282116
TTTGGTTAGCTTCGCG-4-3,12,0.8261893091721835
TTTGGTTAGTCGCCGT-4-3,13,0.5827185241881065
TTTGGTTCAAACGCGA-4-3,12,0.8293229917051088
TTTGGTTGTAGCTGCC-4-3,12,0.968191131582114
TTTGTCACACCAGGTC-4-3,13,0.673281295610499
TTTGTCACAGGCTGAA-4-3,12,0.8490887571714475
TTTGTCAGTGATAAGT-4-3,12,0.8732614466556371
