cell_barcode,assignment
AAACCTGAGATGTTAG,2
AAACCTGCATCGATTG,4
AAACCTGGTAGGGTAC,2
AAACCTGGTGCCTTGG,2
AAACCTGGTTGGAGGT,1000
AAACCTGTCGAGAGCA,1
AAACGGGAGAAAGTGG,2
AAACGGGAGGAGCGTT,1
AAACGGGAGTGTACTC,7
AAACGGGCATGCAATC,7
AAAGATGAGAAACGAG,1
AAAGATGAGATATACG,6
AAAGATGAGTTTGCGT,4
AAAGATGCAAGCGCTC,5
AAAGATGCACTACAGT,8
AAAGATGCATTCACTT,8
AAAGATGGTAAGTAGT,4
AAAGATGGTCCAGTTA,1000
AAAGATGGTTCCATGA,8
AAAGATGGTTCCGGCA,4
AAAGATGGTTGGGACA,1
AAAGATGTCGGCCGAT,4
AAAGATGTCGTCTGAA,7
AAAGATGTCTAACTGG,8
AAAGCAAAGACGACGT,1
AAAGCAAAGCAGCGTA,4
AAAGCAAAGGGTGTTG,3
AAAGCAAAGTCATGCT,4
AAAGCAACATAGGATA,8
AAAGCAAGTTACGTCA,8
AAAGCAAGTTTAAGCC,3
AAAGCAAGTTTGACTG,3
AAAGCAATCTCTAGGA,1000
AAAGTAGAGTACGTAA,7
AAAGTAGAGTGAAGTT,5
AAAGTAGCAATGAATG,3
AAAGTAGGTATTAGCC,3
AAAGTAGGTCATGCAT,4
AAAGTAGGTGTTCGAT,4
AAAGTAGTCCGTCAAA,0
AAAGTAGTCGGAGCAA,4
AAATGCCAGAAACGAG,1000
AAATGCCAGACTACAA,4
AAATGCCAGCTAACAA,2
AAATGCCAGTGTCCAT,8
AAATGCCCAACACCTA,2
AAATGCCCACAAGCCC,6
AAATGCCCAGATGGCA,8
AAATGCCGTCTAAAGA,1
AAATGCCGTTAGAACA,7
AAATGCCGTTCATGGT,4
AAATGCCTCAAGGTAA,6
AAATGCCTCAGGCGAA,1
AACACGTAGAAGGTTT,1000
AACACGTAGATCCTGT,4
AACACGTAGGTAGCCA,8
AACACGTCATAAGACA,1000
AACACGTTCAACCATG,7
AACACGTTCACGGTTA,2
AACCATGAGAATGTGT,4
AACCATGAGAGTCTGG,1000
AACCATGCAGGTGCCT,6
AACCATGCAGTATAAG,6
AACCATGCAGTGAGTG,5
AACCATGGTACAAGTA,2
AACCATGGTACCCAAT,5
AACCATGGTCAATACC,1000
AACCATGGTGTGAATA,1
AACCATGTCACTCTTA,8
AACCATGTCGAGGTAG,2
AACCATGTCGCAGGCT,7
AACCATGTCGCGTAGC,7
AACCATGTCTTCGGTC,5
AACCGCGAGGGCACTA,1
AACCGCGAGTTTGCGT,1000
AACCGCGCAGCGAACA,7
AACCGCGCATATACGC,1
AACCGCGCATCCCATC,5
AACCGCGGTCGGGTCT,6
AACCGCGTCAGAGGTG,3
AACCGCGTCCCAGGTG,5
AACCGCGTCCTAGTGA,3
AACCGCGTCGACGGAA,8
AACCGCGTCTGTACGA,2
AACGTTGAGATCCTGT,1
AACGTTGAGCCTATGT,6
AACGTTGAGTGTCCAT,1000
AACGTTGCAAACCTAC,4
AACGTTGCAAGGGTCA,3
AACGTTGCAAGTTCTG,5
AACGTTGCAGGGATTG,7
AACGTTGGTGTAAGTA,1
AACGTTGGTTATGTGC,5
AACGTTGTCGTTGCCT,1
AACTCAGAGCGTCAAG,4
AACTCAGCAACACCCG,1
AACTCAGCAAGGCTCC,3
AACTCAGCACCAGGTC,1
AACTCAGCAGGATTGG,3
AACTCAGCATCGATGT,3
AACTCAGCATGGATGG,2
AACTCAGGTCAGAGGT,3
AACTCAGTCAAACCGT,7
AACTCAGTCCACGTTC,5
AACTCCCAGGCTAGCA,7
AACTCCCAGTCAATAG,4
AACTCCCCAAACTGTC,6
AACTCCCCAAGTACCT,5
AACTCCCCAATGACCT,4
AACTCCCCACATTAGC,1000
AACTCCCCACTGTCGG,8
AACTCCCCAGGCTCAC,7
AACTCCCGTCTAGCCG,0
AACTCCCGTGACTACT,7
AACTCCCGTGTCGCTG,8
AACTCCCGTTCCACTC,3
AACTCCCGTTTGGGCC,5
AACTCCCTCACGCATA,4
AACTCCCTCCTAGTGA,0
AACTCCCTCTACCAGA,3
AACTCCCTCTCATTCA,1000
AACTCCCTCTTAGAGC,1000
AACTCTTAGACGCACA,7
AACTCTTAGAGTCGGT,4
AACTCTTAGCGCTTAT,4
AACTCTTAGCGGCTTC,1
AACTCTTAGCTAGGCA,3
AACTCTTAGTGTCCAT,6
AACTCTTCACGTCTCT,1
AACTCTTCAGACTCGC,1000
AACTCTTGTCAATACC,7
AACTCTTTCAAGAAGT,1
AACTCTTTCCTTCAAT,3
AACTCTTTCGCGTTTC,5
AACTCTTTCGTAGATC,7
AACTGGTAGAGCAATT,6
AACTGGTAGAGCCTAG,1000
AACTGGTAGCTATGCT,4
AACTGGTCAAGTAATG,8
AACTGGTCACACATGT,7
AACTGGTCAGATGAGC,4
AACTGGTGTACCTACA,1000
AACTGGTGTGCAACGA,7
AACTGGTGTTAAAGAC,4
AACTGGTTCACTTATC,1
AACTTTCAGTACATGA,6
AACTTTCAGTAGCGGT,1
AACTTTCAGTCCAGGA,6
AACTTTCCAGTACACT,6
AACTTTCCATGTCGAT,7
AACTTTCGTGGTCCGT,7
AACTTTCGTGGTTTCA,3
AACTTTCGTGTGAATA,1000
AACTTTCGTTAGATGA,7
AACTTTCGTTGAACTC,8
AACTTTCTCTGCGGCA,4
AAGACCTAGCATGGCA,5
AAGACCTAGTCCGTAT,1000
AAGACCTAGTGGCACA,6
AAGACCTCAAGACGTG,8
AAGACCTCAAGAGTCG,5
AAGACCTCAGTTCCCT,2
AAGACCTCATCACAAC,6
AAGACCTGTGTGTGCC,1
AAGACCTGTTGCGTTA,8
AAGCCGCAGAGCTTCT,6
AAGCCGCAGCACGCCT,7
AAGCCGCAGCGATATA,1
AAGCCGCAGCGGATCA,5
AAGCCGCAGCGTTTAC,4
AAGCCGCAGGTTACCT,4
AAGCCGCCACCCAGTG,2
AAGCCGCGTGTAAGTA,4
AAGCCGCTCCAATGGT,1
AAGCCGCTCCCGACTT,4
AAGGAGCAGGCTCAGA,1000
AAGGAGCCACTCGACG,8
AAGGAGCGTAGCACGA,4
AAGGAGCGTGCACCAC,7
AAGGAGCGTGGCTCCA,8
AAGGAGCGTTGTTTGG,5
AAGGAGCTCAACGAAA,3
AAGGAGCTCCAGGGCT,2
AAGGAGCTCTCAAGTG,7
AAGGCAGAGACTTTCG,2
AAGGCAGAGAGCCCAA,1000
AAGGCAGAGCGATTCT,3
AAGGCAGAGGGTGTGT,7
AAGGCAGAGTTAACGA,7
AAGGCAGCACACTGCG,7
AAGGCAGCAGTAAGAT,1
AAGGCAGGTAAATGAC,3
AAGGCAGGTAGTAGTA,4
AAGGCAGGTATCGCAT,8
AAGGCAGGTCCGCTGA,0
AAGGCAGGTGCAGGTA,3
AAGGCAGTCAACACGT,0
AAGGCAGTCTCGATGA,8
AAGGCAGTCTGCGTAA,5
AAGGCAGTCTGGTGTA,4
AAGGCAGTCTGTCAAG,3
AAGGCAGTCTTCTGGC,1000
AAGGTTCAGTATCTCG,1
AAGGTTCAGTGAAGTT,1000
AAGGTTCAGTTAGCGG,7
AAGGTTCCAATGGAAT,2
AAGGTTCCACCGCTAG,2
AAGGTTCGTCTAGTCA,3
AAGGTTCTCCGTAGGC,1000
AAGGTTCTCGCCATAA,8
AAGGTTCTCTTCCTTC,1
AAGTCTGAGAGGACGG,5
AAGTCTGAGAGGTACC,5
AAGTCTGAGGAGTACC,8
AAGTCTGCACGCATCG,2
AAGTCTGCACGGCGTT,4
AAGTCTGCATTATCTC,8
AAGTCTGGTCAAACTC,6
AAGTCTGGTGTGAATA,2
AAGTCTGTCGAGAGCA,2
AATCCAGAGAATGTTG,8
AATCCAGAGTGGACGT,4
AATCCAGAGTTAGGTA,3
AATCCAGTCAACGAAA,1000
AATCCAGTCCATTCTA,3
AATCCAGTCCTAGGGC,1000
AATCGGTAGATGAGAG,6
AATCGGTAGCGCCTCA,7
AATCGGTAGGCGCTCT,5
AATCGGTAGTGCGATG,7
AATCGGTCAAAGTCAA,5
AATCGGTCAACTGCGC,4
AATCGGTCACACCGAC,8
AATCGGTCATCCGCGA,5
AATCGGTCATCTATGG,4
AATCGGTGTCGCGTGT,5
AATCGGTGTGTAAGTA,5
ACACCAACAAGGACAC,4
ACACCAACAAGTTCTG,6
ACACCAACATCTACGA,3
ACACCAAGTCCATGAT,3
ACACCAAGTCTGGTCG,4
ACACCAAGTGTGACCC,4
ACACCAAGTTACCAGT,1
ACACCAAGTTCATGGT,4
ACACCAATCGCGGATC,1000
ACACCAATCTCTGCTG,1
ACACCCTAGACAATAC,4
ACACCCTAGCTAGTTC,5
ACACCCTAGTATTGGA,4
ACACCCTCAAGTTAAG,7
ACACCCTCACAGGAGT,4
ACACCCTCACTTGGAT,7
ACACCCTCAGCTTAAC,3
ACACCCTCAGTTCATG,1
ACACCCTGTGTGACGA,8
ACACCCTTCCAAACTG,1
ACACCCTTCCTTGACC,1000
ACACCCTTCGCATGAT,6
ACACCCTTCGTACGGC,3
ACACCCTTCGTTTGCC,4
ACACCGGAGACAAGCC,2
ACACCGGAGCGATGAC,4
ACACCGGAGCGTAGTG,1
ACACCGGAGGAGTCTG,3
ACACCGGGTATTACCG,4
ACACCGGTCCGCTGTT,5
ACACCGGTCCTATTCA,1000
ACACCGGTCGTACCGG,8
ACACCGGTCTTGTACT,1
ACACTGAAGATATGGT,7
ACACTGAAGATGTGGC,1
ACACTGAAGTAGCGGT,5
ACACTGACACAGTCGC,8
ACACTGACACCGCTAG,4
ACACTGACAGCTCGCA,1
ACACTGACAGTATCTG,1
ACACTGACAGTGGAGT,7
ACACTGAGTACCTACA,1000
ACACTGAGTATGAAAC,1
ACACTGAGTCCGAAGA,1000
ACACTGAGTGAGGGTT,1000
ACACTGAGTGTCGCTG,5
ACACTGATCACTTATC,8
ACACTGATCCCTCTTT,1000
ACACTGATCCTTGGTC,2
ACACTGATCGATAGAA,7
ACACTGATCTGTCAAG,1000
ACACTGATCTGTCCGT,3
ACACTGATCTTCGAGA,7
ACAGCCGAGAGTTGGC,3
ACAGCCGAGGATGGAA,1
ACAGCCGAGTGCTGCC,1
ACAGCCGCAGCGAACA,8
ACAGCCGCAGTTCCCT,8
ACAGCCGCATCTACGA,8
ACAGCCGCATGCCTTC,0
ACAGCCGGTAGAGGAA,6
ACAGCCGTCTTGTTTG,2
ACAGCTAAGACCACGA,4
ACAGCTAAGCAGATCG,8
ACAGCTACAGTCGTGC,8
ACAGCTACATCCGCGA,6
ACAGCTAGTCCAGTTA,1
ACAGCTAGTCCGTTAA,4
ACAGCTATCAACGAAA,2
ACAGCTATCCGTTGTC,2
ACAGCTATCTGGTATG,2
ACATACGAGTGAATTG,8
ACATACGCAATGGAGC,7
ACATACGCACTTCGAA,8
ACATACGCAGTAACGG,4
ACATACGCAGTAGAGC,2
ACATACGCATCCCACT,3
ACATACGGTATAGGGC,1000
ACATACGGTTCCACAA,1
ACATCAGAGGAGCGAG,5
ACATCAGAGTGGAGAA,1
ACATCAGCAATCCAAC,3
ACATCAGCAGCTATTG,1
ACATCAGCAGTTCATG,1000
ACATCAGGTAGGGTAC,1
ACATCAGGTCATACTG,7
ACATCAGTCAAACCGT,4
ACATCAGTCCTTAATC,4
ACATCAGTCCTTGACC,8
ACATCAGTCTCGTATT,4
ACATCAGTCTCGTTTA,4
ACATCAGTCTGAGGGA,1
ACATGGTCACCGGAAA,7
ACATGGTGTATCACCA,1
ACATGGTGTCTAGAGG,6
ACATGGTGTGCAGACA,3
ACCAGTAAGACAGAGA,5
ACCAGTAAGCTGCCCA,6
ACCAGTAAGGCAATTA,3
ACCAGTAAGTGTGAAT,1
ACCAGTACACCCATTC,5
ACCAGTACACGAAATA,3
ACCAGTACACTGAAGG,4
ACCAGTAGTAAGAGGA,3
ACCAGTAGTTACGTCA,8
ACCAGTATCCCTGACT,3
ACCAGTATCGCAGGCT,1
ACCAGTATCGCGCCAA,3
ACCAGTATCTGGTTCC,1000
ACCCACTAGCCTCGTG,8
ACCCACTAGGGTTTCT,2
ACCCACTCAACGATGG,6
ACCCACTCACCAGTTA,4
ACCCACTCACCCATGG,1
ACCCACTCATCTATGG,8
ACCCACTCATTCCTGC,2
ACCCACTGTAAGTGTA,1
ACCCACTGTAATTGGA,7
ACCCACTGTGACTCAT,1
ACCCACTGTGATGCCC,3
ACCCACTTCTCCAACC,2
ACCGTAAAGAGGGCTT,4
ACCGTAAAGGATGGTC,7
ACCGTAAAGGTAGCTG,4
ACCGTAACAAGACACG,7
ACCGTAACACCGGAAA,5
ACCGTAAGTATATCCG,3
ACCGTAAGTCCATGAT,6
ACCGTAAGTCTGATTG,4
ACCGTAAGTTGAGTTC,7
ACCGTAATCACTGGGC,1
ACCGTAATCACTTACT,5
ACCGTAATCAGGCCCA,8
ACCGTAATCATAAAGG,2
ACCTTTAAGAGCAATT,2
ACCTTTAAGCTGCAAG,3
ACCTTTACAATTGCTG,5
ACCTTTACACATTAGC,3
ACCTTTACATCACCCT,7
ACCTTTACATTAGCCA,3
ACCTTTAGTACGAAAT,5
ACCTTTAGTCCTAGCG,1000
ACCTTTAGTCGCATAT,5
ACCTTTAGTGCTCTTC,2
ACCTTTAGTGGTTTCA,2
ACCTTTAGTTGGAGGT,4
ACCTTTATCGTTGACA,6
ACGAGCCAGAAACCAT,4
ACGAGCCAGACTAGGC,1000
ACGAGCCAGCGATCCC,1
ACGAGCCGTACCGCTG,4
ACGAGCCGTCATACTG,8
ACGAGCCGTCATGCCG,4
ACGAGCCGTCCGTTAA,8
ACGAGCCTCCCTCAGT,2
ACGAGCCTCTTTACAC,5
ACGAGGAAGACGACGT,1000
ACGAGGACAATGGATA,4
ACGAGGACAGCTCCGA,3
ACGAGGACAGGTGGAT,1
ACGAGGAGTAGCTGCC,8
ACGAGGAGTCAATGTC,2
ACGAGGAGTGTTCTTT,3
ACGAGGATCACCTTAT,1
ACGAGGATCACTATTC,3
ACGAGGATCACTTACT,5
ACGAGGATCGGTTCGG,0
ACGAGGATCTCTGAGA,5
ACGATACAGACAGGCT,6
ACGATACAGCCACCTG,2
ACGATACAGGTGCTTT,3
ACGATACAGTGGACGT,1
ACGATACCACACCGCA,3
ACGATACCAGGCAGTA,3
ACGATACGTAGAAAGG,1
ACGATACGTCTCTCTG,3
ACGATACGTTCTGTTT,1
ACGATACTCAATCTCT,4
ACGATACTCACATAGC,1
ACGATACTCGATAGAA,6
ACGATACTCGTCTGAA,0
ACGATACTCTAGCACA,3
ACGATGTAGAATAGGG,1
ACGATGTAGGACTGGT,3
ACGATGTAGGAGTAGA,2
ACGATGTAGTGTCTCA,5
ACGATGTCACGACGAA,1
ACGATGTGTAGCCTCG,5
ACGATGTGTCACTTCC,3
ACGATGTGTCCTAGCG,1000
ACGATGTGTCGACTAT,4
ACGATGTGTTCCCGAG,6
ACGATGTTCAGGCAAG,6
ACGATGTTCATCGGAT,1
ACGATGTTCGGAGCAA,2
ACGATGTTCTACTCAT,8
ACGCAGCAGCACAGGT,8
ACGCAGCAGGATCGCA,7
ACGCAGCAGTGTGGCA,1
ACGCAGCCAGGCAGTA,3
ACGCAGCCAGTATGCT,6
ACGCAGCGTCATATCG,1
ACGCAGCTCCCAAGAT,1000
ACGCAGCTCTACTTAC,8
ACGCAGCTCTGATACG,5
ACGCAGCTCTTGACGA,1
ACGCCAGAGCAACGGT,4
ACGCCAGAGCTGATAA,1
ACGCCAGAGGTCGGAT,5
ACGCCAGCATCCCATC,8
ACGCCAGCATTGGGCC,7
ACGCCAGGTAAAGTCA,8
ACGCCAGGTCGGGTCT,6
ACGCCAGTCTGCTGCT,1
ACGCCGAAGACTAGAT,7
ACGCCGAAGCCACGCT,5
ACGCCGAAGGCTAGGT,8
ACGCCGACAAGCCTAT,4
ACGCCGACAGATGGCA,7
ACGCCGACAGCAGTTT,7
ACGCCGACAGCTGTGC,2
ACGCCGAGTTCCAACA,8
ACGCCGATCAACGGGA,2
ACGCCGATCAGGCCCA,7
ACGCCGATCAGTTAGC,1000
ACGCCGATCGAGCCCA,3
ACGCCGATCTGGTTCC,5
ACGGAGAAGGACAGAA,2
ACGGAGACACGCATCG,7
ACGGAGAGTGATGATA,6
ACGGAGAGTTGCGCAC,4
ACGGAGAGTTTCCACC,7
ACGGAGATCCACGACG,7
ACGGAGATCCTAGTGA,5
ACGGAGATCGTCCAGG,2
ACGGAGATCTGAGTGT,1000
ACGGCCAAGATGTGGC,8
ACGGCCAAGCATCATC,4
ACGGCCACACGAAATA,1000
ACGGCCACACTTCGAA,1
ACGGCCAGTGTGAATA,6
ACGGCCAGTGTGACCC,4
ACGGCCAGTGTTTGGT,6
ACGGCCATCCCTCTTT,5
ACGGCCATCGATGAGG,2
ACGGCCATCTTAGCCC,8
ACGGGCTAGGTGCTTT,4
ACGGGCTAGTATCTCG,2
ACGGGCTCAAGTACCT,3
ACGGGCTCACCATGTA,7
ACGGGCTCACCCATTC,3
ACGGGCTGTCTAAAGA,7
ACGGGCTGTCTCCACT,1000
ACGGGCTTCCGAGCCA,7
ACGGGCTTCGCGCCAA,4
ACGGGCTTCGCTTGTC,5
ACGGGCTTCTCACATT,1
ACGGGCTTCTGTGCAA,2
ACGGGTCAGCGAGAAA,1000
ACGGGTCAGCTACCGC,3
ACGGGTCAGGCAAAGA,8
ACGGGTCAGGCGCTCT,4
ACGGGTCAGTACGCCC,2
ACGGGTCCATCCTTGC,8
ACGGGTCCATGAACCT,7
ACGGGTCCATTCTTAC,5
ACGGGTCGTATAGGTA,5
ACGGGTCGTTGTCTTT,7
ACGGGTCTCCAAATGC,4
ACGGGTCTCCCTTGTG,4
ACGTCAAAGCTGATAA,4
ACGTCAAAGGAATTAC,3
ACGTCAAAGTTGCAGG,3
ACGTCAACACATCTTT,8
ACGTCAACATTTCAGG,3
ACGTCAAGTGGTAACG,3
ACGTCAAGTTTAGGAA,1000
ACGTCAATCGCGGATC,4
ACTATCTAGCATGGCA,5
ACTATCTAGCTCCTTC,6
ACTATCTAGTACACCT,1
ACTATCTCATCTCCCA,6
ACTATCTGTACCGTAT,2
ACTATCTGTAGCGATG,1000
ACTATCTTCGTCCAGG,8
ACTGAACAGAGAACAG,4
ACTGAACAGAGGTTGC,3
ACTGAACAGCTCCTTC,3
ACTGAACCAGCTCGCA,5
ACTGAACCAGTTCATG,4
ACTGAACGTCTACCTC,6
ACTGAACGTTCCTCCA,1
ACTGAACTCGGTTCGG,7
ACTGAGTAGAGGTTGC,7
ACTGAGTAGAGTACAT,7
ACTGAGTAGCTGCCCA,3
ACTGAGTAGGGTGTGT,1
ACTGAGTAGTTTGCGT,7
ACTGAGTCAAACGTGG,1
ACTGAGTCACAGACAG,5
ACTGAGTCACCGCTAG,1
ACTGAGTCACTGTGTA,1000
ACTGAGTCAGGCAGTA,5
ACTGAGTCAGGTGGAT,7
ACTGAGTCATCGACGC,7
ACTGAGTGTAAAGTCA,8
ACTGAGTGTTGGGACA,7
ACTGAGTTCAAGGTAA,1
ACTGAGTTCCTCTAGC,7
ACTGAGTTCTACTCAT,7
ACTGATGAGAAACCGC,7
ACTGATGAGATGCGAC,6
ACTGATGCAGCATACT,1
ACTGATGGTGACGGTA,3
ACTGATGGTTGATTGC,8
ACTGATGTCAGTGCAT,4
ACTGATGTCCGCAGTG,3
ACTGATGTCCTTTCGG,2
ACTGATGTCTCAACTT,1000
ACTGCTCAGATGGGTC,7
ACTGCTCAGCACAGGT,6
ACTGCTCAGTACGCGA,2
ACTGCTCAGTATTGGA,4
ACTGCTCGTAAGGATT,7
ACTGCTCGTCGCGTGT,1
ACTGCTCTCACTATTC,6
ACTGCTCTCCAGGGCT,8
ACTGCTCTCTCCTATA,1000
ACTGCTCTCTTGACGA,5
ACTGTCCCAGTACACT,5
ACTGTCCCAGTATCTG,6
ACTGTCCCATGGGACA,4
ACTGTCCGTCTTGTCC,8
ACTGTCCGTGCGAAAC,4
ACTGTCCGTGGTCCGT,4
ACTGTCCTCGAGAACG,5
ACTGTCCTCGTTTATC,8
ACTGTCCTCTCGCATC,1
ACTGTCCTCTGCTGTC,1
ACTGTCCTCTGCTTGC,1000
ACTTACTAGATCCCGC,1
ACTTACTAGCGTTTAC,1
ACTTACTAGGCGCTCT,4
ACTTACTCAACGCACC,8
ACTTACTCAATCGGTT,1
ACTTACTCACAGAGGT,7
ACTTACTCAGGAACGT,3
ACTTACTCATCCGGGT,1
ACTTACTGTACTTAGC,1
ACTTACTGTTCGTCTC,5
ACTTACTTCCAATGGT,2
ACTTACTTCCCTAACC,5
ACTTACTTCTAACTCT,8
ACTTGTTAGTCTTGCA,7
ACTTGTTCAATCCAAC,3
ACTTGTTCATACTCTT,1
ACTTGTTCATATGCTG,8
ACTTGTTCATCGGAAG,1000
ACTTGTTGTAACGTTC,8
ACTTGTTGTGGTCTCG,2
ACTTGTTGTGTTCTTT,8
ACTTGTTGTTACAGAA,3
ACTTGTTGTTCGGGCT,2
ACTTTCAAGTTGTCGT,7
ACTTTCACAACGCACC,8
ACTTTCACACAAGACG,1
ACTTTCAGTACAGACG,3
ACTTTCAGTCGACTAT,6
ACTTTCAGTGTATGGG,2
ACTTTCAGTTCGTGAT,3
ACTTTCAGTTGATTGC,7
ACTTTCATCAGTCAGT,3
ACTTTCATCGGACAAG,5
AGAATAGAGTACGCGA,2
AGAATAGCAATGTTGC,8
AGAATAGGTAGCGTAG,7
AGAATAGGTATAGGGC,5
AGAATAGGTGTTGGGA,3
AGAATAGGTTGTTTGG,4
AGAATAGGTTTCGCTC,1
AGACGTTAGCTTATCG,1
AGACGTTAGGCTAGAC,5
AGACGTTAGGTGCACA,7
AGACGTTAGTCGTTTG,4
AGACGTTCAAAGTGCG,4
AGACGTTCACCTCGTT,0
AGACGTTCAGGCGATA,2
AGACGTTCATCGGACC,8
AGACGTTGTAAAGGAG,1
AGACGTTGTACCGCTG,6
AGACGTTGTCGCGGTT,5
AGACGTTGTGTGTGCC,8
AGACGTTTCCTTTCGG,8
AGACGTTTCGTCCAGG,2
AGAGCGAAGAGCAATT,5
AGAGCGAAGATATACG,1
AGAGCGAAGCAGGCTA,7
AGAGCGAAGCGCTTAT,7
AGAGCGAAGGAATTAC,3
AGAGCGAAGGAGCGAG,1
AGAGCGAAGGAGTCTG,2
AGAGCGACAGTACACT,5
AGAGCGACAGTCGATT,3
AGAGCGACATCTACGA,4
AGAGCGAGTAGCGCTC,1000
AGAGCGAGTCGCGTGT,5
AGAGCGAGTGGACGAT,7
AGAGCGAGTGGCGAAT,5
AGAGCTTCATGAAGTA,4
AGAGCTTGTAAACACA,1000
AGAGCTTGTCTAGCGC,4
AGAGCTTTCACATAGC,2
AGAGTGGAGAGCCTAG,8
AGAGTGGAGGCATTGG,1000
AGAGTGGCAACGATCT,2
AGAGTGGGTGTCTGAT,1
AGAGTGGGTTGTGGAG,4
AGAGTGGTCAACGAAA,2
AGAGTGGTCACTTATC,2
AGAGTGGTCCGCATAA,2
AGATCTGAGCTAGTCT,6
AGATCTGCACGGATAG,5
AGATCTGGTAACGCGA,1000
AGATCTGTCATTTGGG,8
AGATCTGTCCCAAGAT,4
AGATCTGTCTACGAGT,4
AGATCTGTCTTCTGGC,2
AGATTGCAGCACACAG,8
AGATTGCAGGCTCATT,6
AGATTGCAGGGCACTA,3
AGATTGCCAAAGTGCG,6
AGATTGCCAGACTCGC,3
AGATTGCCATCCGCGA,8
AGATTGCGTAAACCTC,5
AGATTGCGTGAGGGTT,2
AGATTGCTCATACGGT,1
AGCAGCCAGCGCCTCA,1
AGCAGCCAGGCTAGCA,8
AGCAGCCAGGGTCTCC,7
AGCAGCCCAGCGTTCG,2
AGCAGCCCATTGCGGC,1
AGCAGCCGTCAAGCGA,7
AGCAGCCGTCTTGTCC,5
AGCAGCCGTTCGTGAT,5
AGCATACCATGTCCTC,1000
AGCCTAAAGCCGCCTA,5
AGCCTAAAGTGAACGC,6
AGCCTAACAGGATCGA,7
AGCCTAACAGTCACTA,5
AGCCTAAGTTGGAGGT,4
AGCCTAAGTTTGGCGC,8
AGCCTAATCACTCCTG,3
AGCCTAATCCCATTAT,6
AGCGGTCAGCTAGTGG,8
AGCGGTCAGGCTAGGT,0
AGCGGTCCAAGTCTAC,7
AGCGGTCCAATAGCGG,3
AGCGGTCCAATGGACG,4
AGCGGTCCAATGGTCT,3
AGCGGTCGTTCGTTGA,5
AGCGGTCGTTTGACTG,8
AGCGGTCTCCCTAACC,5
AGCGTATAGTAAGTAC,8
AGCGTATCACCTCGTT,6
AGCGTATCAGATGGCA,7
AGCGTATCATCCGCGA,4
AGCGTATCATGCTGGC,8
AGCGTATGTGGACGAT,6
AGCGTATGTTACGGAG,2
AGCGTATGTTGGTGGA,6
AGCGTATTCACCATAG,3
AGCGTATTCCAAGCCG,5
AGCGTATTCGAACGGA,4
AGCGTATTCGCCAAAT,1
AGCGTATTCGCGCCAA,4
AGCGTCGAGAAACCAT,6
AGCGTCGAGACTAGAT,1000
AGCGTCGAGACTTTCG,8
AGCGTCGAGTCTTGCA,7
AGCGTCGCAACGATGG,8
AGCGTCGCACTACAGT,5
AGCGTCGCATCGGGTC,6
AGCGTCGGTGAGGGTT,3
AGCGTCGGTGGTACAG,3
AGCGTCGGTGTTCTTT,7
AGCGTCGGTTAGTGGG,2
AGCGTCGTCAAGGCTT,4
AGCGTCGTCAATCACG,5
AGCGTCGTCGGCGGTT,4
AGCGTCGTCTGCGTAA,3
AGCTCCTAGAGAACAG,4
AGCTCCTAGCCCGAAA,7
AGCTCCTCAAGACGTG,2
AGCTCCTCACCGCTAG,1000
AGCTCCTCAGGGTTAG,1
AGCTCCTGTACATCCA,5
AGCTCCTGTAGAAAGG,1000
AGCTCCTGTCGAAAGC,6
AGCTCCTGTCGACTGC,2
AGCTCCTTCGCGCCAA,1
AGCTCCTTCGTTGCCT,2
AGCTCTCAGGATGGAA,5
AGCTCTCAGGCGACAT,4
AGCTCTCAGTATCGAA,2
AGCTCTCCATATACCG,5
AGCTCTCGTCTGCGGT,2
AGCTCTCTCACTCCTG,1
AGCTCTCTCCTATGTT,4
AGCTCTCTCGCCAGCA,3
AGCTCTCTCGGCATCG,1
AGCTTGAAGATCCCAT,6
AGCTTGAAGCTGTCTA,3
AGCTTGAAGGCTAGAC,8
AGCTTGAAGGGTGTGT,6
AGCTTGAAGTACGTAA,1
AGCTTGAAGTGTCCAT,5
AGCTTGAAGTTACGGG,6
AGCTTGAAGTTCGCGC,6
AGCTTGACATAAGACA,7
AGCTTGACATGACGGA,3
AGCTTGAGTGACGGTA,2
AGCTTGAGTTAAAGTG,1000
AGCTTGATCAACACGT,0
AGCTTGATCCAAAGTC,3
AGCTTGATCGTTTATC,4
AGGCCACAGATGAGAG,1000
AGGCCACAGCTCTCGG,3
AGGCCACAGGGTCGAT,7
AGGCCACCAACACGCC,4
AGGCCACGTGATGCCC,5
AGGCCACGTTACAGAA,1
AGGCCACTCGAACGGA,1
AGGCCACTCGCGGATC,7
AGGCCACTCGTCTGCT,1
AGGCCACTCTCACATT,1
AGGCCGTAGCACACAG,1
AGGCCGTAGCCAGAAC,7
AGGCCGTAGCTACCGC,7
AGGCCGTAGGACCACA,3
AGGCCGTAGGGTCTCC,3
AGGCCGTCAAAGTCAA,4
AGGCCGTCACACTGCG,4
AGGCCGTCACCGAAAG,6
AGGCCGTCATCGGGTC,4
AGGCCGTCATGATCCA,4
AGGCCGTCATGGTCAT,8
AGGCCGTGTAATCACC,4
AGGCCGTGTTCAGTAC,3
AGGCCGTTCAACTCTT,1
AGGCCGTTCAGCTCGG,4
AGGCCGTTCAGTGTTG,1000
AGGCCGTTCTTGTATC,6
AGGGAGTAGTTTGCGT,6
AGGGAGTCAATCAGAA,4
AGGGAGTCATGAAGTA,5
AGGGAGTCATTTCACT,1
AGGGAGTCATTTCAGG,5
AGGGAGTGTGTAAGTA,6
AGGGAGTTCACCCTCA,7
AGGGAGTTCTGACCTC,6
AGGGATGAGAATGTTG,1000
AGGGATGAGCCAGTAG,8
AGGGATGAGCGTAATA,3
AGGGATGAGTACCGGA,6
AGGGATGCAAAGCAAT,3
AGGGATGCAAGCCGTC,7
AGGGATGGTAGAAAGG,3
AGGGATGTCCCACTTG,3
AGGGATGTCGATCCCT,3
AGGGTGAAGACACGAC,4
AGGGTGAAGACAGGCT,5
AGGGTGAAGCCACGTC,1
AGGGTGAAGCGCCTTG,5
AGGGTGAAGTGCCATT,5
AGGGTGAAGTGGGATC,2
AGGGTGACACACGCTG,1
AGGGTGACATTAGCCA,1000
AGGGTGAGTCCAGTGC,1000
AGGGTGATCAGCGACC,1
AGGGTGATCATGTAGC,1
AGGGTGATCCAAGTAC,7
AGGGTGATCCCTCAGT,5
AGGGTGATCTCTAAGG,1
AGGTCATAGCGTAATA,1
AGGTCATAGTATTGGA,3
AGGTCATCACCACGTG,6
AGGTCATCACGGCCAT,1000
AGGTCATCAGACAAAT,1000
AGGTCATGTACCGGCT,1000
AGGTCATGTCGCGGTT,7
AGGTCATGTGCACCAC,1000
AGGTCATGTGCTCTTC,6
AGGTCATTCAATAAGG,7
AGGTCATTCATAACCG,2
AGGTCATTCTACGAGT,5
AGGTCATTCTGACCTC,1000
AGGTCCGAGACAATAC,8
AGGTCCGAGCCCAATT,1000
AGGTCCGAGGCTAGCA,4
AGGTCCGAGGGCACTA,8
AGGTCCGCAAGGTTTC,1
AGGTCCGCACATCCGG,1000
AGGTCCGCAGGAATGC,2
AGGTCCGCATCGTCGG,7
AGGTCCGGTTCACGGC,1
AGGTCCGTCAGGTTCA,3
AGTAGTCAGAGGTACC,1
AGTAGTCCAAACGTGG,7
AGTAGTCCAATCTGCA,1
AGTAGTCCAATGGAAT,5
AGTAGTCCAGACTCGC,0
AGTAGTCGTCAGATAA,6
AGTAGTCGTGCATCTA,4
AGTAGTCGTGTCAATC,3
AGTAGTCTCAACCAAC,1000
AGTAGTCTCACTTACT,6
AGTAGTCTCCATGCTC,1
AGTAGTCTCCCAGGTG,5
AGTAGTCTCCTGTACC,1000
AGTCTTTAGAAAGTGG,1
AGTCTTTAGACGCAAC,3
AGTCTTTAGGGAGTAA,1000
AGTCTTTAGTGGGCTA,5
AGTCTTTAGTGTCTCA,7
AGTCTTTCAATTGCTG,6
AGTCTTTCACGGCGTT,4
AGTCTTTCATGTCGAT,4
AGTCTTTGTCATGCAT,5
AGTCTTTGTCTCAACA,1
AGTCTTTTCAACGAAA,7
AGTCTTTTCCACGAAT,3
AGTCTTTTCCTTTACA,5
AGTGAGGAGATGAGAG,3
AGTGAGGGTGCAACGA,1
AGTGAGGGTTCACGGC,7
AGTGAGGTCAAAGTAG,2
AGTGAGGTCGGTTCGG,4
AGTGGGAAGACTGTAA,7
AGTGGGACATGCCTAA,0
AGTGGGAGTAAATACG,5
AGTGGGAGTAATCGTC,2
AGTGGGAGTACCGCTG,4
AGTGGGAGTTTGCATG,7
AGTGGGATCGCCTGTT,3
AGTGGGATCGTACGGC,6
AGTGGGATCTGCTTGC,4
AGTGTCAAGCGATATA,5
AGTGTCACAATGGACG,2
AGTGTCACAATGGATA,7
AGTGTCACAGATGGGT,3
AGTGTCAGTGTTTGGT,7
AGTGTCAGTTATCACG,1000
AGTGTCATCACGCGGT,3
AGTGTCATCCTTTACA,1
AGTGTCATCGTGGGAA,8
AGTTGGTAGAAACCGC,3
AGTTGGTAGTCTCAAC,1
AGTTGGTCAGATCTGT,5
AGTTGGTGTAAGCACG,6
AGTTGGTGTCGTGGCT,1000
AGTTGGTGTTACCGAT,1000
AGTTGGTTCACAAACC,7
AGTTGGTTCGTCTGAA,6
ATAACGCAGCGATCCC,7
ATAACGCCACAGATTC,8
ATAACGCCACGGATAG,1
ATAACGCCATCACGAT,6
ATAACGCCATCTCGCT,1
ATAACGCGTCGCGTGT,1
ATAACGCGTTCAGCGC,2
ATAACGCTCAATCACG,1000
ATAACGCTCGTCACGG,1
ATAAGAGAGGCTACGA,1000
ATAAGAGCAGATAATG,1
ATAAGAGCATGCCTAA,8
ATAAGAGCATGTAAGA,8
ATAAGAGTCATAAAGG,3
ATAAGAGTCGTCGTTC,4
ATAGACCAGCCGTCGT,5
ATAGACCAGCGTGAGT,8
ATAGACCCAAGCCGCT,1000
ATAGACCGTCCCGACA,6
ATAGACCGTCCGTCAG,8
ATAGACCGTCGCGAAA,3
ATAGACCGTGACCAAG,3
ATAGACCTCCAACCAA,1000
ATAGACCTCTATCGCC,7
ATCACGAAGACTACAA,3
ATCACGAAGATACACA,1000
ATCACGAAGGAATCGC,1
ATCACGAAGGATATAC,3
ATCACGAAGGTGCACA,1
ATCACGACAAAGTCAA,7
ATCACGACAAGTAATG,5
ATCACGACAAGTACCT,1000
ATCACGACAGGGTACA,4
ATCACGACAGTAACGG,3
ATCACGACATGTCCTC,2
ATCACGATCACGCATA,1
ATCACGATCAGCGACC,8
ATCACGATCTACGAGT,1000
ATCATCTAGAGGTAGA,6
ATCATCTAGATCCCAT,5
ATCATCTAGTGATCGG,6
ATCATCTCATTACGAC,1
ATCATCTGTACTCTCC,6
ATCATCTGTGAAAGAG,5
ATCATCTGTGCAACGA,6
ATCATCTGTTGGTAAA,1
ATCATCTTCAAAGTAG,1
ATCATCTTCACGACTA,7
ATCATCTTCGATGAGG,3
ATCATGGAGAGAACAG,1
ATCATGGAGCTAGTCT,4
ATCATGGAGGGTATCG,1
ATCATGGAGTGTTTGC,2
ATCATGGCAAGGTGTG,1
ATCATGGCACCCAGTG,8
ATCATGGCATACGCCG,7
ATCATGGGTATTCTCT,4
ATCATGGGTTCCGGCA,7
ATCATGGTCGATAGAA,1
ATCATGGTCGGAGGTA,1
ATCATGGTCGTTTAGG,8
ATCCACCCAAGCTGAG,5
ATCCACCCAATGGAGC,1000
ATCCACCCAGCTGTGC,1
ATCCACCGTCTTGATG,7
ATCCACCGTGCAACGA,8
ATCCACCGTGCGCTTG,1000
ATCCACCGTTATCGGT,5
ATCCACCTCAGAGCTT,1
ATCCACCTCCTGCTTG,5
ATCCACCTCGAATCCA,3
ATCCACCTCTCTGTCG,2
ATCCGAAAGAAGGACA,1000
ATCCGAAAGATCGATA,5
ATCCGAAAGCAGGTCA,3
ATCCGAAAGCGTGTCC,1
ATCCGAAAGGAGTTGC,4
ATCCGAACAATCAGAA,1
ATCCGAACACGGCCAT,1000
ATCCGAACAGTAACGG,1000
ATCCGAAGTCCCTACT,2
ATCCGAAGTCTAGTCA,7
ATCCGAAGTGACTACT,1
ATCCGAAGTGCACGAA,8
ATCCGAAGTGCTCTTC,1000
ATCCGAAGTTCCACTC,4
ATCCGAAGTTTCGCTC,3
ATCCGAATCAGTACGT,4
ATCCGAATCCAAATGC,7
ATCCGAATCCACGAAT,2
ATCCGAATCCGTACAA,1
ATCCGAATCCTCATTA,1000
ATCCGAATCTTGTCAT,4
ATCGAGTAGAGTTGGC,2
ATCGAGTAGCAGCCTC,6
ATCGAGTAGCTAGCCC,5
ATCGAGTAGTAGTGCG,1
ATCGAGTCAAATACAG,3
ATCGAGTCATCCTTGC,1000
ATCGAGTGTTATCGGT,4
ATCGAGTTCACTCTTA,6
ATCGAGTTCTTACCTA,7
ATCTACTAGAATAGGG,5
ATCTACTAGACTAGGC,5
ATCTACTAGAGGGCTT,8
ATCTACTAGCCTCGTG,5
ATCTACTAGGAATGGA,7
ATCTACTAGGGTTTCT,1
ATCTACTCATCCGTGG,8
ATCTACTCATTCCTCG,1000
ATCTACTCATTCTCAT,6
ATCTACTGTATCGCAT,8
ATCTACTGTCAGATAA,5
ATCTACTTCAGTACGT,3
ATCTACTTCATACGGT,6
ATCTACTTCCGTCAAA,7
ATCTACTTCTGTCTAT,7
ATCTGCCAGACTAGGC,5
ATCTGCCAGAGGTTGC,8
ATCTGCCAGAGTGACC,1
ATCTGCCAGGGTTCCC,1
ATCTGCCCACCATCCT,1000
ATCTGCCCACTAAGTC,4
ATCTGCCCAGCCAATT,5
ATCTGCCCAGCTCCGA,5
ATCTGCCCAGCTTCGG,1
ATCTGCCGTAAACACA,8
ATCTGCCGTCTCATCC,4
ATCTGCCTCAAACCGT,3
ATCTGCCTCAGTTCGA,7
ATGAGGGAGCAACGGT,8
ATGAGGGGTAATCACC,3
ATGAGGGGTAGCAAAT,4
ATGAGGGGTAGCGTCC,3
ATGAGGGGTCCCTACT,0
ATGAGGGGTCCTGCTT,8
ATGAGGGGTCGTTGTA,7
ATGAGGGGTCTCCATC,1
ATGAGGGGTGCACCAC,4
ATGAGGGGTTAAAGTG,1
ATGAGGGGTTAAGATG,8
ATGAGGGGTTGCGCAC,5
ATGAGGGTCAGGCCCA,3
ATGCGATAGATCACGG,2
ATGCGATAGGAGTTGC,5
ATGCGATAGTGACTCT,8
ATGCGATCAAGTAGTA,8
ATGCGATGTTGTGGAG,1
ATGCGATTCAGCTCTC,1000
ATGCGATTCCACTGGG,7
ATGCGATTCTACCAGA,3
ATGGGAGAGAGGGATA,2
ATGGGAGAGATGGGTC,5
ATGGGAGAGTCAATAG,8
ATGGGAGAGTCTCAAC,5
ATGGGAGAGTGAACGC,6
ATGGGAGCACATTCGA,5
ATGGGAGCAGTCGATT,7
ATGGGAGCATGCTAGT,4
ATGGGAGGTAGCAAAT,6
ATGGGAGGTGTCTGAT,1000
ATGTGTGAGAAGATTC,4
ATGTGTGAGCTGAACG,5
ATGTGTGCAATGTAAG,4
ATGTGTGCACAGGTTT,7
ATGTGTGCACGCCAGT,4
ATGTGTGCATAGAAAC,3
ATGTGTGCATGGTCTA,1000
ATGTGTGTCAGGCAAG,1
ATGTGTGTCCACGACG,7
ATGTGTGTCCCTAACC,8
ATGTGTGTCTATCGCC,6
ATTACTCAGGAGTTGC,8
ATTACTCCACCTGGTG,1
ATTACTCCACGCATCG,2
ATTACTCCACTTAAGC,3
ATTACTCGTAAATGAC,3
ATTACTCGTAGCGATG,0
ATTACTCGTATTACCG,4
ATTACTCGTTCCACTC,5
ATTACTCTCACAACGT,3
ATTACTCTCATGCTCC,4
ATTACTCTCCAGAAGG,5
ATTACTCTCCAGTAGT,4
ATTACTCTCGGAAATA,4
ATTACTCTCGGTTAAC,1000
ATTACTCTCTCGCTTG,1000
ATTATCCAGTAGGCCA,1000
ATTATCCAGTTACGGG,1000
ATTATCCCAGCGTAAG,1
ATTATCCCAGGAACGT,5
ATTATCCGTCCGTTAA,5
ATTATCCGTCTCTTAT,3
ATTATCCGTGTCCTCT,5
ATTATCCTCAACGCTA,1
ATTATCCTCGCAGGCT,3
ATTCTACAGAGTGAGA,4
ATTCTACAGATGTGGC,2
ATTCTACAGCCACTAT,1
ATTCTACAGTGCAAGC,6
ATTCTACAGTGGCACA,3
ATTCTACAGTTGAGAT,8
ATTCTACAGTTGTAGA,5
ATTCTACCAAGCGATG,6
ATTCTACCAAGGACAC,4
ATTCTACCACATTCGA,7
ATTCTACCAGATAATG,7
ATTCTACGTCATATGC,1000
ATTCTACGTTAGGGTG,4
ATTCTACTCATCTGCC,8
ATTCTACTCCAAAGTC,7
ATTCTACTCTTACCTA,2
ATTGGACAGCTTCGCG,7
ATTGGACCAAAGTCAA,3
ATTGGACCACCGGAAA,4
ATTGGACCAGGATCGA,6
ATTGGACGTCCAGTTA,2
ATTGGACGTTCACGGC,6
ATTGGACTCCACGACG,6
ATTGGACTCGGCGCAT,7
ATTGGACTCTTGAGGT,8
ATTGGACTCTTTAGTC,5
ATTGGTGAGGATTCGG,6
ATTGGTGAGTCGTACT,3
ATTGGTGCAGCCAATT,1
ATTGGTGCAGGGTTAG,7
ATTGGTGGTACTTCTT,5
ATTGGTGGTAGGGTAC,1
ATTGGTGGTTCCCTTG,1
ATTGGTGGTTCCGTCT,1000
ATTTCTGAGAAGGTGA,7
ATTTCTGAGCTCAACT,7
ATTTCTGAGCTGCAAG,7
ATTTCTGCACTTGGAT,2
ATTTCTGCAGTTCCCT,8
ATTTCTGGTAGCTGCC,3
ATTTCTGGTCGAACAG,6
ATTTCTGTCACTTCAT,2
ATTTCTGTCAGCACAT,3
ATTTCTGTCATTGCCC,8
ATTTCTGTCGCTTGTC,4
ATTTCTGTCGGTGTCG,1
CAACCAAAGAACAACT,1
CAACCAAAGAAGGGTA,7
CAACCAAAGGCATGTG,4
CAACCAAAGTCTCGGC,1000
CAACCAACAACGATGG,8
CAACCAACATGAAGTA,8
CAACCAAGTCGCTTTC,7
CAACCAATCACGCATA,3
CAACCAATCTCTGTCG,4
CAACCTCAGGCAAAGA,6
CAACCTCAGGCTCATT,7
CAACCTCAGTCTCCTC,3
CAACCTCCAGGTCCAC,3
CAACCTCGTAGATTAG,1000
CAACCTCGTGCAACGA,6
CAACCTCTCCCTAATT,1
CAACCTCTCCTAGTGA,1
CAACCTCTCTCTGAGA,2
CAACTAGAGAGGGATA,1
CAACTAGAGGCACATG,8
CAACTAGAGGTGTTAA,3
CAACTAGCAAATACAG,6
CAACTAGCAAGCTGTT,5
CAACTAGCAGTCCTTC,1000
CAACTAGCAGTGGAGT,1
CAACTAGCATTGGTAC,4
CAACTAGGTCACAAGG,5
CAACTAGGTCCGAATT,2
CAACTAGTCACATGCA,8
CAACTAGTCCGCGCAA,1000
CAAGAAAAGACAGACC,3
CAAGAAAAGAGGTTGC,3
CAAGAAAAGGTGCACA,1000
CAAGAAACAAGGTGTG,7
CAAGAAACACCACCAG,5
CAAGAAACAGCTGGCT,1
CAAGAAACATATGAGA,8
CAAGAAACATGTCGAT,4
CAAGAAAGTTCCAACA,5
CAAGAAATCACGAAGG,2
CAAGAAATCCAGTAGT,5
CAAGAAATCTTGTCAT,8
CAAGATCAGAAGGGTA,2
CAAGATCAGACCTAGG,8
CAAGATCAGGCCATAG,7
CAAGATCAGTATTGGA,6
CAAGATCAGTCGCCGT,5
CAAGATCAGTGTCCCG,4
CAAGATCCAAAGAATC,4
CAAGATCCAAGGACAC,8
CAAGATCCATCTACGA,1
CAAGATCGTATATGGA,7
CAAGATCGTCCGAAGA,6
CAAGATCGTCCTGCTT,0
CAAGATCGTGCGGTAA,8
CAAGATCTCAAGGTAA,8
CAAGATCTCTCCAGGG,5
CAAGATCTCTTCGAGA,1
CAAGATCTCTTGGGTA,1
CAAGGCCAGACAATAC,1
CAAGGCCAGAGCTATA,1
CAAGGCCAGGCGCTCT,4
CAAGGCCAGTGTCCAT,5
CAAGGCCCAATGAAAC,6
CAAGGCCCACACATGT,7
CAAGGCCCACAGTCGC,1
CAAGGCCCAGACAGGT,4
CAAGGCCGTAAACCTC,1
CAAGGCCGTGTTCTTT,5
CAAGGCCGTTAAAGAC,1
CAAGGCCTCCTGCCAT,1
CAAGGCCTCCTGTACC,4
CAAGGCCTCTGCGTAA,3
CAAGGCCTCTTGGGTA,4
CAAGTTGAGAGGTTAT,1000
CAAGTTGAGCAGACTG,8
CAAGTTGAGCCTATGT,0
CAAGTTGCAATAGCGG,5
CAAGTTGCAATGAAAC,5
CAAGTTGCACATGTGT,1
CAAGTTGGTCATGCAT,5
CAAGTTGGTCGCGGTT,3
CAAGTTGGTTCCGTCT,1
CAAGTTGTCCAACCAA,5
CAAGTTGTCCTCGCAT,6
CAAGTTGTCGTGGTCG,1000
CAAGTTGTCTCTGCTG,5
CACAAACAGGTACTCT,3
CACAAACAGGTCATCT,1
CACAAACAGTGACATA,7
CACAAACCAAGTTGTC,4
CACAAACCATACGCTA,8
CACAAACCATACTACG,6
CACAAACCATTCACTT,4
CACAAACGTCCAGTGC,7
CACAAACGTCCGCTGA,3
CACAAACGTGATGTCT,5
CACAAACTCAGTTGAC,4
CACAAACTCCAACCAA,8
CACAAACTCCTCATTA,1
CACAAACTCGGCGCTA,4
CACACAAAGATCGATA,7
CACACAAAGCTAAGAT,3
CACACAAAGCTACCGC,5
CACACAAAGGCACATG,8
CACACAACAAGCTGAG,6
CACACAACAGCGTCCA,5
CACACAACATATACGC,6
CACACAAGTAGAAGGA,1
CACACAAGTCAGGACA,5
CACACAATCATAAAGG,1000
CACACAATCATAGCAC,1
CACACAATCCAATGGT,0
CACACAATCGTACCGG,4
CACACCTAGCTTATCG,5
CACACCTAGGTCATCT,0
CACACCTAGTACATGA,3
CACACCTCAAACCTAC,1
CACACCTCAAGGTTTC,3
CACACCTGTACAGACG,1
CACACCTGTCTTCGTC,8
CACACCTGTGAACCTT,1
CACACCTGTGTTTGGT,3
CACACCTTCACAAACC,1
CACACCTTCGGCGCTA,4
CACACCTTCTCAAACG,3
CACACTCGTACTCTCC,3
CACACTCGTCATCGGC,1000
CACACTCGTTAAGATG,2
CACACTCGTTGGTAAA,8
CACACTCTCAGGCAAG,3
CACACTCTCTCAAACG,1
CACACTCTCTCCGGTT,8
CACACTCTCTTGAGGT,8
CACACTCTCTTGTTTG,8
CACAGGCAGCTGCAAG,0
CACAGGCAGTCATCCA,2
CACAGGCAGTGTACGG,6
CACAGGCCACCATCCT,4
CACAGGCCAGATTGCT,4
CACAGGCCAGCATGAG,7
CACAGGCGTGTGGCTC,8
CACAGGCGTTCGGGCT,1000
CACAGGCTCTAACTCT,5
CACAGTAAGACGCAAC,8
CACAGTACAAGCCGCT,5
CACAGTACAGACTCGC,7
CACAGTACATTCCTCG,1000
CACAGTAGTGGCTCCA,6
CACAGTAGTTTACTCT,8
CACAGTATCAACGCTA,7
CACAGTATCCTATGTT,2
CACAGTATCCTGCAGG,8
CACAGTATCCTTGGTC,1
CACAGTATCTGCGACG,7
CACATAGAGACCCACC,8
CACATAGAGGATGGAA,1
CACATAGCACTAGTAC,0
CACATAGCAGACGCTC,5
CACATAGGTCAGGACA,7
CACATAGTCAGCCTAA,1
CACATAGTCATAGCAC,3
CACATAGTCGCGTAGC,1
CACATAGTCTAACCGA,7
CACATTTAGAGTACAT,3
CACATTTAGATGTTAG,1000
CACATTTCAATTCCTT,7
CACATTTCACAGATTC,6
CACATTTGTAAGGGCT,1000
CACATTTGTGACTCAT,7
CACATTTTCGTATCAG,6
CACCACTAGAGATGAG,5
CACCACTAGGGTCGAT,2
CACCACTAGGTTCCTA,5
CACCACTAGTGGAGAA,1
CACCACTAGTTACCCA,7
CACCACTCACACCGAC,7
CACCACTCATCCAACA,1
CACCACTTCGCCGTGA,1
CACCACTTCGTAGGTT,2
CACCACTTCTGCGACG,4
CACCAGGAGAACAACT,1
CACCAGGAGGAACTGC,2
CACCAGGAGGGAAACA,1
CACCAGGAGTAATCCC,3
CACCAGGCAAGCCGTC,3
CACCAGGCAAGTCTAC,3
CACCAGGCAGCTGGCT,8
CACCAGGGTGTAATGA,6
CACCAGGTCAACACTG,5
CACCAGGTCATTGCGA,1
CACCAGGTCTCACATT,5
CACCTTGAGACAGAGA,7
CACCTTGAGTCCCACG,3
CACCTTGCACCCATTC,0
CACCTTGGTAAGGGCT,3
CACCTTGGTAGCGTGA,5
CACCTTGGTCTAGCCG,6
CACCTTGGTCTCCACT,6
CACCTTGGTGTTCGAT,1
CACCTTGGTTCGGCAC,1000
CACCTTGTCTCTAGGA,1
CACTCCAAGCTCTCGG,6
CACTCCAAGGTACTCT,2
CACTCCACAGGGATTG,6
CACTCCACATTTCAGG,1000
CACTCCACATTTGCTT,1
CACTCCAGTTGGTGGA,8
CACTCCATCAGTTTGG,5
CACTCCATCCGAACGC,5
CAGAATCAGTGTACGG,1
CAGAATCCACTCTGTC,1
CAGAATCCATGTAGTC,1
CAGAATCGTACTTCTT,5
CAGAATCGTCCGAAGA,1
CAGAATCTCAACTCTT,3
CAGAGAGAGAGGACGG,3
CAGAGAGAGATGCGAC,2
CAGAGAGAGCAAATCA,4
CAGAGAGCAAGGACAC,5
CAGAGAGCAAGGCTCC,1
CAGAGAGCACGGCTAC,7
CAGAGAGGTCACAAGG,1
CAGAGAGGTCGGATCC,7
CAGAGAGGTGCTTCTC,1000
CAGAGAGGTGGTGTAG,5
CAGAGAGGTGTGCCTG,6
CAGAGAGTCAGTGTTG,1000
CAGAGAGTCGAGCCCA,7
CAGAGAGTCTGGTGTA,1
CAGATCAAGAAGGACA,4
CAGATCAAGGTGATAT,8
CAGATCACACTTCGAA,6
CAGATCACATGTAGTC,4
CAGATCATCGTTACAG,1
CAGCAGCAGACTCGGA,3
CAGCAGCAGCGGATCA,5
CAGCAGCAGCTAAACA,4
CAGCAGCAGGCAGTCA,1
CAGCAGCAGTACGCCC,2
CAGCAGCAGTTGTAGA,2
CAGCAGCCAAAGGCGT,1
CAGCAGCCACTGTCGG,8
CAGCAGCCAGCGTTCG,2
CAGCAGCCAGTAACGG,0
CAGCATAAGAACTGTA,7
CAGCATAAGCAGCCTC,7
CAGCATAAGCGGCTTC,5
CAGCATAAGCTACCGC,2
CAGCATAAGGAGTCTG,8
CAGCATAAGTGCCATT,8
CAGCATACACCGAATT,5
CAGCATACAGACGCTC,7
CAGCATAGTGTGTGCC,2
CAGCATATCAGTTCGA,2
CAGCATATCCAACCAA,5
CAGCATATCCATGAGT,6
CAGCCGAAGGGCTTGA,1000
CAGCCGACAGGTGCCT,6
CAGCCGAGTCATATCG,3
CAGCCGAGTTTCCACC,8
CAGCCGAGTTTGTGTG,5
CAGCCGATCAAGATCC,2
CAGCCGATCCGTACAA,4
CAGCGACAGACACGAC,1
CAGCGACAGATGCCAG,3
CAGCGACAGCAATCTC,8
CAGCGACAGTCATGCT,4
CAGCGACAGTTGTAGA,8
CAGCGACAGTTTAGGA,1
CAGCGACCACAAGTAA,6
CAGCGACCACATGGGA,5
CAGCGACCAGGCTGAA,7
CAGCGACGTCGGCATC,6
CAGCGACGTCTGCCAG,5
CAGCGACGTTACGACT,8
CAGCGACTCAAGGTAA,1
CAGCGACTCACCATAG,5
CAGCGACTCAGGCGAA,7
CAGCGACTCTCGATGA,7
CAGCTAAAGCTAGTTC,2
CAGCTAAAGGCATGGT,8
CAGCTAAAGTGTCCCG,4
CAGCTAAGTCAAGCGA,5
CAGCTAAGTCTCCATC,8
CAGCTAAGTGTTAAGA,7
CAGCTAATCAACACAC,1
CAGCTAATCAGCACAT,3
CAGCTAATCTGGGCCA,6
CAGCTGGAGCTAACTC,7
CAGCTGGCACCATCCT,5
CAGCTGGCACCTCGTT,8
CAGCTGGCATTTCACT,1
CAGCTGGGTAAATGTG,5
CAGCTGGGTAACGCGA,8
CAGCTGGGTTGTCGCG,4
CAGCTGGTCCAAAGTC,7
CAGGTGCAGACCTTTG,6
CAGGTGCAGAGGTTGC,7
CAGGTGCAGCAGCCTC,4
CAGGTGCAGCCACGTC,6
CAGGTGCAGGAGTTGC,4
CAGGTGCCAACTGGCC,4
CAGGTGCCAGTAAGCG,5
CAGGTGCGTCTAAAGA,3
CAGGTGCGTGCACGAA,7
CAGGTGCTCCGCGTTT,5
CAGGTGCTCCTCAATT,1
CAGGTGCTCTGTGCAA,2
CAGGTGCTCTTAGCCC,7
CAGTAACAGATCCTGT,8
CAGTAACAGGCCCTCA,6
CAGTAACAGTAGCGGT,7
CAGTAACCAATAGCGG,6
CAGTAACCACAGCCCA,7
CAGTAACCAGTCTTCC,5
CAGTAACTCAGTGTTG,5
CAGTAACTCATTGCCC,1
CAGTAACTCGGAGCAA,4
CAGTAACTCGTGGGAA,5
CAGTAACTCTACTATC,7
CAGTAACTCTCGCTTG,2
CAGTAACTCTGATACG,1
CAGTCCTAGAATGTTG,1
CAGTCCTAGAGTGACC,3
CAGTCCTAGCACAGGT,1
CAGTCCTCAAACTGTC,6
CAGTCCTGTAAGAGAG,8
CAGTCCTGTCTCCATC,1
CAGTCCTGTGTCTGAT,5
CAGTCCTTCGCCAAAT,6
CAGTCCTTCTTTAGTC,8
CATATGGAGATCGGGT,7
CATATGGAGGGTGTGT,6
CATATGGAGTACGCGA,3
CATATGGAGTAGGTGC,2
CATATGGGTACTCGCG,1
CATATGGGTCGTTGTA,5
CATATTCAGAGCAATT,2
CATATTCAGCACCGTC,5
CATATTCAGCCAGAAC,2
CATATTCAGCGTGTCC,7
CATATTCCACCCTATC,5
CATATTCCAGGACCCT,4
CATATTCCAGGATTGG,8
CATATTCCAGTAAGAT,3
CATATTCGTCAAACTC,8
CATATTCGTCCCTACT,1
CATATTCGTGTTAAGA,5
CATATTCGTTTGGCGC,7
CATATTCTCATCTGCC,1000
CATATTCTCATTGCCC,4
CATATTCTCGATAGAA,1
CATATTCTCGTCGTTC,5
CATATTCTCTACCAGA,3
CATATTCTCTTGCCGT,4
CATCAAGAGCTGTTCA,2
CATCAAGAGGGCACTA,1000
CATCAAGAGTCCCACG,0
CATCAAGAGTGCTGCC,4
CATCAAGCAGATTGCT,2
CATCAAGCATCGATTG,8
CATCAAGCATTGCGGC,5
CATCAAGGTACCGTTA,7
CATCAAGGTCTCTCGT,7
CATCAAGTCACAAACC,1
CATCAAGTCCTTGCCA,1
CATCAAGTCTCGATGA,8
CATCAAGTCTTCCTTC,5
CATCAGAAGAGTGAGA,7
CATCAGAAGATTACCC,1
CATCAGAAGCGTTCCG,1
CATCAGAAGGCATTGG,2
CATCAGAAGGTTACCT,3
CATCAGAAGTAGGCCA,1000
CATCAGACAGTCAGCC,4
CATCAGACAGTTCATG,1
CATCAGAGTAGCTAAA,2
CATCAGAGTAGGCTGA,0
CATCAGAGTAGGGTAC,2
CATCAGAGTATTCGTG,3
CATCAGAGTCCGAAGA,2
CATCAGATCAACCATG,3
CATCAGATCATAGCAC,4
CATCCACCATAACCTG,1
CATCCACCATTTGCTT,6
CATCCACGTCATTAGC,8
CATCCACGTTGGAGGT,7
CATCCACTCAGTCAGT,1
CATCCACTCCAAATGC,8
CATCCACTCGATCCCT,3
CATCGAAAGAAACGCC,5
CATCGAAAGCGCTTAT,8
CATCGAAGTAAACGCG,4
CATCGAAGTGGAAAGA,8
CATCGAATCACCATAG,5
CATCGAATCTCGTATT,1
CATCGAATCTGCGGCA,8
CATCGAATCTTACCGC,7
CATCGGGAGATCGGGT,1000
CATCGGGAGTGGAGTC,8
CATCGGGCAAGACGTG,1000
CATCGGGCAATAGAGT,5
CATCGGGCACACGCTG,7
CATCGGGCAGCCTGTG,7
CATCGGGCAGCGATCC,3
CATCGGGCAGCTGTTA,8
CATCGGGGTAACGTTC,1000
CATCGGGGTAGGACAC,7
CATCGGGGTTTGCATG,4
CATCGGGTCGTTACAG,4
CATGACAAGAGGTACC,4
CATGACAAGCTAAGAT,4
CATGACACAACGATCT,8
CATGACACAATAGAGT,4
CATGACACAATCTGCA,1
CATGACAGTAGAGCTG,1
CATGACAGTCATGCAT,4
CATGACAGTGCACCAC,6
CATGACAGTTTAGGAA,5
CATGACATCCCAACGG,2
CATGACATCGCCAGCA,1
CATGACATCGTTGACA,6
CATGCCTCAAGAGTCG,4
CATGCCTCACAACGTT,8
CATGCCTCATCACAAC,3
CATGCCTGTACAGCAG,2
CATGCCTTCACCAGGC,5
CATGCCTTCAGTCAGT,1
CATGCCTTCTAAGCCA,7
CATGGCGAGCTGCGAA,7
CATGGCGAGGCAATTA,4
CATGGCGAGGCGATAC,1000
CATGGCGAGTGACTCT,3
CATGGCGCAATACGCT,7
CATGGCGCACATGTGT,1000
CATGGCGCACTCTGTC,7
CATGGCGGTATAGGGC,4
CATGGCGGTCAGTGGA,2
CATGGCGGTCGTCTTC,1000
CATGGCGGTGGTCCGT,7
CATGGCGGTGTCTGAT,2
CATGGCGTCCTTTCGG,1
CATGGCGTCTCTAAGG,1000
CATTATCAGGCGATAC,5
CATTATCCAACACGCC,1000
CATTATCCACATTAGC,4
CATTATCGTCAATGTC,5
CATTATCGTCTCCATC,1000
CATTATCGTGATGTCT,2
CATTATCGTGGCTCCA,5
CATTATCGTTAAAGTG,2
CATTATCGTTACGTCA,8
CATTATCGTTCCGGCA,6
CATTATCGTTGGTAAA,1
CATTATCTCCTTGGTC,1
CATTCGCAGCAGCCTC,1000
CATTCGCAGTCAATAG,1
CATTCGCCACGAAAGC,4
CATTCGCCAGTACACT,1000
CATTCGCGTTGATTGC,7
CATTCGCTCAGCGACC,0
CATTCGCTCTGAGGGA,3
CCAATCCAGAAACGAG,1
CCAATCCAGCTAGTTC,4
CCAATCCAGCTGCCCA,7
CCAATCCAGGGTCTCC,4
CCAATCCCACGTCAGC,1
CCAATCCCAGGATTGG,1
CCAATCCGTCAATACC,3
CCAATCCGTGTTTGGT,4
CCAATCCTCACAACGT,2
CCAATCCTCCAAAGTC,7
CCAATCCTCTTGCCGT,2
CCACCTAAGGATGGTC,7
CCACCTAAGGCATTGG,3
CCACCTAAGTAGCCGA,1000
CCACCTAAGTGTTAGA,1
CCACCTACAGATCGGA,1000
CCACCTACATCCGCGA,5
CCACCTAGTTATCGGT,3
CCACCTATCAGGCCCA,7
CCACCTATCAGTCCCT,4
CCACCTATCTTTACAC,6
CCACGGAAGACTGTAA,5
CCACGGAAGCTGTTCA,8
CCACGGACAAGACGTG,6
CCACGGACACCGAAAG,4
CCACGGACACCTCGTT,6
CCACGGACATTATCTC,5
CCACGGAGTCGCTTTC,2
CCACGGATCACTTATC,6
CCACGGATCCTAGAAC,7
CCACGGATCGGAAATA,3
CCACGGATCGTAGGAG,3
CCACGGATCTCTAAGG,4
CCACTACAGACGCTTT,7
CCACTACAGCCGATTT,7
CCACTACAGGCGACAT,1000
CCACTACAGGCGTACA,4
CCACTACAGTTGCAGG,8
CCACTACCAAAGAATC,7
CCACTACCACCGGAAA,1000
CCACTACCAGTCAGCC,8
CCACTACCATGGGAAC,2
CCACTACTCGCCGTGA,2
CCACTACTCGTACGGC,2
CCACTACTCTCCGGTT,1
CCACTACTCTGCAAGT,8
CCAGCGAAGAAGGACA,6
CCAGCGAAGGCAATTA,3
CCAGCGAAGGTGCACA,8
CCAGCGACAATGGATA,7
CCAGCGACACAGCGTC,3
CCAGCGACACGGACAA,1000
CCAGCGACACTCGACG,6
CCAGCGACATAGAAAC,3
CCAGCGACATGGATGG,8
CCAGCGAGTAAGTTCC,5
CCAGCGAGTACAGCAG,5
CCAGCGAGTACAGTGG,1
CCAGCGAGTGAAATCA,7
CCAGCGAGTTGTCGCG,3
CCAGCGATCACAGTAC,1
CCAGCGATCACCTCGT,2
CCAGCGATCACTTATC,7
CCAGCGATCGAATCCA,4
CCATGTCAGCTGCGAA,2
CCATGTCAGTGTTTGC,8
CCATGTCAGTTTGCGT,1000
CCATGTCCACAGACAG,7
CCATGTCCACCACCAG,8
CCATGTCCACCGATAT,2
CCATGTCCACGTAAGG,2
CCATGTCGTACCGAGA,4
CCATGTCGTCAGGACA,4
CCATGTCGTGAGGGTT,1000
CCATGTCGTTCCGGCA,4
CCATGTCTCAAGATCC,7
CCATGTCTCAGCATGT,6
CCATGTCTCCATTCTA,6
CCATGTCTCGATGAGG,2
CCATTCGAGACAGACC,1000
CCATTCGAGACCGGAT,7
CCATTCGAGCAACGGT,2
CCATTCGAGGTAGCCA,2
CCATTCGAGTGAACGC,3
CCATTCGCAACACCTA,8
CCATTCGCACATTTCT,3
CCATTCGGTAAGAGGA,1
CCATTCGGTAATAGCA,3
CCATTCGGTCAGCTAT,7
CCATTCGGTGAACCTT,5
CCATTCGTCATGTAGC,6
CCATTCGTCGTATCAG,6
CCATTCGTCTTGCAAG,1
CCCAATCAGAATAGGG,4
CCCAATCCAACACCTA,1000
CCCAATCCAAGAGGCT,3
CCCAATCCACAGACTT,8
CCCAATCCACGGTAGA,3
CCCAATCCACTGAAGG,2
CCCAATCCAGGGATTG,8
CCCAATCCATGCATGT,8
CCCAATCGTAAATACG,7
CCCAATCGTCTTCTCG,1
CCCAATCTCCCAGGTG,8
CCCAATCTCTAACTTC,1000
CCCAATCTCTACTATC,4
CCCAGTTAGAAACCGC,2
CCCAGTTAGATCCCGC,1000
CCCAGTTAGTAATCCC,6
CCCAGTTCAAGCCGTC,6
CCCAGTTCACCCAGTG,3
CCCAGTTCATTCTTAC,1
CCCAGTTGTAGAGCTG,3
CCCAGTTGTAGGAGTC,5
CCCAGTTGTTTGGGCC,3
CCCAGTTTCTGTCAAG,5
CCCATACAGAAGCCCA,3
CCCATACAGCTTATCG,0
CCCATACCAACACCCG,1000
CCCATACCACCAGTTA,5
CCCATACCATCACGAT,1000
CCCATACGTTAAGATG,8
CCCATACTCCACTGGG,1
CCCATACTCCTAGTGA,4
CCCATACTCGCCCTTA,2
CCCATACTCTTACCTA,4
CCCTCCTAGAGTTGGC,4
CCCTCCTAGCAAATCA,8
CCCTCCTAGGCTCATT,1000
CCCTCCTAGGTAGCCA,8
CCCTCCTAGTCCTCCT,3
CCCTCCTCACCTGGTG,3
CCCTCCTCAGAGCCAA,1
CCCTCCTCAGGGATTG,5
CCCTCCTCATAACCTG,6
CCCTCCTCATGGAATA,4
CCCTCCTCATTCCTGC,3
CCCTCCTGTGCAGTAG,1
CCCTCCTTCCGCAGTG,7
CCCTCCTTCGCGCCAA,5
CCCTCCTTCTAGAGTC,1
CCGGGATAGACACTAA,4
CCGGGATAGCCCAATT,5
CCGGGATAGGAGTTGC,4
CCGGGATAGGCCGAAT,8
CCGGGATAGTATTGGA,6
CCGGGATAGTCGAGTG,3
CCGGGATGTCAGCTAT,5
CCGGGATGTTCAGGCC,2
CCGGGATGTTCCCGAG,5
CCGGGATGTTTACTCT,6
CCGGGATTCACATACG,5
CCGGGATTCACGATGT,8
CCGGTAGAGACAGGCT,7
CCGGTAGAGCTAGTCT,4
CCGGTAGAGTATGACA,6
CCGGTAGAGTGGTAGC,7
CCGGTAGCAAACGTGG,5
CCGGTAGCAGATCTGT,2
CCGGTAGCATCGACGC,8
CCGGTAGGTCTCCCTA,8
CCGGTAGTCATGTCTT,5
CCGGTAGTCGCGCCAA,7
CCGTACTAGCTCTCGG,6
CCGTACTAGTGTTGAA,1
CCGTACTCACAGACTT,8
CCGTACTCAGGGCATA,1
CCGTACTGTCATTAGC,1000
CCGTACTGTCGGATCC,1000
CCGTACTGTTAAGTAG,8
CCGTACTGTTACGTCA,1
CCGTACTTCACGCGGT,8
CCGTACTTCAGTTAGC,8
CCGTACTTCGAACGGA,1000
CCGTACTTCTCAAACG,7
CCGTGGAAGATCCCGC,5
CCGTGGACAACGATCT,6
CCGTGGACAGCAGTTT,3
CCGTGGACAGCGAACA,5
CCGTGGAGTACGACCC,8
CCGTGGAGTCCTCCAT,3
CCGTGGAGTGAAGGCT,1000
CCGTGGATCACATGCA,2
CCGTGGATCTCTAAGG,7
CCGTTCAAGGACATTA,6
CCGTTCAAGGTGTTAA,1
CCGTTCAAGTGAACAT,4
CCGTTCACAATGACCT,1
CCGTTCAGTCACAAGG,6
CCGTTCAGTGACTCAT,6
CCGTTCAGTTAAGACA,2
CCGTTCATCGTGGACC,7
CCGTTCATCGTTACAG,1
CCTAAAGAGACAGGCT,4
CCTAAAGAGCTGTCTA,4
CCTAAAGAGGATGGAA,5
CCTAAAGAGTCGCCGT,6
CCTAAAGAGTTATCGC,3
CCTAAAGCAAACTGTC,6
CCTAAAGCAAATCCGT,1
CCTAAAGCATCCGGGT,1000
CCTAAAGCATTAGCCA,6
CCTAAAGGTAAGCACG,1
CCTAAAGGTACAGACG,1
CCTAAAGGTCGGCATC,8
CCTAAAGGTCTCCATC,8
CCTAAAGTCAACACCA,4
CCTAAAGTCAAGGCTT,7
CCTACACAGACTTGAA,8
CCTACACAGAGGACGG,3
CCTACACAGCGTGTCC,4
CCTACACAGTGAATTG,1
CCTACACCACCCTATC,5
CCTACACCAGATCTGT,4
CCTACACCATAGTAAG,1
CCTACACGTACTTAGC,7
CCTACACGTATCGCAT,8
CCTACACGTCACACGC,5
CCTACACGTCCGTTAA,7
CCTACACGTGGGTATG,4
CCTACACGTTCAGACT,1
CCTACACTCATACGGT,5
CCTACCAAGGGAGTAA,7
CCTACCAAGTGCGATG,2
CCTACCACAGCGATCC,4
CCTACCATCACCATAG,4
CCTACCATCCTACAGA,5
CCTAGCTAGCACCGTC,7
CCTAGCTAGCCATCGC,6
CCTAGCTAGCGTTTAC,8
CCTAGCTAGGTGCAAC,6
CCTAGCTAGTTACGGG,1
CCTAGCTAGTTGAGTA,5
CCTAGCTCAAACAACA,3
CCTAGCTCACACGCTG,1
CCTAGCTCATACCATG,2
CCTAGCTGTCGCCATG,8
CCTAGCTTCAACGGGA,6
CCTAGCTTCGGCATCG,5
CCTATTAAGTCCGGTC,1
CCTATTACACAGACTT,0
CCTATTACATCCGTGG,8
CCTATTACATCTGGTA,8
CCTATTAGTAGCTTGT,1000
CCTATTATCACTCTTA,5
CCTCAGTAGCGTGTCC,1000
CCTCAGTCAAGGCTCC,1
CCTCAGTCAGACAAAT,1000
CCTCAGTCAGGTCTCG,1
CCTCAGTCAGTACACT,2
CCTCAGTGTTGACGTT,1000
CCTCTGAAGGAGCGTT,7
CCTCTGAAGTGTTAGA,7
CCTCTGACAATGAAAC,6
CCTCTGACACATAACC,1
CCTCTGACACGGATAG,2
CCTCTGACAGTATCTG,4
CCTCTGACATCAGTCA,8
CCTCTGACATCCTTGC,4
CCTCTGACATGCTAGT,6
CCTCTGACATTGAGCT,8
CCTCTGAGTGACCAAG,1
CCTCTGAGTTAGGGTG,5
CCTCTGATCAGTGCAT,7
CCTCTGATCCCATTAT,2
CCTCTGATCTGTCTCG,0
CCTTACGAGCCCAACC,1000
CCTTACGAGTAAGTAC,1
CCTTACGAGTGGGCTA,2
CCTTACGAGTTTGCGT,7
CCTTACGCAAGCGCTC,5
CCTTACGCAGCTTCGG,3
CCTTACGCAGGCTCAC,1
CCTTACGGTATATGAG,7
CCTTACGGTTTGTTGG,3
CCTTACGTCAAGAAGT,3
CCTTACGTCACTTATC,8
CCTTACGTCAGGCGAA,1
CCTTCCCAGAGGGATA,1
CCTTCCCAGCCACTAT,4
CCTTCCCAGGATGGTC,3
CCTTCCCCAATGGAGC,7
CCTTCCCGTCGCGAAA,4
CCTTCCCGTTTAGCTG,5
CCTTCCCTCACAACGT,1
CCTTCCCTCCTAGTGA,2
CCTTCCCTCTAACGGT,1000
CCTTCGAAGAACAACT,3
CCTTCGAAGAGAACAG,1
CCTTCGAAGAGCTGGT,3
CCTTCGAAGGAGTACC,5
CCTTCGACATACGCTA,8
CCTTCGACATTCGACA,4
CCTTCGAGTAACGTTC,1
CCTTCGAGTACCGGCT,4
CCTTCGAGTAGCGCAA,7
CCTTCGAGTATAGGTA,1000
CCTTCGAGTGCTAGCC,3
CCTTCGATCCTCGCAT,2
CCTTCGATCGCATGAT,8
CCTTCGATCGCTTAGA,4
CCTTTCTAGAATGTGT,3
CCTTTCTAGCACCGCT,4
CCTTTCTAGGCAATTA,3
CCTTTCTCAGGACCCT,6
CCTTTCTGTAAGTGGC,7
CCTTTCTGTGAGCGAT,7
CCTTTCTGTGTAAGTA,4
CCTTTCTTCCTTGCCA,3
CCTTTCTTCTTCAACT,5
CGAACATAGAAGGCCT,8
CGAACATAGCCGATTT,7
CGAACATAGGCTCATT,3
CGAACATAGTTCGCGC,4
CGAACATCAACGCACC,3
CGAACATCAACTTGAC,7
CGAACATCAGCCTTTC,5
CGAACATCAGCTGCTG,8
CGAACATCATGCCCGA,7
CGAACATGTCATATCG,8
CGAACATGTCGATTGT,1000
CGAACATGTGCACTTA,7
CGAACATTCAGAGGTG,2
CGAATGTAGAGTACAT,8
CGAATGTAGCTGTCTA,3
CGAATGTAGTTAAGTG,7
CGAATGTCATTACCTT,8
CGAATGTGTTTAAGCC,2
CGAATGTTCCTCTAGC,7
CGACCTTCAGGACGTA,8
CGACCTTCAGGTTTCA,5
CGACCTTCATACGCCG,6
CGACCTTTCACCGGGT,8
CGACCTTTCCACGACG,1
CGACTTCAGTTTGCGT,2
CGACTTCCAGCTGTGC,1000
CGACTTCCATTAGGCT,8
CGACTTCGTCAGAATA,4
CGACTTCGTCTTGATG,1
CGACTTCGTTACGTCA,3
CGACTTCGTTCCTCCA,3
CGACTTCTCATACGGT,3
CGACTTCTCTTGAGGT,4
CGAGAAGAGAAGAAGC,8
CGAGAAGAGCTGCGAA,7
CGAGAAGCAATGGTCT,7
CGAGAAGCAGCTGTTA,7
CGAGAAGCATCCGGGT,8
CGAGAAGGTGATAAAC,5
CGAGAAGGTGATGTGG,7
CGAGAAGGTGCACTTA,1
CGAGAAGGTGTGAATA,1000
CGAGAAGTCTTCCTTC,1
CGAGCACAGCGTCAAG,1
CGAGCACAGCTGCAAG,8
CGAGCACCAAGTAGTA,1000
CGAGCACCACACGCTG,7
CGAGCACCATTTCACT,1
CGAGCACGTAAGTGGC,6
CGAGCACGTAGCTTGT,6
CGAGCACGTCTGCGGT,2
CGAGCACTCACGCGGT,1
CGAGCCAAGTCTCAAC,2
CGAGCCACAATGCCAT,3
CGAGCCACATTCTCAT,3
CGAGCCACATTTCACT,7
CGAGCCAGTGGGTATG,6
CGATCGGAGACATAAC,8
CGATCGGAGCTAGCCC,8
CGATCGGAGGTGTGGT,2
CGATCGGAGTGTTGAA,2
CGATCGGCAAGCTGAG,2
CGATCGGCACAACTGT,2
CGATCGGCACCAGATT,3
CGATCGGCATTGGCGC,8
CGATCGGGTCCTCCAT,4
CGATCGGGTCGACTGC,5
CGATCGGGTCGTTGTA,3
CGATCGGGTTATGCGT,1
CGATCGGTCAAGCCTA,4
CGATCGGTCACTTATC,3
CGATCGGTCCCGGATG,1
CGATCGGTCGCTAGCG,3
CGATCGGTCTGTCCGT,8
CGATGGCAGATCCCAT,7
CGATGGCAGCCAACAG,1000
CGATGGCAGCCTCGTG,7
CGATGGCAGCGTAATA,4
CGATGGCAGGTAAACT,6
CGATGGCAGTACGTTC,7
CGATGGCCAAACGCGA,1
CGATGGCGTCTCCACT,1
CGATGGCTCAACACCA,6
CGATGTAAGACTAGAT,8
CGATGTAAGTCAAGGC,1000
CGATGTACACAAGTAA,7
CGATGTACACGGTAAG,5
CGATGTACACTGTTAG,5
CGATGTACATGATCCA,5
CGATGTACATTCTCAT,8
CGATGTAGTGAGGGAG,7
CGATTGAAGACCGGAT,8
CGATTGACAAGACGTG,5
CGATTGACAATCAGAA,1
CGATTGAGTATATGAG,1
CGCCAAGAGTGGGTTG,7
CGCCAAGCACTGAAGG,2
CGCCAAGCATACTACG,3
CGCCAAGGTGTGGTTT,8
CGCCAAGGTTTAAGCC,1
CGCCAAGGTTTCGCTC,3
CGCCAAGTCAGGTTCA,7
CGCCAAGTCCACTCCA,8
CGCCAAGTCCGTCAAA,4
CGCCAAGTCGTAGATC,1000
CGCCAAGTCTCTAGGA,1
CGCGGTAAGAGGTAGA,4
CGCGGTACAAGCCCAC,2
CGCGGTACAGTAAGAT,1
CGCGGTAGTATCAGTC,7
CGCGGTAGTCATTAGC,1
CGCGGTAGTGAGTGAC,8
CGCGGTATCACATGCA,1
CGCGGTATCCGAAGAG,2
CGCGGTATCGTAGATC,5
CGCGGTATCTACCAGA,3
CGCGTTTAGAGCTTCT,4
CGCGTTTAGGGTCGAT,8
CGCGTTTAGTGGAGAA,6
CGCGTTTCAAGAAAGG,7
CGCGTTTGTAACGACG,3
CGCGTTTGTCATTAGC,1000
CGCGTTTGTGACTCAT,6
CGCGTTTTCATGCTCC,4
CGCGTTTTCGCCATAA,4
CGCGTTTTCGGCGCAT,8
CGCGTTTTCGGTGTCG,8
CGCGTTTTCTCCGGTT,1000
CGCTATCAGAAGGTTT,8
CGCTATCAGGGTCGAT,3
CGCTATCCAACTTGAC,7
CGCTATCCAGATGAGC,3
CGCTATCTCAGAGCTT,7
CGCTATCTCAGCCTAA,8
CGCTATCTCCTAGAAC,8
CGCTGGAAGCTACCTA,6
CGCTGGACACTGAAGG,1
CGCTGGACATGATCCA,8
CGCTGGAGTGGCAAAC,4
CGCTGGAGTTGAGTTC,4
CGCTGGAGTTGTGGCC,4
CGCTGGATCAAACCAC,7
CGCTGGATCAGAGCTT,3
CGCTGGATCGCGATCG,8
CGCTGGATCGCTTGTC,1
CGCTGGATCTGATTCT,3
CGCTGGATCTTCCTTC,5
CGCTTCAAGCCACTAT,4
CGCTTCAAGTGCGTGA,3
CGCTTCAAGTTGTAGA,3
CGCTTCACAACGATGG,5
CGCTTCACACAGGCCT,2
CGCTTCACATGAGCGA,2
CGCTTCAGTAATAGCA,5
CGCTTCATCAGAGCTT,1
CGGACACAGGAGTTGC,1000
CGGACACAGGTGATTA,8
CGGACACCAAACGTGG,3
CGGACACCAAGCTGTT,1000
CGGACACCACCAGTTA,4
CGGACACCACGAGAGT,1
CGGACACCAGTAGAGC,5
CGGACACCATTATCTC,6
CGGACACGTATAAACG,4
CGGACACGTTAAGATG,0
CGGACACGTTTAGGAA,3
CGGACACTCGCCAAAT,6
CGGACACTCTGTCCGT,8
CGGACGTAGGGTGTTG,8
CGGACGTAGTGGTAGC,4
CGGACGTAGTGTCCAT,6
CGGACGTCACAGAGGT,1000
CGGACGTGTACGAAAT,1
CGGACGTGTAGAGCTG,0
CGGACGTGTTCGCTAA,1000
CGGACGTGTTGATTCG,3
CGGACTGAGAAACCAT,7
CGGACTGAGACTACAA,6
CGGACTGAGACTAGGC,4
CGGACTGAGGCGATAC,3
CGGACTGAGTTCCACA,5
CGGACTGCAAGAAGAG,8
CGGACTGCACAGACTT,3
CGGACTGCAGTTCATG,1
CGGACTGGTAAACCTC,4
CGGACTGGTAGGGACT,8
CGGACTGGTCGTTGTA,7
CGGACTGTCAGGCCCA,4
CGGACTGTCCTTTCTC,7
CGGAGCTAGAGGTTAT,4
CGGAGCTAGCTAGGCA,4
CGGAGCTAGGCACATG,2
CGGAGCTAGTCCCACG,7
CGGAGCTAGTGCTGCC,8
CGGAGCTCACAACTGT,3
CGGAGCTCAGGTCCAC,4
CGGAGCTTCACCACCT,7
CGGAGCTTCACTTACT,8
CGGAGCTTCTTGACGA,6
CGGAGTCAGAGGGCTT,1
CGGAGTCAGGACTGGT,8
CGGAGTCAGGTGATTA,8
CGGAGTCAGTGCGATG,7
CGGAGTCCAGCCAGAA,1
CGGAGTCCATATGCTG,8
CGGAGTCGTAGAGCTG,1
CGGAGTCGTCCATGAT,3
CGGAGTCGTCCGAATT,3
CGGAGTCTCGGGAGTA,7
CGGAGTCTCTCCCTGA,2
CGGCTAGAGAGATGAG,3
CGGCTAGCAGCAGTTT,1
CGGCTAGGTCTCAACA,2
CGGCTAGGTGTTCTTT,6
CGGCTAGTCACGCGGT,7
CGGCTAGTCGCGTTTC,1
CGGCTAGTCGGAGCAA,8
CGGCTAGTCGGCATCG,5
CGGCTAGTCGGTCCGA,7
CGGGTCAAGAATCTCC,1
CGGGTCAAGCGTAGTG,1
CGGGTCAAGGAGTCTG,5
CGGGTCAAGTACCGGA,1
CGGGTCACATTAACCG,6
CGGGTCAGTGCGCTTG,3
CGGGTCATCACAACGT,1
CGGGTCATCGGCGCTA,1
CGGGTCATCTTTAGGG,6
CGGTTAACAAGTTAAG,3
CGGTTAACAGATTGCT,7
CGGTTAACAGTTTACG,7
CGGTTAAGTTTCCACC,2
CGGTTAATCCTCATTA,5
CGGTTAATCTCGAGTA,6
CGGTTAATCTTGTATC,2
CGTAGCGAGACAATAC,1
CGTAGCGAGTCTCAAC,2
CGTAGCGCAAGGTTTC,2
CGTAGCGCACGTTGGC,5
CGTAGCGGTCGAATCT,3
CGTAGCGGTGGTAACG,1000
CGTAGCGGTTCGTGAT,1
CGTAGCGTCCAAACAC,2
CGTAGCGTCTGTCTAT,0
CGTAGGCAGACTAAGT,3
CGTAGGCAGGGCTTCC,7
CGTAGGCCAAGAGGCT,6
CGTAGGCCACCTTGTC,4
CGTAGGCGTCGCATAT,5
CGTAGGCGTGTGAAAT,1
CGTAGGCTCACGGTTA,3
CGTAGGCTCAGCCTAA,5
CGTAGGCTCCCACTTG,3
CGTAGGCTCCTCAATT,8
CGTAGGCTCTATCGCC,8
CGTCACTAGCCAGGAT,7
CGTCACTAGGCAGGTT,2
CGTCACTAGGGATCTG,8
CGTCACTGTCGCGGTT,5
CGTCACTTCGGAAATA,7
CGTCAGGAGCTAAACA,1
CGTCAGGCAATAGAGT,8
CGTCAGGGTTCAACCA,4
CGTCAGGTCATGCTCC,3
CGTCAGGTCCTACAGA,8
CGTCAGGTCTTACCGC,2
CGTCCATAGCCAGAAC,0
CGTCCATAGCGTTGCC,1
CGTCCATAGGTGATAT,4
CGTCCATCAATCACAC,1
CGTCCATCACCAGGTC,1
CGTCCATCACTTAACG,3
CGTCCATCAGTACACT,1
CGTCCATCATATGGTC,3
CGTCCATCATCCGCGA,1
CGTCCATGTTGGACCC,5
CGTCCATTCTGAGTGT,5
CGTCTACAGACGCACA,5
CGTCTACAGATATACG,4
CGTCTACAGATATGGT,2
CGTCTACAGTTCGCAT,2
CGTCTACCAAACGTGG,6
CGTCTACCACATCCGG,6
CGTCTACCACCCAGTG,5
CGTCTACCACTTGGAT,2
CGTCTACCAGACGCTC,4
CGTCTACCAGTGGAGT,3
CGTCTACCATTTCACT,3
CGTCTACGTCAAACTC,1
CGTCTACGTCATCCCT,1000
CGTCTACGTCGGCATC,7
CGTCTACGTCTTTCAT,1
CGTCTACGTGGTACAG,1000
CGTCTACTCCACGCAG,1000
CGTCTACTCGCCATAA,8
CGTCTACTCTTAACCT,4
CGTGAGCAGAATAGGG,5
CGTGAGCAGCTAAACA,6
CGTGAGCAGTACACCT,5
CGTGAGCCAGTTCATG,3
CGTGAGCCATTACCTT,4
CGTGAGCCATTGGCGC,1
CGTGAGCGTCTCTCTG,2
CGTGAGCGTGCAACGA,2
CGTGAGCTCATTGCCC,7
CGTGAGCTCTACCAGA,8
CGTGTAAAGAAGGGTA,2
CGTGTAAAGATATGCA,3
CGTGTAAAGCCCAACC,3
CGTGTAAAGTTCGCGC,7
CGTGTAACAGGTCTCG,5
CGTGTAACAGTATAAG,1000
CGTGTAACATGCCACG,7
CGTGTAAGTAACGACG,6
CGTGTAAGTAAGGGCT,5
CGTGTAAGTACTCTCC,4
CGTGTAAGTATCTGCA,3
CGTGTAAGTGCAGACA,4
CGTGTAAGTGCGAAAC,4
CGTGTAAGTGTGCGTC,7
CGTGTAATCACTTATC,1
CGTGTAATCGGTTCGG,8
CGTGTCTAGCACACAG,3
CGTGTCTCATGCATGT,2
CGTGTCTGTACAGACG,3
CGTGTCTGTACCGCTG,7
CGTGTCTGTCTCACCT,4
CGTGTCTGTCTGCGGT,5
CGTGTCTGTGCCTGTG,8
CGTGTCTGTTCCACGG,1
CGTGTCTGTTGTCTTT,5
CGTGTCTTCAATCACG,6
CGTGTCTTCACCCTCA,5
CGTGTCTTCCTTCAAT,0
CGTGTCTTCGGAAACG,8
CGTGTCTTCGGACAAG,7
CGTGTCTTCGGCCGAT,8
CGTGTCTTCGTAGGTT,1
CGTGTCTTCTGTCCGT,5
CGTTAGAAGACCGGAT,4
CGTTAGAAGTGGGATC,2
CGTTAGAAGTTTGCGT,1
CGTTAGACAACGATGG,3
CGTTAGACAAGCCTAT,5
CGTTAGACACCAACCG,3
CGTTAGAGTTGGTTTG,1
CGTTAGATCAGTTGAC,5
CGTTCTGAGATAGGAG,1000
CGTTCTGCACGGTTTA,5
CGTTCTGGTAGGGTAC,1
CGTTCTGGTTAAGGGC,2
CGTTCTGGTTACGCGC,6
CGTTCTGTCACCGTAA,2
CGTTCTGTCCAAGTAC,3
CGTTCTGTCCTTTACA,3
CGTTCTGTCGGCGCTA,5
CGTTCTGTCTGAGGGA,2
CGTTGGGAGGGATCTG,4
CGTTGGGAGTCCGGTC,1000
CGTTGGGAGTTGAGAT,8
CGTTGGGCAAGTCATC,3
CGTTGGGCACAGCGTC,2
CGTTGGGCATTGGGCC,8
CGTTGGGGTGCAGGTA,7
CGTTGGGTCGTGACAT,1
CGTTGGGTCTTGGGTA,5
CTAACTTAGAGAACAG,7
CTAACTTAGATGTCGG,7
CTAACTTAGATGTGGC,1
CTAACTTAGCAGCCTC,1
CTAACTTAGGTAGCTG,3
CTAACTTAGGTGCACA,4
CTAACTTAGTCATCCA,3
CTAACTTCACCGCTAG,2
CTAACTTCAGGCAGTA,4
CTAACTTGTATATCCG,1000
CTAACTTTCAGTTCGA,1000
CTAACTTTCATTTGGG,8
CTAAGACAGACCTAGG,2
CTAAGACAGGGTGTGT,7
CTAAGACAGTGCAAGC,3
CTAAGACAGTGCTGCC,1000
CTAAGACCAAATCCGT,3
CTAAGACCATAAGACA,8
CTAAGACGTACAGTTC,1000
CTAAGACGTTCATGGT,5
CTAAGACTCACTATTC,4
CTAAGACTCCAAATGC,1
CTAAGACTCCACGTGG,2
CTAAGACTCGGTCCGA,1
CTAATGGAGCTCTCGG,3
CTAATGGAGTTTAGGA,2
CTAATGGCAATGGAGC,0
CTAATGGCACCCTATC,1
CTAATGGCACTGTGTA,4
CTAATGGCAGAGTGTG,7
CTAATGGTCAACGGGA,7
CTAATGGTCGAGAACG,1
CTACACCAGAAGGCCT,4
CTACACCAGTGGAGAA,8
CTACACCCATGCTGGC,1
CTACACCGTAAGTTCC,1000
CTACACCGTAGGCTGA,1000
CTACACCGTGACTCAT,1
CTACACCTCAGATAAG,4
CTACACCTCCGAAGAG,2
CTACATTAGACGACGT,7
CTACATTAGTTGTAGA,3
CTACATTAGTTGTCGT,3
CTACATTCACCATGTA,7
CTACATTCACGTTGGC,7
CTACATTCAGAAGCAC,7
CTACATTCAGATAATG,8
CTACATTCAGCTATTG,1000
CTACATTGTAGCGCTC,3
CTACATTGTGTTAAGA,1000
CTACATTTCATGTCCC,3
CTACCCAAGATGTTAG,4
CTACCCAAGTACGCGA,6
CTACCCAAGTGGTCCC,8
CTACCCACAAGAGGCT,8
CTACCCACAATAGCGG,6
CTACCCACACTTCGAA,1
CTACCCACAGTCCTTC,2
CTACCCACATCGTCGG,7
CTACCCAGTAGGCTGA,4
CTACCCAGTCATGCCG,4
CTACCCAGTTATCGGT,6
CTACCCATCAGCTCTC,3
CTACCCATCATAACCG,7
CTACCCATCTGTCCGT,1
CTACGTCAGGATGTAT,1
CTACGTCAGGCAATTA,3
CTACGTCAGTAGGCCA,4
CTACGTCCACTTACGA,3
CTACGTCCAGGGATTG,4
CTACGTCCAGTAAGAT,4
CTACGTCCATACAGCT,6
CTACGTCGTACTTAGC,5
CTACGTCGTCGACTAT,3
CTACGTCGTTGGTTTG,8
CTACGTCTCAATAAGG,1
CTACGTCTCACAACGT,5
CTACGTCTCGGTCCGA,3
CTACGTCTCGTAGATC,4
CTACGTCTCTTACCGC,5
CTACGTCTCTTCAACT,5
CTAGAGTAGAAACCGC,7
CTAGAGTAGTGGTAGC,7
CTAGAGTCAATGGTCT,4
CTAGAGTCACTTACGA,2
CTAGAGTCATACGCCG,4
CTAGAGTCATCACGTA,6
CTAGAGTGTACCCAAT,8
CTAGAGTGTGGTCCGT,4
CTAGAGTTCCTTCAAT,5
CTAGAGTTCGTTTGCC,7
CTAGCCTAGCCAGGAT,7
CTAGCCTAGGGCTTGA,4
CTAGCCTAGTCCATAC,7
CTAGCCTAGTCGTACT,5
CTAGCCTAGTCTCCTC,4
CTAGCCTGTTCACCTC,8
CTAGCCTTCACTCCTG,8
CTAGCCTTCAGGCCCA,1000
CTAGCCTTCATGCAAC,1
CTAGCCTTCATGCATG,6
CTAGCCTTCTCAAACG,4
CTAGTGAAGATGTTAG,1
CTAGTGAAGGAGTACC,2
CTAGTGAAGGGTATCG,4
CTAGTGACAATAGCGG,3
CTAGTGACAATCAGAA,4
CTAGTGACAGCCTTGG,1
CTAGTGAGTGATGCCC,3
CTAGTGAGTTAAAGTG,3
CTAGTGAGTTCCCGAG,2
CTAGTGATCAGCGACC,4
CTAGTGATCGAATGGG,0
CTAGTGATCTCTTATG,1
CTCACACAGAGAACAG,2
CTCACACCAATCAGAA,4
CTCACACCACGGTTTA,2
CTCACACCAGATCTGT,7
CTCACACGTACAGTTC,4
CTCACACGTAGTGAAT,7
CTCACACGTTGTACAC,5
CTCACACGTTGTTTGG,6
CTCACACTCGCGATCG,3
CTCACACTCGGTCTAA,6
CTCACACTCTTCGGTC,5
CTCACACTCTTGTCAT,3
CTCAGAAAGACTACAA,4
CTCAGAAAGATGTAAC,2
CTCAGAAAGCTTCGCG,2
CTCAGAAAGTCGCCGT,4
CTCAGAACACGGCCAT,8
CTCAGAACACGTAAGG,8
CTCAGAACATATACCG,7
CTCAGAACATTCTCAT,3
CTCAGAAGTACCCAAT,7
CTCAGAAGTATAATGG,4
CTCAGAAGTCAGTGGA,6
CTCAGAAGTTAAGATG,4
CTCAGAAGTTCAACCA,4
CTCAGAAGTTCAGTAC,8
CTCAGAAGTTGGGACA,1
CTCAGAATCCCGGATG,4
CTCAGAATCGTCTGAA,4
CTCAGAATCTTAGAGC,1000
CTCATTAAGAACAATC,5
CTCATTAAGTCTCGGC,5
CTCATTACACCGAAAG,5
CTCATTACAGGACCCT,3
CTCATTACAGGTCGTC,3
CTCATTACATCGGACC,2
CTCATTACATTCCTCG,1
CTCATTAGTAAACGCG,7
CTCATTAGTAAGTTCC,1
CTCATTAGTGCAACTT,1
CTCATTAGTGCCTGGT,5
CTCATTAGTGTAAGTA,6
CTCATTATCGAGAGCA,2
CTCATTATCGCGTTTC,5
CTCCTAGAGAGGTTGC,4
CTCCTAGAGATCTGAA,8
CTCCTAGAGGACACCA,6
CTCCTAGAGTCACGCC,4
CTCCTAGCAATCTACG,6
CTCCTAGCACCAACCG,7
CTCCTAGCACCTGGTG,1000
CTCCTAGCATATGAGA,4
CTCCTAGTCACGAAGG,7
CTCCTAGTCGCGCCAA,1000
CTCCTAGTCGTTACAG,1000
CTCCTAGTCTTCGAGA,4
CTCGAAAAGCCTATGT,2
CTCGAAAAGCTCTCGG,5
CTCGAAAAGGTGATAT,4
CTCGAAAAGGTGTGGT,2
CTCGAAAAGTGGAGAA,2
CTCGAAAAGTTACGGG,7
CTCGAAAGTGTTGAGG,7
CTCGAAATCAATCACG,7
CTCGAAATCACCAGGC,5
CTCGAAATCGACCAGC,1000
CTCGAGGCACAGAGGT,5
CTCGAGGGTAAGGGCT,3
CTCGAGGGTACCGTAT,4
CTCGAGGGTCCGCTGA,4
CTCGAGGGTGACAAAT,2
CTCGAGGGTTAAGGGC,3
CTCGAGGTCAAGCCTA,1
CTCGAGGTCGCCGTGA,2
CTCGAGGTCTTTAGTC,4
CTCGGAGAGTAACCCT,4
CTCGGAGCAACGATGG,1
CTCGGAGCACGACTCG,8
CTCGGAGCACTGCCAG,8
CTCGGAGCAGGGATTG,5
CTCGGAGTCAACGGGA,8
CTCGGAGTCAAGATCC,5
CTCGGAGTCTAGCACA,8
CTCGGAGTCTGATACG,1000
CTCGGGACAATGGAGC,0
CTCGGGAGTCTAAACC,3
CTCGGGATCACATAGC,3
CTCGTACAGCCTATGT,5
CTCGTACAGTGGAGTC,7
CTCGTACCAATGTTGC,4
CTCGTACCAGTTCCCT,5
CTCGTACCATTAACCG,4
CTCGTACGTACAGTTC,5
CTCGTACGTATGAATG,2
CTCGTACGTGCACTTA,8
CTCGTACGTGGTCCGT,4
CTCGTACTCACCTCGT,8
CTCGTACTCAGTTGAC,1000
CTCGTACTCGACGGAA,5
CTCGTACTCTCCTATA,6
CTCGTCAGTCAGAAGC,4
CTCGTCAGTCTGATCA,1
CTCGTCATCCGCATCT,5
CTCGTCATCGCATGAT,2
CTCGTCATCGGTGTTA,2
CTCTAATAGCGCTCCA,4
CTCTAATAGGAATGGA,4
CTCTAATAGGCATTGG,7
CTCTAATCAACACGCC,1000
CTCTAATCAATAGCAA,5
CTCTAATCAGACGCCT,1000
CTCTAATGTACCTACA,3
CTCTAATGTACTCAAC,6
CTCTAATGTATGCTTG,1000
CTCTAATGTCACCTAA,3
CTCTAATGTCCCGACA,4
CTCTAATTCCGTCAAA,8
CTCTAATTCTGGCGAC,3
CTCTAATTCTTGCATT,0
CTCTACGAGATGAGAG,4
CTCTACGAGCGTGAAC,1
CTCTACGAGTGCCAGA,2
CTCTACGAGTGGGATC,7
CTCTACGGTCCGTCAG,2
CTCTACGGTGGTCCGT,5
CTCTACGTCAGCGATT,3
CTCTACGTCCGTTGTC,1
CTCTGGTCAACGATCT,1000
CTCTGGTCAACTGGCC,8
CTCTGGTCAGACGCAA,3
CTCTGGTCAGTCGTGC,6
CTCTGGTCATCCCACT,7
CTCTGGTCATGCAACT,1000
CTCTGGTGTAAATGAC,1
CTCTGGTGTAACGACG,6
CTCTGGTGTATATCCG,4
CTCTGGTGTCACAAGG,5
CTCTGGTGTTAAGACA,7
CTCTGGTTCAACTCTT,7
CTCTGGTTCCTAGAAC,1
CTCTGGTTCGGATGTT,8
CTGAAACCAGATCCAT,2
CTGAAACCAGGAACGT,8
CTGAAACCATGTTGAC,1000
CTGAAACGTAAGGGCT,3
CTGAAACTCAATAAGG,2
CTGAAACTCACAGGCC,7
CTGAAACTCTCAAGTG,2
CTGAAGTAGCGCTTAT,8
CTGAAGTAGGCTATCT,6
CTGAAGTAGTTATCGC,2
CTGAAGTGTAATAGCA,4
CTGAAGTGTGCAGTAG,2
CTGAAGTTCAACGCTA,8
CTGAAGTTCCACGACG,7
CTGAAGTTCGTACGGC,1
CTGAAGTTCTGCTGTC,2
CTGATAGAGTCCGGTC,7
CTGATAGAGTGCAAGC,3
CTGATAGCATAGGATA,4
CTGATAGGTACCATCA,7
CTGATAGGTCAGAAGC,7
CTGATAGGTGTGTGCC,4
CTGATCCAGCTAACAA,8
CTGATCCAGCTGAAAT,2
CTGATCCAGTGGGTTG,0
CTGATCCAGTGTACCT,6
CTGATCCAGTTAACGA,1
CTGATCCCAACTGGCC,4
CTGATCCCAAGTTCTG,6
CTGATCCCAGGTGCCT,8
CTGATCCGTGAAAGAG,2
CTGATCCGTTCCCGAG,4
CTGATCCTCACCTCGT,8
CTGATCCTCAGTGCAT,1000
CTGATCCTCATAAAGG,8
CTGCCTACACACCGAC,1000
CTGCCTACACATGGGA,5
CTGCCTACACTTGGAT,1
CTGCCTAGTAGAGGAA,7
CTGCCTAGTCGCGGTT,6
CTGCCTAGTCTCTTTA,1000
CTGCCTAGTTACGACT,7
CTGCCTAGTTCCACGG,3
CTGCCTAGTTGGTTTG,1
CTGCCTATCACCAGGC,7
CTGCGGAAGCCGGTAA,8
CTGCGGAAGCTAAGAT,7
CTGCGGACAAGAAAGG,4
CTGCGGAGTTGTGGAG,1
CTGCGGATCCTGTAGA,2
CTGCGGATCTCCGGTT,4
CTGCTGTAGGCGACAT,0
CTGCTGTCAAACGTGG,5
CTGCTGTCAGTCAGCC,4
CTGCTGTCATCCTTGC,6
CTGCTGTCATGATCCA,2
CTGCTGTGTAGCAAAT,7
CTGCTGTGTATAGGTA,4
CTGCTGTGTTAAAGTG,1000
CTGCTGTGTTTAGGAA,4
CTGCTGTTCTGCTGTC,8
CTGCTGTTCTGTCAAG,2
CTGGTCTAGAAGGGTA,1
CTGGTCTAGCTAACTC,8
CTGGTCTAGGGAGTAA,6
CTGGTCTCACCAGTTA,1000
CTGGTCTCACCTATCC,7
CTGGTCTCAGGAATCG,7
CTGGTCTCATACGCCG,7
CTGGTCTGTCAACTGT,1
CTGGTCTGTCCTAGCG,2
CTGGTCTTCACAGGCC,2
CTGGTCTTCGAACGGA,6
CTGTGCTAGCTCTCGG,6
CTGTGCTAGGATGCGT,8
CTGTGCTAGTAAGTAC,6
CTGTGCTAGTATGACA,2
CTGTGCTAGTGCCAGA,6
CTGTGCTAGTTAACGA,3
CTGTGCTCACACATGT,4
CTGTGCTCATCCAACA,2
CTGTGCTGTAGCGATG,1000
CTGTGCTTCTAGAGTC,2
CTGTGCTTCTGTTGAG,1
CTGTTTAAGCAGATCG,6
CTGTTTAAGCCCTAAT,6
CTGTTTAAGTGACTCT,8
CTGTTTACACGGTAAG,3
CTGTTTACATGGTCTA,7
CTGTTTAGTGAGCGAT,4
CTGTTTATCTACCTGC,6
CTGTTTATCTTGCCGT,8
CTTAACTAGGCACATG,4
CTTAACTAGTTGCAGG,2
CTTAACTCAGTCGTGC,5
CTTAACTGTAAGTGTA,3
CTTAACTGTATATCCG,5
CTTAACTGTTCAGACT,4
CTTAACTTCAGGCCCA,3
CTTACCGAGGAACTGC,8
CTTACCGAGGCAAAGA,6
CTTACCGAGGCTCTTA,6
CTTACCGCAACTGCGC,5
CTTACCGCAAGCTGAG,5
CTTACCGCAGCTGCAC,8
CTTACCGCATTGGGCC,8
CTTACCGGTAGCGATG,1000
CTTACCGTCCAACCAA,1
CTTACCGTCCGCATCT,5
CTTACCGTCCGGCACA,6
CTTACCGTCGTTTGCC,5
CTTACCGTCTCGCTTG,7
CTTAGGAAGCGTCAAG,8
CTTAGGAAGCTGCCCA,1
CTTAGGAAGGCATTGG,1
CTTAGGAAGTCAAGCG,7
CTTAGGAAGTCATCCA,4
CTTAGGACAGATGGGT,8
CTTAGGACATTGAGCT,5
CTTAGGAGTCTCTCTG,8
CTTAGGAGTTAGATGA,8
CTTAGGAGTTTGACTG,7
CTTAGGATCACGGTTA,7
CTTAGGATCACTCCTG,1000
CTTAGGATCCTGCAGG,8
CTTCTCTAGCGCTTAT,6
CTTCTCTAGGGTATCG,7
CTTCTCTCAAGGACTG,6
CTTCTCTGTACACCGC,1
CTTCTCTGTCTTGCGG,3
CTTCTCTGTTTGACTG,3
CTTCTCTTCCCAAGAT,1000
CTTCTCTTCTAACTGG,6
CTTCTCTTCTGTCTAT,1
CTTGGCTAGCCACGTC,3
CTTGGCTAGGACATTA,1
CTTGGCTCATGCAACT,1000
CTTGGCTGTACGACCC,4
CTTGGCTGTCTGCGGT,1
CTTGGCTGTCTTGCGG,7
CTTGGCTGTGCGCTTG,8
CTTGGCTGTTAGGGTG,5
CTTGGCTGTTATCGGT,6
CTTGGCTTCCTTAATC,2
CTTGGCTTCGTGTAGT,4
CTTTGCGAGATCCCGC,1
CTTTGCGAGGGCTTCC,2
CTTTGCGCAAATACAG,3
CTTTGCGCACGGACAA,3
CTTTGCGCAGTCCTTC,2
CTTTGCGCATAGTAAG,7
CTTTGCGGTCACACGC,1000
CTTTGCGGTCGCGAAA,1
CTTTGCGGTGCTGTAT,7
CTTTGCGTCAACGGCC,1000
CTTTGCGTCACTTCAT,7
CTTTGCGTCATCTGCC,7
CTTTGCGTCGTTTATC,2
CTTTGCGTCTCTGTCG,4
GAAACTCAGATAGGAG,3
GAAACTCAGATGGCGT,1
GAAACTCAGCTGCGAA,7
GAAACTCAGTAGGTGC,7
GAAACTCCACTTAAGC,8
GAAACTCCATTAGGCT,5
GAAACTCGTCCTAGCG,1
GAAACTCGTCGACTAT,2
GAAACTCGTGAAATCA,8
GAAACTCGTGACCAAG,7
GAAACTCGTGTGGCTC,8
GAAACTCTCTGGCGTG,6
GAAACTCTCTTGCCGT,5
GAAATGAAGACCGGAT,4
GAAATGAAGAGCTTCT,1
GAAATGAAGATGGCGT,7
GAAATGAAGCTCAACT,5
GAAATGAAGTAATCCC,6
GAAATGAAGTATCTCG,1000
GAAATGAAGTGGAGTC,1000
GAAATGACAGCTTCGG,6
GAAATGACATGGTAGG,8
GAAATGACATTTGCTT,6
GAAATGAGTTACGTCA,3
GAAATGATCCAAGTAC,0
GAACATCAGATATACG,4
GAACATCAGTATTGGA,1
GAACATCAGTCGCCGT,4
GAACATCCAAGCCCAC,1000
GAACATCCAGATGGCA,7
GAACATCGTCTAAACC,6
GAACATCTCCAGATCA,3
GAACATCTCCGCATAA,4
GAACATCTCCTTGGTC,6
GAACATCTCTGATTCT,4
GAACATCTCTTCAACT,1000
GAACCTAAGACACTAA,5
GAACCTAAGAGTACCG,3
GAACCTAAGGCAATTA,4
GAACCTACAAGGACTG,4
GAACCTAGTTATGTGC,0
GAACGGAAGGAGCGAG,4
GAACGGAAGGTGTGGT,4
GAACGGACAATAACGA,7
GAACGGACATTGAGCT,1000
GAACGGAGTAAGTGTA,1000
GAACGGAGTTACGTCA,1000
GAACGGAGTTCCCTTG,8
GAACGGATCCAAAGTC,4
GAAGCAGAGACCACGA,4
GAAGCAGAGAGCTGCA,7
GAAGCAGAGATGTTAG,2
GAAGCAGAGCTCAACT,2
GAAGCAGAGGGAGTAA,7
GAAGCAGAGTGTACCT,0
GAAGCAGCACCAGCAC,8
GAAGCAGCAGCTTAAC,7
GAAGCAGCAGTAACGG,6
GAAGCAGCATTAACCG,8
GAAGCAGGTGACGCCT,1
GAAGCAGGTTGCGTTA,1
GAAGCAGTCCTTCAAT,1
GAAGCAGTCGACCAGC,8
GAATAAGAGATGGGTC,3
GAATAAGAGGTGCTTT,6
GAATAAGAGTATCTCG,4
GAATAAGCAAGAGGCT,5
GAATAAGCAGACACTT,1000
GAATAAGCAGGTTTCA,1
GAATAAGGTAACGTTC,1
GAATAAGGTAGGCTGA,3
GAATAAGGTCCGAATT,7
GAATAAGGTCGGCACT,5
GAATAAGGTGCAGGTA,2
GAATAAGTCAGAGACG,5
GAATGAAAGGAACTGC,1000
GAATGAAAGTACATGA,7
GAATGAAAGTATGACA,6
GAATGAAAGTCAAGGC,1000
GAATGAACAAACAACA,8
GAATGAACAATAGCGG,7
GAATGAACATTATCTC,5
GAATGAAGTACCGAGA,5
GAATGAAGTAGGGTAC,8
GAATGAAGTCAGGACA,1000
GAATGAAGTCCGAATT,7
GAATGAAGTGGACGAT,8
GAATGAAGTTAGTGGG,4
GAATGAATCTATCCTA,6
GAATGAATCTCACATT,4
GAATGAATCTGCTGTC,5
GACACGCAGAAGCCCA,2
GACACGCAGAGCTGCA,1000
GACACGCAGGGCACTA,1
GACACGCAGTGTGAAT,5
GACACGCCAAGCCATT,6
GACACGCCACATGTGT,3
GACACGCCAGTGACAG,1000
GACACGCGTATGGTTC,3
GACACGCGTGAGCGAT,2
GACACGCTCCCAAGAT,7
GACACGCTCCTATTCA,6
GACAGAGAGCCTATGT,8
GACAGAGAGCTGTCTA,1
GACAGAGCACTTAACG,8
GACAGAGCAGCTATTG,2
GACAGAGCAGTCAGCC,4
GACAGAGCATAGGATA,5
GACAGAGCATTACCTT,5
GACAGAGGTCTAGAGG,7
GACAGAGGTGTGAAAT,5
GACAGAGGTTGGAGGT,7
GACAGAGTCACCTCGT,6
GACAGAGTCATATCGG,3
GACAGAGTCCACGCAG,3
GACAGAGTCCGCGTTT,1
GACAGAGTCGGCGCTA,1000
GACAGAGTCTTCGAGA,1000
GACCAATAGGTGATAT,4
GACCAATCAAGGGTCA,8
GACCAATCAATCAGAA,1000
GACCAATCAATGAATG,5
GACCAATCATGCAACT,3
GACCAATCATGCTGGC,5
GACCAATCATTGGTAC,4
GACCAATGTAGGCATG,1000
GACCAATGTATAGGTA,8
GACCAATTCGCAAACT,1000
GACCAATTCTACCTGC,7
GACCTGGAGCTAAGAT,1000
GACCTGGAGTCCAGGA,6
GACCTGGAGTGTGAAT,2
GACCTGGCAATGAATG,5
GACCTGGCACATAACC,2
GACCTGGCATGTTCCC,2
GACCTGGGTGTCGCTG,4
GACCTGGGTTTAAGCC,4
GACCTGGTCAGGTTCA,5
GACCTGGTCCCAGGTG,1000
GACGCGTGTCCGAACC,7
GACGCGTGTTAGAACA,3
GACGCGTTCCAGTAGT,1
GACGCGTTCCGCGTTT,4
GACGCGTTCGGCTACG,1000
GACGGCTAGGCTACGA,8
GACGGCTAGGGTGTTG,4
GACGGCTAGTCTCCTC,1
GACGGCTCACCTTGTC,7
GACGGCTCACTCGACG,1000
GACGGCTGTATGGTTC,4
GACGGCTGTGGTCCGT,3
GACGGCTGTTAAGGGC,3
GACGGCTGTTGTCTTT,6
GACGGCTTCCGCATCT,2
GACGGCTTCGACAGCC,8
GACGGCTTCGATAGAA,2
GACGGCTTCTGATACG,7
GACGGCTTCTTCATGT,1
GACGTGCAGCCATCGC,3
GACGTGCAGGCGACAT,1000
GACGTGCAGGGCTTCC,7
GACGTGCAGTAGCGGT,6
GACGTGCCAGGTGCCT,1
GACGTGCCAGTTTACG,1000
GACGTGCGTCGAACAG,1
GACGTGCGTGCCTGTG,8
GACGTGCTCGCGTAGC,6
GACGTTAAGATCCCGC,3
GACGTTAAGCAGCGTA,4
GACGTTAAGCTCCCAG,3
GACGTTAAGGGATCTG,4
GACGTTAGTACGCACC,2
GACGTTAGTATCAGTC,7
GACGTTAGTTATGTGC,6
GACGTTAGTTGTACAC,5
GACGTTATCGTAGGAG,8
GACGTTATCTGCGACG,2
GACGTTATCTGCGGCA,4
GACTAACAGCGACGTA,8
GACTAACAGCTTCGCG,1
GACTAACAGGGTTTCT,1000
GACTAACAGTCAAGGC,4
GACTAACAGTCTCGGC,3
GACTAACCACATCTTT,2
GACTAACGTATGCTTG,1
GACTAACGTCGCGTGT,6
GACTAACGTGGCCCTA,6
GACTAACGTTCACCTC,8
GACTAACGTTGGTTTG,5
GACTAACTCACAACGT,4
GACTAACTCATACGGT,1
GACTAACTCCTATGTT,3
GACTAACTCTTGTTTG,3
GACTACAAGACGCACA,2
GACTACAAGAGTACCG,8
GACTACAAGCAACGGT,3
GACTACAAGCCACCTG,8
GACTACAAGGAGCGTT,4
GACTACAAGTTGTCGT,5
GACTACACAATAAGCA,3
GACTACACACGTCTCT,5
GACTACACATGTCGAT,6
GACTACAGTAGGACAC,7
GACTACAGTATAGGGC,5
GACTACAGTCTAGTCA,2
GACTACAGTGTATGGG,8
GACTACATCCTATGTT,6
GACTACATCGTTACAG,1
GACTACATCTCGCTTG,1
GACTGCGAGGGAAACA,6
GACTGCGCAATTCCTT,7
GACTGCGCACGCCAGT,1
GACTGCGGTGATGTCT,2
GACTGCGGTTCCATGA,7
GACTGCGTCACAGTAC,2
GACTGCGTCAGAGACG,2
GAGCAGAAGATAGTCA,8
GAGCAGAAGCAATCTC,5
GAGCAGAAGTCAATAG,1
GAGCAGAAGTGCCATT,6
GAGCAGAAGTTTAGGA,3
GAGCAGACACGGTAGA,7
GAGCAGACAGTCTTCC,1
GAGCAGACATGCATGT,6
GAGCAGAGTACCAGTT,4
GAGCAGAGTCCTCTTG,3
GAGCAGAGTGATAAGT,0
GAGCAGAGTGTGCCTG,2
GAGCAGAGTTTGGGCC,3
GAGCAGATCGTGACAT,7
GAGCAGATCTACGAGT,3
GAGGTGAAGAAGCCCA,4
GAGGTGAAGAGCTATA,8
GAGGTGACAAGCTGGA,5
GAGGTGACAATTCCTT,1000
GAGGTGACAGCTCGCA,5
GAGGTGACAGGTCGTC,7
GAGGTGACATTATCTC,1000
GAGGTGAGTAGAGTGC,6
GAGGTGAGTGAACCTT,7
GAGGTGATCACCTTAT,8
GAGGTGATCCCTCTTT,1000
GAGTCCGAGGATGGTC,7
GAGTCCGCACCCATGG,7
GAGTCCGCACCTATCC,4
GAGTCCGCAGTCGTGC,3
GAGTCCGCATAGAAAC,7
GAGTCCGCATCCGGGT,1000
GAGTCCGCATTCCTCG,7
GAGTCCGGTAGCGTCC,7
GAGTCCGGTCATATCG,3
GAGTCCGGTCCAGTAT,7
GAGTCCGTCACATAGC,1000
GAGTCCGTCCGCGGTA,8
GATCAGTAGTACGTAA,4
GATCAGTCAGGATCGA,3
GATCAGTGTCCAAGTT,7
GATCAGTGTCGCCATG,2
GATCAGTGTGGCCCTA,3
GATCAGTGTGTCAATC,5
GATCAGTTCATCGATG,4
GATCAGTTCGGATGTT,5
GATCAGTTCGGCGCTA,4
GATCGATAGAGGACGG,2
GATCGATAGCAAATCA,3
GATCGATAGCAATATG,7
GATCGATAGGATGTAT,1
GATCGATAGGCCGAAT,1000
GATCGATCAAAGTCAA,8
GATCGATCACAACGTT,8
GATCGATCAGGCTCAC,1
GATCGATGTACTCTCC,8
GATCGATGTTCCACTC,7
GATCGATTCGCTAGCG,4
GATCGATTCGTTACAG,3
GATCGATTCTGCGACG,6
GATCGCGAGTACGATA,4
GATCGCGCAAGGTGTG,8
GATCGCGGTACCCAAT,6
GATCGCGGTATGAAAC,7
GATCGCGGTGGGTATG,1
GATCGCGGTGTATGGG,6
GATCGCGTCACGCGGT,3
GATCGCGTCCTGCAGG,1
GATCGCGTCGTCCAGG,6
GATCGCGTCTGCGGCA,5
GATCGCGTCTTGGGTA,7
GATCGTAAGACCACGA,4
GATCGTAAGCTGCCCA,3
GATCGTACACCCTATC,1
GATCGTACAGATGAGC,6
GATCGTACAGTGAGTG,8
GATCGTAGTAATCGTC,5
GATCGTATCTTTAGGG,4
GATCTAGAGAAACGCC,2
GATCTAGAGAAGCCCA,7
GATCTAGAGGATGCGT,1
GATCTAGAGGTAAACT,8
GATCTAGAGTACACCT,3
GATCTAGAGTATTGGA,4
GATCTAGAGTGGACGT,3
GATCTAGGTCATACTG,5
GATCTAGGTCGACTAT,1
GATCTAGTCACGGTTA,7
GATCTAGTCCTGCAGG,1
GATCTAGTCGACGGAA,3
GATGAAAAGAGAACAG,1
GATGAAAAGCGATATA,2
GATGAAAAGGATGGAA,1000
GATGAAAAGGGCATGT,2
GATGAAACAATTCCTT,4
GATGAAACACGTGAGA,1
GATGAAACAGTGAGTG,6
GATGAAAGTACGACCC,4
GATGAAAGTGAGGGAG,2
GATGAAAGTGAGGGTT,8
GATGAAATCACCGGGT,3
GATGAGGAGCAGCCTC,7
GATGAGGAGGCAAAGA,1
GATGAGGAGGCTAGCA,3
GATGAGGAGGTTCCTA,3
GATGAGGGTAATTGGA,1
GATGAGGTCGAGGTAG,3
GATGAGGTCGTAGATC,1
GATGCTACAGTATCTG,1
GATGCTAGTACGCTGC,7
GATGCTAGTGAGGGAG,5
GATGCTAGTTTGACAC,4
GATGCTATCACAATGC,4
GATGCTATCCTATGTT,1000
GATGCTATCTACTTAC,6
GATTCAGAGAAGAAGC,5
GATTCAGAGCACCGCT,5
GATTCAGAGGAATTAC,5
GATTCAGAGTCCATAC,4
GATTCAGAGTTCGCAT,4
GATTCAGCATCCGCGA,5
GATTCAGGTAACGCGA,6
GATTCAGTCATAAAGG,5
GATTCAGTCGCATGGC,1000
GCAAACTAGGGCTCTC,4
GCAAACTCACGGACAA,7
GCAAACTGTTACGTCA,6
GCAAACTGTTAGGGTG,1000
GCAAACTTCACATAGC,1000
GCAAACTTCCAAACTG,1
GCAAACTTCGCACTCT,8
GCAAACTTCGCTTGTC,8
GCAATCAAGACAGAGA,8
GCAATCAAGGATGTAT,6
GCAATCAAGTATCTCG,6
GCAATCACAATAGCAA,4
GCAATCACACAGACTT,2
GCAATCACACAGAGGT,1
GCAATCACACGGCGTT,6
GCAATCACAGGATCGA,3
GCAATCACAGTATGCT,4
GCAATCACATATACGC,1
GCAATCACATCGGAAG,4
GCAATCACATGCGCAC,7
GCAATCAGTACCATCA,5
GCAATCATCAACCATG,1
GCAATCATCAATACCG,1
GCAATCATCATTGCCC,6
GCAATCATCCTCAACC,8
GCAATCATCGTTACAG,8
GCAATCATCTAGAGTC,4
GCAATCATCTCGATGA,3
GCACATAAGGCAATTA,3
GCACATAAGTAGGTGC,6
GCACATACACCGTTGG,8
GCACATACACCTTGTC,8
GCACATACATGTAGTC,8
GCACATAGTCGCCATG,7
GCACATAGTGTGGTTT,1
GCACATAGTTCAGTAC,4
GCACATAGTTGAGTTC,2
GCACATATCACTCTTA,1
GCACATATCTGCAAGT,7
GCACATATCTTGGGTA,6
GCACTCTAGACATAAC,1000
GCACTCTAGCCCAACC,5
GCACTCTGTACAGCAG,3
GCACTCTGTAGGGTAC,7
GCACTCTGTCGAACAG,8
GCACTCTGTCGAGTTT,1
GCACTCTGTCTAGTCA,1
GCACTCTGTCTCACCT,6
GCACTCTGTGCGAAAC,6
GCACTCTGTGTTGAGG,8
GCACTCTGTTCCCTTG,1
GCACTCTGTTTGCATG,2
GCACTCTTCTGGTGTA,8
GCAGCCAAGCAGATCG,7
GCAGCCAAGGGAGTAA,4
GCAGCCAAGGGTCGAT,4
GCAGCCAAGTTACGGG,1
GCAGCCACAACACCTA,1
GCAGCCACATGGGAAC,6
GCAGCCACATTCTCAT,1000
GCAGCCAGTAATCACC,6
GCAGCCAGTCTAGTCA,4
GCAGCCAGTTGCTCCT,8
GCAGCCATCCTGCTTG,1000
GCAGCCATCTCGGACG,3
GCAGTTAAGACAGGCT,6
GCAGTTAAGATGTGGC,4
GCAGTTACAACGATCT,4
GCAGTTACACAGCGTC,7
GCAGTTACAGACACTT,1
GCAGTTACAGGCTCAC,6
GCAGTTACATGGTTGT,0
GCAGTTAGTGTGACCC,6
GCATACAAGCCCAGCT,3
GCATACAAGCGTCTAT,8
GCATACAAGCTACCGC,3
GCATACAAGCTGCGAA,5
GCATACAAGCTGTTCA,6
GCATACAAGGAATTAC,5
GCATACACAGTCAGCC,7
GCATACAGTGCTCTTC,2
GCATACATCGGCTACG,8
GCATGATAGACTAAGT,8
GCATGATAGCTAGTGG,8
GCATGATAGTGGGTTG,7
GCATGATCAAACGCGA,5
GCATGATCAAAGCAAT,7
GCATGATCAAAGTGCG,1000
GCATGATCAAGTTAAG,7
GCATGATGTAAGAGAG,1
GCATGATGTGATGTCT,8
GCATGATGTGCACGAA,1
GCATGATGTGCTTCTC,2
GCATGATGTTTACTCT,4
GCATGATTCACGCGGT,8
GCATGATTCAGCTTAG,7
GCATGATTCCGCGGTA,3
GCATGCGCACGAGGTA,2
GCATGCGCAGGTTTCA,1
GCATGCGGTACATGTC,4
GCATGCGGTAGGAGTC,1000
GCATGCGGTCTTGCGG,3
GCATGCGGTGGCTCCA,1000
GCATGCGGTGGTGTAG,2
GCATGCGGTTAAGAAC,1000
GCATGCGTCCGAATGT,3
GCATGCGTCGATAGAA,1000
GCATGTAAGCGATTCT,6
GCATGTAAGGAGCGAG,5
GCATGTAAGGGAAACA,1000
GCATGTAAGTAGTGCG,1000
GCATGTAAGTCCCACG,4
GCATGTACAAGTAGTA,4
GCATGTACATACGCCG,2
GCATGTAGTAGTGAAT,8
GCATGTAGTCTCTTTA,0
GCATGTAGTGACTCAT,3
GCATGTAGTGCAGTAG,7
GCATGTATCACGCATA,1
GCATGTATCCACGTGG,1000
GCATGTATCTATGTGG,5
GCCAAATAGAAGGGTA,6
GCCAAATAGCTCCTCT,6
GCCAAATAGGAATCGC,8
GCCAAATCAATCACAC,6
GCCAAATGTAAGGGAA,6
GCCAAATTCAAACCGT,7
GCCAAATTCAGGATCT,8
GCCAAATTCAGTTAGC,1
GCCAAATTCCTATGTT,1
GCCAAATTCGTTTGCC,1000
GCCAAATTCTCTAGGA,7
GCCTCTAAGACTAGAT,1
GCCTCTAAGCTAGCCC,4
GCCTCTAAGGCATGTG,4
GCCTCTACAACTTGAC,5
GCCTCTACAGCCAATT,4
GCCTCTACATCAGTCA,7
GCCTCTACATTGAGCT,6
GCCTCTAGTAAGGGAA,5
GCCTCTAGTACATCCA,1
GCCTCTAGTACTCTCC,5
GCCTCTAGTAGCGTCC,2
GCCTCTAGTGTTCGAT,1
GCCTCTAGTGTTTGGT,1000
GCCTCTATCAGCTCGG,1000
GCCTCTATCATCATTC,3
GCCTCTATCTGTCCGT,6
GCGACCAAGACTTTCG,7
GCGACCAAGCACACAG,4
GCGACCACAATCGAAA,4
GCGACCACAGTACACT,1000
GCGACCAGTAGAAGGA,3
GCGACCAGTCAGTGGA,6
GCGACCAGTCTTTCAT,4
GCGACCATCATGGTCA,2
GCGACCATCGGCGGTT,1
GCGACCATCGTCCGTT,3
GCGAGAAAGGTAGCTG,6
GCGAGAACACCTGGTG,5
GCGAGAACAGCTCGCA,4
GCGAGAAGTAATTGGA,7
GCGAGAAGTCCCTTGT,1000
GCGAGAAGTGCTTCTC,7
GCGAGAATCAGAGACG,2
GCGCAACAGAAGCCCA,7
GCGCAACAGAGAGCTC,7
GCGCAACAGATGCCAG,3
GCGCAACAGTCAAGGC,5
GCGCAACAGTGCAAGC,6
GCGCAACCAACACGCC,5
GCGCAACCAAGGTGTG,6
GCGCAACCATCCCATC,6
GCGCAACGTAAAGGAG,8
GCGCAACGTAGCACGA,7
GCGCAACGTAGCTTGT,5
GCGCAACGTGCAGGTA,8
GCGCAACGTTAAGATG,1
GCGCAACTCATCGGAT,5
GCGCAACTCCCAAGTA,2
GCGCAGTAGTGGGTTG,0
GCGCAGTCACAAGCCC,5
GCGCAGTCACGAGAGT,3
GCGCAGTCATTGGTAC,1
GCGCAGTGTACCTACA,7
GCGCAGTGTATATCCG,8
GCGCAGTGTCACTTCC,4
GCGCAGTGTCCAGTTA,3
GCGCAGTGTGCTTCTC,1
GCGCAGTGTTGACGTT,6
GCGCAGTTCGCAAGCC,6
GCGCAGTTCTGCCAGG,1
GCGCCAAAGAAGCCCA,8
GCGCCAAAGCCAGTTT,2
GCGCCAAAGCTACCGC,2
GCGCCAAAGGGATGGG,3
GCGCCAACAATCAGAA,6
GCGCCAACACCGGAAA,6
GCGCCAACAGACAAGC,4
GCGCCAAGTCCCTTGT,1
GCGCCAAGTCTAAACC,1
GCGCCAAGTCTCATCC,7
GCGCCAAGTGACAAAT,8
GCGCCAATCATCACCC,1
GCGCCAATCCGCAAGC,5
GCGCCAATCCGTACAA,7
GCGCCAATCGGAAATA,4
GCGCCAATCTACCAGA,2
GCGCCAATCTTATCTG,5
GCGCCAATCTTGTACT,2
GCGCGATGTAGGCATG,7
GCGCGATGTGGCTCCA,6
GCGCGATGTTGGTTTG,4
GCGCGATTCCCTCTTT,5
GCGGGTTAGAGTTGGC,4
GCGGGTTAGGACAGCT,1
GCGGGTTAGGCAATTA,3
GCGGGTTCACACGCTG,7
GCGGGTTCACGCTTTC,3
GCGGGTTCAGGGTACA,2
GCGGGTTGTACCCAAT,7
GCGGGTTGTCCGTTAA,3
GCGGGTTGTCTCTTAT,4
GCGGGTTGTGTTGAGG,1
GCGGGTTGTTGCGTTA,1
GCGGGTTTCACTGGGC,3
GCGGGTTTCCACGTTC,6
GCGGGTTTCGTAGGTT,1000
GCGGGTTTCTGCAAGT,7
GCTCCTAAGAGTCTGG,4
GCTCCTAAGCGTAGTG,5
GCTCCTAAGGCGCTCT,1
GCTCCTAAGGTGATAT,1000
GCTCCTACAGCCTTGG,3
GCTCCTAGTCGCGGTT,1000
GCTCCTAGTCTGATCA,8
GCTCCTAGTCTGCAAT,1
GCTCCTATCGCCAAAT,3
GCTCCTATCTACCTGC,2
GCTCTGTAGGGCTCTC,7
GCTCTGTAGGTGCTAG,7
GCTCTGTCATGCCTTC,7
GCTCTGTGTCTCATCC,7
GCTCTGTTCAGAGACG,5
GCTCTGTTCTCTAGGA,0
GCTGCAGAGAGAGCTC,1000
GCTGCAGAGGTAGCTG,4
GCTGCAGCACACAGAG,1000
GCTGCAGGTCCTAGCG,6
GCTGCGAAGATTACCC,1
GCTGCGAAGCACGCCT,5
GCTGCGAAGGAGTAGA,1000
GCTGCGAAGTACACCT,7
GCTGCGACACGTCAGC,1
GCTGCGAGTTCCCGAG,4
GCTGCGATCCTACAGA,7
GCTGCGATCTCCGGTT,1000
GCTGCTTAGCGTTTAC,1
GCTGCTTAGTTAGGTA,4
GCTGCTTCAACCGCCA,7
GCTGCTTCAGGGTACA,1000
GCTGCTTGTCACTTCC,1
GCTGCTTGTGCCTGCA,1000
GCTGCTTGTGTAATGA,3
GCTGCTTTCACGCGGT,6
GCTGCTTTCAGAGCTT,1
GCTGCTTTCATTGCCC,2
GCTGCTTTCCCGGATG,5
GCTGCTTTCTAACTCT,5
GCTGCTTTCTGCCCTA,4
GCTGGGTCAAACAACA,4
GCTGGGTCAAGTTAAG,8
GCTGGGTCACGTCTCT,4
GCTGGGTGTGACGCCT,1
GCTGGGTGTGCAACTT,1
GCTGGGTGTTGAGGTG,7
GCTGGGTTCCAAATGC,2
GCTGGGTTCCGTAGTA,3
GCTTCCAAGCCGCCTA,8
GCTTCCAAGCTACCGC,7
GCTTCCACAAACTGCT,5
GCTTCCACAGACTCGC,7
GCTTCCACATAGACTC,1
GCTTCCAGTAAACGCG,2
GCTTCCAGTCAAGCGA,1
GCTTCCAGTCTCATCC,2
GCTTCCAGTGCATCTA,5
GCTTCCATCCTTTACA,4
GCTTGAAAGACAAGCC,8
GCTTGAAAGCATCATC,1000
GCTTGAAAGCCACGCT,8
GCTTGAAAGTCACGCC,2
GCTTGAAAGTTCCACA,6
GCTTGAACACCAGGTC,3
GCTTGAACAGACTCGC,1
GCTTGAAGTCTGCCAG,4
GCTTGAAGTTCGTTGA,7
GCTTGAAGTTTGGCGC,6
GCTTGAATCCCTCTTT,4
GCTTGAATCCTTTACA,3
GCTTGAATCGGCGGTT,6
GCTTGAATCTTTAGGG,8
GCTTGAATCTTTCCTC,7
GGAAAGCAGAGACTAT,1000
GGAAAGCAGCCTCGTG,4
GGAAAGCAGTCCCACG,4
GGAAAGCAGTGAAGTT,6
GGAAAGCCACACCGAC,4
GGAAAGCCACCAGGTC,2
GGAAAGCCACTTACGA,0
GGAAAGCGTAAGGGCT,6
GGAAAGCGTCCGAACC,1000
GGAAAGCGTCTTCGTC,7
GGAAAGCTCACCAGGC,6
GGAAAGCTCCGCAAGC,6
GGAAAGCTCGCGTTTC,1
GGAAAGCTCTTTCCTC,8
GGAACTTAGGAGTCTG,1
GGAACTTCACCCATTC,8
GGAACTTCAGCTGCTG,7
GGAACTTCATACTACG,7
GGAACTTGTCGCATCG,3
GGAACTTGTGAAGGCT,3
GGAACTTGTTGAGGTG,1000
GGAACTTTCACTCTTA,5
GGAACTTTCAGAAATG,8
GGAACTTTCAGCAACT,2
GGAACTTTCCGATATG,7
GGAATAAAGCCATCGC,7
GGAATAAAGCGTTCCG,2
GGAATAAAGTCATGCT,8
GGAATAAAGTCTCCTC,8
GGAATAACAATAACGA,8
GGAATAACAGGGAGAG,2
GGAATAAGTACCAGTT,3
GGAATAAGTATATGGA,6
GGAATAAGTCACTGGC,2
GGAATAAGTCAGCTAT,8
GGAATAAGTCGTCTTC,2
GGAATAATCAACTCTT,3
GGAATAATCAGATAAG,8
GGAATAATCTGTCAAG,1000
GGACAAGAGAATCTCC,1000
GGACAAGAGTTGCAGG,8
GGACAAGCACTTACGA,3
GGACAAGCATAGACTC,6
GGACAAGGTCTAGTCA,1
GGACAAGGTGGGTATG,3
GGACAAGGTGGTAACG,2
GGACAAGGTGTGAAAT,8
GGACAAGGTTACGACT,5
GGACAAGTCATCTGTT,1
GGACAAGTCTTAACCT,1000
GGACAGAAGAACAATC,6
GGACAGAAGAGTGAGA,1000
GGACAGAAGATCCCGC,2
GGACAGAAGCGCCTCA,4
GGACAGAAGCTCAACT,5
GGACAGACAATAGAGT,4
GGACAGACACTTAACG,1000
GGACAGACATCACAAC,7
GGACAGAGTACAGACG,8
GGACAGAGTAGGACAC,3
GGACAGAGTATAGGTA,2
GGACAGAGTCTCTCGT,2
GGACAGAGTGCCTGGT,4
GGACAGAGTTTGTGTG,3
GGACAGATCGTCCAGG,3
GGACAGATCGTTTATC,1
GGACATTAGCCACTAT,1
GGACATTAGTACATGA,5
GGACATTAGTTAGCGG,8
GGACATTCACGACGAA,1000
GGACATTCAGGTCCAC,7
GGACATTGTAGAAGGA,4
GGACATTGTAGGGTAC,5
GGACATTGTCGCGTGT,1
GGACATTGTGCGCTTG,3
GGACATTGTGTTAAGA,2
GGACATTGTTATCGGT,3
GGACATTTCCACGTGG,1
GGACATTTCGGAAATA,2
GGACGTCAGAAGATTC,6
GGACGTCAGCCGTCGT,5
GGACGTCAGTACGTAA,1000
GGACGTCCAAAGTGCG,6
GGACGTCCAAGCGTAG,1000
GGACGTCCACTATCTT,6
GGACGTCCACTCTGTC,7
GGACGTCGTACAGACG,1000
GGACGTCGTTCATGGT,4
GGACGTCTCAGGCAAG,2
GGACGTCTCGTAGATC,7
GGACGTCTCGTCTGAA,1
GGACGTCTCTGGTGTA,6
GGAGCAAAGAGTCGGT,1
GGAGCAAAGTAGCGGT,1
GGAGCAAAGTGAACGC,4
GGAGCAAAGTGGGCTA,3
GGAGCAACACACTGCG,2
GGAGCAACAGTATAAG,7
GGAGCAAGTCAACTGT,8
GGAGCAAGTCCAACTA,1
GGAGCAATCGAACGGA,8
GGATGTTAGAATTGTG,5
GGATGTTAGCTAACTC,7
GGATGTTAGGCTCTTA,1
GGATGTTCAAGCCCAC,2
GGATGTTGTATATCCG,1000
GGATGTTGTATTCGTG,3
GGATGTTGTCCAACTA,7
GGATGTTTCGCGGATC,3
GGATTACAGACAGAGA,5
GGATTACAGAGACTAT,1
GGATTACAGCCCAATT,7
GGATTACAGTGCCAGA,3
GGATTACCAAGCGCTC,8
GGATTACCACTTGGAT,1
GGATTACCAGACACTT,2
GGATTACCATCCCATC,8
GGATTACCATCTACGA,1
GGATTACGTAGGACAC,7
GGATTACGTGTGTGCC,8
GGATTACTCAAAGACA,2
GGATTACTCATGTAGC,3
GGCAATTAGACCACGA,4
GGCAATTAGAGTCGGT,5
GGCAATTAGATGCCAG,4
GGCAATTAGTACACCT,2
GGCAATTAGTACGCCC,8
GGCAATTAGTTGAGTA,7
GGCAATTCAATAGCAA,8
GGCAATTCACCCATGG,1
GGCAATTCAGCATGAG,8
GGCAATTCATAGTAAG,1
GGCAATTCATGTCCTC,2
GGCAATTCATTAACCG,4
GGCAATTGTACCGTTA,6
GGCAATTGTCACACGC,4
GGCAATTGTCAGGACA,1000
GGCAATTGTGCGCTTG,8
GGCAATTGTTCGTGAT,5
GGCAATTGTTGAGTTC,3
GGCAATTTCATTGCGA,1
GGCAATTTCCAGTAGT,0
GGCAATTTCCCTCAGT,1
GGCCGATAGTATTGGA,7
GGCCGATCAAGCCATT,8
GGCCGATCAGCCTATA,5
GGCCGATCAGCGTCCA,4
GGCCGATCAGGGATTG,5
GGCCGATCATGGTTGT,4
GGCCGATGTACCGCTG,1
GGCCGATGTCGCATAT,2
GGCCGATGTGACTACT,7
GGCCGATGTTACCAGT,8
GGCCGATGTTTGGGCC,5
GGCCGATTCTTCCTTC,8
GGCCGATTCTTGTATC,3
GGCGACTAGACACTAA,7
GGCGACTAGACAGACC,1000
GGCGACTAGTGAACAT,3
GGCGACTCAAAGGCGT,8
GGCGACTCAAGCTGTT,8
GGCGACTCAAGTACCT,8
GGCGACTCATACCATG,8
GGCGACTGTATGGTTC,6
GGCGACTGTTGAACTC,5
GGCGACTTCCACGTGG,4
GGCGTGTAGCTGTCTA,4
GGCGTGTAGTGATCGG,7
GGCGTGTCAACAACCT,2
GGCGTGTCACTTAACG,4
GGCGTGTCATTTCAGG,2
GGCGTGTGTACCGAGA,3
GGCGTGTGTCAGGACA,6
GGCGTGTGTTACCAGT,1000
GGCGTGTGTTGGTAAA,3
GGCGTGTGTTTGTTGG,4
GGCGTGTTCCACTCCA,8
GGCGTGTTCCTTAATC,8
GGCTCGAAGAGCTATA,8
GGCTCGAAGTCCAGGA,1
GGCTCGACAATGGAAT,1000
GGCTCGACATTATCTC,4
GGCTCGAGTAATCGTC,0
GGCTCGAGTCTGATTG,1000
GGCTCGATCACCGGGT,7
GGCTCGATCACTTATC,8
GGCTCGATCCACGACG,3
GGCTCGATCTCGTTTA,1
GGCTGGTAGTACTTGC,5
GGCTGGTAGTGACTCT,4
GGCTGGTCACATCTTT,1
GGCTGGTGTAGCGTAG,4
GGCTGGTGTTCCGGCA,5
GGCTGGTGTTCGTTGA,6
GGCTGGTTCACGACTA,4
GGCTGGTTCCGCAAGC,3
GGCTGGTTCCGCTGTT,2
GGCTGGTTCGTACGGC,3
GGGAATGAGAATAGGG,4
GGGAATGAGCTATGCT,1000
GGGAATGAGTGGTAGC,4
GGGAATGAGTGTGAAT,4
GGGAATGCAATTCCTT,1
GGGAATGCAGTTTACG,2
GGGAATGCATCCGTGG,3
GGGAATGCATGGTTGT,6
GGGAATGCATTAACCG,8
GGGAATGCATTTCACT,5
GGGAATGTCCCTTGCA,5
GGGACCTAGACCACGA,1
GGGACCTAGACGCTTT,4
GGGACCTAGCAATCTC,3
GGGACCTAGGAGTACC,1
GGGACCTCACGGTAAG,8
GGGACCTCATGCTAGT,6
GGGACCTCATGGAATA,1000
GGGACCTTCACTCCTG,8
GGGACCTTCGGAAACG,6
GGGACCTTCTTTACAC,8
GGGAGATAGATGGCGT,5
GGGAGATAGTCAAGGC,4
GGGAGATCACCAGATT,3
GGGAGATCAGTATGCT,3
GGGAGATCATCCGTGG,6
GGGAGATGTAAGAGAG,1
GGGAGATGTACCATCA,8
GGGAGATGTGTGACCC,8
GGGAGATGTGTGCGTC,1
GGGAGATGTTGAGTTC,2
GGGAGATTCAGAAATG,2
GGGAGATTCCGTTGTC,3
GGGAGATTCTCCTATA,6
GGGAGATTCTTGACGA,2
GGGATGAAGATCTGAA,7
GGGATGAAGCGGATCA,7
GGGATGACACCAGTTA,5
GGGATGAGTCCGAATT,5
GGGATGAGTCTGCGGT,6
GGGATGAGTTCACCTC,3
GGGATGATCACCCTCA,7
GGGATGATCACGATGT,2
GGGATGATCGTGTAGT,1000
GGGATGATCTGTACGA,6
GGGCACTAGGTAGCCA,8
GGGCACTAGTCCTCCT,3
GGGCACTCACTGTCGG,1
GGGCACTCAGGGTATG,1
GGGCACTCAGTTTACG,7
GGGCACTCATCCCACT,8
GGGCACTCATTACCTT,7
GGGCACTGTCGTGGCT,1000
GGGCACTGTCTAGAGG,1000
GGGCACTTCCACGACG,1
GGGCACTTCTAACTCT,1000
GGGCACTTCTCACATT,1000
GGGCATCAGAATCTCC,4
GGGCATCAGCCACCTG,5
GGGCATCAGCGGCTTC,4
GGGCATCAGCTAAACA,4
GGGCATCAGTCATCCA,5
GGGCATCCACATTAGC,7
GGGCATCCAGTATGCT,3
GGGCATCCATCCCACT,4
GGGCATCCATCGATGT,2
GGGCATCGTAGAGCTG,4
GGGCATCGTCAGAATA,7
GGGCATCGTGCATCTA,7
GGGCATCGTTCGAATC,4
GGGCATCTCAAGGCTT,5
GGGCATCTCAGCGATT,8
GGGCATCTCTGTTTGT,1
GGGTCTGAGCACGCCT,2
GGGTCTGAGGAGTCTG,6
GGGTCTGAGTCATCCA,4
GGGTCTGCAATACGCT,6
GGGTCTGCAGGAATCG,8
GGGTCTGGTATGAAAC,2
GGGTCTGGTCATCCCT,2
GGGTCTGGTCGCATCG,6
GGGTCTGTCACTTATC,4
GGGTCTGTCAGCTGGC,4
GGGTCTGTCATGCTCC,4
GGGTCTGTCCAGAAGG,7
GGGTCTGTCCTACAGA,1000
GGGTCTGTCTCGAGTA,5
GGGTCTGTCTGTTTGT,6
GGGTTGCAGAGTACCG,2
GGGTTGCAGCTCAACT,5
GGGTTGCCACGCTTTC,5
GGGTTGCGTATCACCA,7
GGGTTGCGTCAAGCGA,2
GGGTTGCGTGCAGGTA,4
GGGTTGCGTTCCTCCA,1
GGTATTGAGATGTTAG,1
GGTATTGAGGACTGGT,1
GGTATTGCAGGGAGAG,1000
GGTATTGCAGTCAGCC,4
GGTATTGGTAGAGTGC,1000
GGTATTGGTCACAAGG,4
GGTATTGGTCAGAATA,5
GGTATTGGTGGTCTCG,8
GGTATTGTCACCGGGT,5
GGTGAAGAGATCTGAA,2
GGTGAAGAGATGGCGT,1
GGTGAAGAGCATCATC,4
GGTGAAGAGCGAAGGG,3
GGTGAAGAGTTAAGTG,3
GGTGAAGCAAGGACTG,2
GGTGAAGCACATCCGG,5
GGTGAAGCAGTCCTTC,7
GGTGAAGCATCCCATC,3
GGTGAAGGTAATAGCA,2
GGTGCGTAGCCCAATT,7
GGTGCGTAGCCTATGT,1
GGTGCGTCAATCTGCA,1
GGTGCGTCACGCATCG,6
GGTGCGTCAGCTGCAC,2
GGTGCGTCATGGTAGG,1
GGTGCGTGTAGCTCCG,6
GGTGCGTGTGTATGGG,2
GGTGCGTTCAGTGTTG,1
GGTGCGTTCCAAACAC,1000
GGTGCGTTCGGCATCG,7
GGTGTTAAGATCTGCT,5
GGTGTTAAGGTCGGAT,1000
GGTGTTAGTACTTGAC,2
GGTGTTAGTCTCAACA,6
GGTGTTAGTGATAAGT,3
GTAACGTAGCATCATC,7
GTAACGTAGTGAATTG,4
GTAACGTAGTTGTCGT,3
GTAACGTCAATGGAGC,7
GTAACGTCACCTCGTT,1000
GTAACGTCACGTCAGC,7
GTAACGTCAGGTGCCT,6
GTAACGTCAGTGGGAT,2
GTAACGTGTAAAGGAG,4
GTAACGTTCTGGCGTG,6
GTAACGTTCTTCAACT,4
GTAACTGAGAGTTGGC,1
GTAACTGAGATGTAAC,5
GTAACTGAGCAGACTG,6
GTAACTGAGGAGTTTA,1000
GTAACTGAGGATATAC,3
GTAACTGCAAGTCTAC,1
GTAACTGGTAAGTGGC,8
GTAACTGGTCGGGTCT,1
GTAACTGGTTCTGGTA,5
GTAACTGGTTGCCTCT,8
GTAACTGTCCTAGTGA,3
GTAACTGTCCTTGGTC,7
GTACGTAAGACAGGCT,8
GTACGTAAGGGAACGG,4
GTACGTAAGGTTCCTA,7
GTACGTAAGTGGTAAT,4
GTACGTACACGAAACG,2
GTACGTACATCTGGTA,1000
GTACGTATCAACCATG,6
GTACGTATCATGCATG,4
GTACGTATCTGCGACG,4
GTACTCCAGAACAACT,4
GTACTCCAGAGGACGG,1000
GTACTCCAGATCCCGC,5
GTACTCCAGGACAGAA,1
GTACTCCAGGTGTGGT,5
GTACTCCCATCTGGTA,5
GTACTCCGTTTAGCTG,0
GTACTCCGTTTCCACC,3
GTACTCCTCAGAGACG,1
GTACTCCTCATCTGCC,6
GTACTCCTCCCAGGTG,4
GTACTCCTCTGGAGCC,5
GTACTTTAGAATGTGT,5
GTACTTTAGAGGTAGA,6
GTACTTTGTCAGGACA,3
GTACTTTGTCGAACAG,1
GTACTTTGTCTGATCA,7
GTACTTTGTGAAGGCT,1
GTACTTTTCAGCACAT,5
GTAGGCCAGAATTGTG,7
GTAGGCCAGTACGTTC,8
GTAGGCCCAAACGCGA,8
GTAGGCCCACATGGGA,1000
GTAGGCCCAGTTCATG,2
GTAGGCCCATACCATG,4
GTAGGCCCATCCCACT,3
GTAGGCCCATCGGACC,2
GTAGGCCGTGGGTCAA,5
GTAGGCCGTGTTCGAT,5
GTAGGCCGTTCTGTTT,6
GTAGGCCTCACAAACC,1000
GTAGGCCTCACCGTAA,1
GTAGGCCTCAGAGCTT,1000
GTAGGCCTCATGTCTT,5
GTAGGCCTCGCTTAGA,1
GTAGGCCTCTGTACGA,5
GTAGGCCTCTTACCGC,7
GTAGTCAAGCCACCTG,5
GTAGTCACAAACGCGA,1
GTAGTCACAATGTAAG,1000
GTAGTCACACATCCAA,8
GTAGTCACACGGTAGA,7
GTAGTCACAGACAAAT,7
GTAGTCACAGGACGTA,7
GTAGTCACATAGTAAG,1
GTAGTCAGTAAGGGCT,1000
GTAGTCAGTGGTTTCA,1
GTAGTCATCAACGGGA,5
GTAGTCATCCCAAGAT,1
GTAGTCATCGGAAACG,8
GTAGTCATCTTGTCAT,3
GTATCTTAGAGTGAGA,1
GTATCTTAGCGACGTA,1
GTATCTTAGGACCACA,6
GTATCTTCAAATCCGT,2
GTATCTTCACACGCTG,1
GTATCTTGTACTCAAC,2
GTATCTTGTAGGCATG,4
GTATCTTGTTCCCGAG,7
GTATCTTGTTGAGTTC,7
GTATCTTTCACGAAGG,7
GTATCTTTCCACTCCA,1
GTATCTTTCCGCGGTA,5
GTATCTTTCCGTAGGC,7
GTATCTTTCCTAGGGC,5
GTATCTTTCTCGTTTA,3
GTATTCTAGAGGACGG,2
GTATTCTAGTGAACGC,5
GTATTCTCAATAAGCA,6
GTATTCTCAGATGGCA,3
GTATTCTCAGTCCTTC,8
GTATTCTCATCAGTCA,8
GTATTCTGTAGGCTGA,1000
GTATTCTGTATTCGTG,7
GTATTCTGTGTCAATC,8
GTATTCTGTTCCAACA,1
GTATTCTGTTTGTTTC,5
GTATTCTTCAACCAAC,5
GTATTCTTCAGTTTGG,5
GTATTCTTCCTTCAAT,8
GTATTCTTCGAGGTAG,2
GTCAAGTAGATGGCGT,6
GTCAAGTAGGTGCACA,4
GTCAAGTCAATCACAC,2
GTCAAGTCAATCAGAA,7
GTCAAGTCACGGATAG,3
GTCAAGTCAGGAATGC,8
GTCAAGTCAGGATTGG,3
GTCAAGTCATGTCGAT,8
GTCAAGTGTAGCTCCG,4
GTCAAGTGTTACCAGT,1
GTCAAGTTCGCGCCAA,6
GTCAAGTTCTTTACAC,4
GTCACAAAGAGTAATC,8
GTCACAAAGCGATTCT,8
GTCACAAAGTCGCCGT,1
GTCACAACACATTAGC,7
GTCACAACACCGGAAA,7
GTCACAAGTATGAAAC,1000
GTCACAATCCCATTAT,4
GTCACAATCCTCAACC,3
GTCACAATCGGACAAG,2
GTCACAATCTCTTATG,1
GTCACAATCTTTCCTC,1000
GTCACGGAGCCGGTAA,7
GTCACGGCACAGCCCA,1000
GTCACGGCATCGGTTA,1
GTCACGGCATCTACGA,2
GTCACGGGTAGCAAAT,3
GTCACGGGTCATATCG,2
GTCACGGGTCCGAATT,5
GTCACGGTCGGCGCAT,7
GTCATTTAGCTGATAA,1
GTCATTTAGGACAGAA,8
GTCATTTCAAACGTGG,6
GTCATTTCAATAGCAA,4
GTCATTTCACAGGCCT,7
GTCATTTCACGAAATA,1
GTCATTTCACTCAGGC,8
GTCATTTCAGCGTAAG,4
GTCATTTCATCGATGT,3
GTCATTTGTAGCACGA,8
GTCATTTGTCATTAGC,6
GTCATTTGTTTCGCTC,2
GTCATTTTCAACGCTA,6
GTCATTTTCCCTTGTG,1000
GTCATTTTCGAGAGCA,2
GTCATTTTCGTAGGAG,1
GTCCTCACAGATGAGC,7
GTCCTCAGTAATAGCA,4
GTCCTCAGTATATGAG,5
GTCCTCAGTTGATTCG,6
GTCCTCATCCCGACTT,4
GTCCTCATCTGTCAAG,4
GTCCTCATCTTACCGC,1
GTCGGGTAGGCAGTCA,5
GTCGGGTAGGCTCAGA,1000
GTCGGGTCAAGAGTCG,4
GTCGGGTCACCAGGTC,1000
GTCGGGTCACCGAAAG,0
GTCGGGTCAGTGAGTG,1
GTCGGGTGTATCAGTC,7
GTCGGGTTCATATCGG,6
GTCGGGTTCCGATATG,1000
GTCGGGTTCGACCAGC,8
GTCGTAAAGGTTACCT,1
GTCGTAAAGTGAATTG,6
GTCGTAACAGTCGATT,6
GTCGTAAGTCCGAATT,1
GTCGTAAGTGTTCGAT,4
GTCGTAATCACGCGGT,2
GTCGTAATCAGTCAGT,1
GTCGTAATCATGCATG,7
GTCGTAATCATTATCC,7
GTCGTAATCCGTTGTC,7
GTCGTAATCCTTTCGG,7
GTCGTAATCGTTTGCC,8
GTCGTAATCTACCTGC,2
GTCTCGTCAAGCGAGT,7
GTCTCGTGTCAGAGGT,1
GTCTCGTGTGAAATCA,4
GTCTCGTGTGGCTCCA,1
GTCTCGTGTGTGGCTC,7
GTCTCGTGTTATGTGC,3
GTCTCGTGTTCCCGAG,2
GTCTCGTGTTCGCGAC,7
GTCTCGTTCCAAGTAC,1
GTCTTCGAGCCAGAAC,2
GTCTTCGAGGCTCTTA,3
GTCTTCGCAATAGCAA,1
GTCTTCGCACATTTCT,1000
GTCTTCGCATTGGTAC,7
GTCTTCGGTTTGTTTC,3
GTCTTCGTCAAACAAG,1000
GTCTTCGTCATTGCCC,2
GTCTTCGTCCTGCAGG,6
GTGAAGGAGAGCTGCA,1000
GTGAAGGCAGCGAACA,7
GTGAAGGGTACATGTC,7
GTGAAGGTCATGTCCC,4
GTGAAGGTCCATTCTA,3
GTGAAGGTCTCGTATT,1000
GTGCAGCAGACGACGT,6
GTGCAGCAGATCTGAA,5
GTGCAGCAGCCGATTT,3
GTGCAGCAGGCATTGG,8
GTGCAGCAGGCGACAT,2
GTGCAGCAGTGGGTTG,8
GTGCAGCCACTTACGA,7
GTGCAGCGTGCGATAG,8
GTGCAGCTCAAGCCTA,1000
GTGCAGCTCCATGCTC,1000
GTGCAGCTCCTGTAGA,6
GTGCAGCTCGGATGTT,4
GTGCAGCTCTCTAAGG,6
GTGCATAAGCAGGTCA,3
GTGCATAAGCCACGCT,6
GTGCATAAGCTAGGCA,6
GTGCATAAGGCATTGG,6
GTGCATACAATCTACG,8
GTGCATACATCCTTGC,2
GTGCATACATCGGTTA,8
GTGCATAGTCTTCGTC,7
GTGCATAGTTACCGAT,4
GTGCATAGTTAGATGA,3
GTGCATATCCCTTGTG,4
GTGCGGTAGCTAAACA,8
GTGCGGTAGGTAGCTG,4
GTGCGGTCAAACTGCT,5
GTGCGGTCACCGGAAA,2
GTGCGGTCAGTTTACG,1
GTGCGGTCATTACCTT,1000
GTGCGGTGTTGATTGC,7
GTGCGGTTCAATCACG,3
GTGCGGTTCTAAGCCA,4
GTGCGGTTCTTTCCTC,4
GTGCTTCAGAAGGTTT,3
GTGCTTCAGCCACGTC,6
GTGCTTCAGCGTGAAC,7
GTGCTTCGTATAATGG,5
GTGCTTCGTTCACGGC,6
GTGCTTCTCAAGGTAA,5
GTGCTTCTCAGAGACG,1
GTGCTTCTCCGGCACA,5
GTGCTTCTCCTACAGA,4
GTGGGTCAGACCTTTG,4
GTGGGTCAGAGAACAG,4
GTGGGTCAGATCCCGC,1000
GTGGGTCAGGTGCTAG,6
GTGGGTCCAGGGTTAG,6
GTGGGTCGTAAGTGTA,5
GTGGGTCGTCTAAAGA,2
GTGGGTCGTCTCCCTA,4
GTGGGTCTCAAACAAG,5
GTGGGTCTCCAGGGCT,1
GTGGGTCTCGATAGAA,1000
GTGGGTCTCGGAAATA,3
GTGTGCGAGACATAAC,1000
GTGTGCGAGGGTCGAT,7
GTGTGCGAGTCAAGGC,7
GTGTGCGCAATCTGCA,8
GTGTGCGCAGTCGATT,1
GTGTGCGCATCTCCCA,7
GTGTGCGGTCTACCTC,5
GTGTGCGGTCTCACCT,1
GTGTGCGTCCTGTACC,8
GTGTGCGTCGTCACGG,5
GTGTTAGAGCGTGTCC,7
GTGTTAGAGCGTTCCG,5
GTGTTAGAGCTGAAAT,6
GTGTTAGAGGATGTAT,4
GTGTTAGCACACAGAG,6
GTGTTAGCACATGACT,7
GTGTTAGCACCATCCT,4
GTGTTAGCATCAGTCA,5
GTGTTAGCATCTATGG,1
GTGTTAGCATGTCCTC,5
GTGTTAGGTCACTTCC,2
GTGTTAGGTTAGTGGG,6
GTGTTAGTCCCAACGG,7
GTGTTAGTCTTACCGC,1
GTTAAGCAGACAGGCT,1
GTTAAGCAGACCACGA,4
GTTAAGCAGCTCCCAG,7
GTTAAGCAGCTTCGCG,7
GTTAAGCCATCTCCCA,4
GTTAAGCCATTGGTAC,2
GTTAAGCGTACAGTTC,1
GTTAAGCGTACTTCTT,7
GTTAAGCGTTTGTGTG,5
GTTAAGCTCTCACATT,5
GTTACAGAGCCCAATT,1000
GTTACAGAGTAACCCT,1
GTTACAGCAAAGGAAG,8
GTTACAGGTGTTTGTG,1000
GTTACAGTCAATAAGG,3
GTTACAGTCGAGGTAG,3
GTTACAGTCTACTTAC,1
GTTACAGTCTGCGTAA,6
GTTACAGTCTTGCATT,1
GTTCATTCATCCCACT,2
GTTCATTGTCAAAGCG,8
GTTCATTTCAAGGCTT,1000
GTTCATTTCACGGTTA,4
GTTCATTTCGTCTGAA,4
GTTCGGGAGACTACAA,4
GTTCGGGAGAGAACAG,2
GTTCGGGAGAGTCGGT,5
GTTCGGGCAACACGCC,2
GTTCGGGCACCAGCAC,3
GTTCGGGCACGTCAGC,5
GTTCGGGCAGACGCAA,8
GTTCGGGCATGGGACA,3
GTTCGGGGTAAAGGAG,6
GTTCGGGGTACAGCAG,3
GTTCGGGGTTACCGAT,3
GTTCGGGGTTCCACAA,7
GTTCGGGTCCCAAGAT,2
GTTCTCGAGACGCAAC,1
GTTCTCGAGAGATGAG,2
GTTCTCGCACGTCTCT,2
GTTCTCGCATTTCAGG,7
GTTCTCGGTGTCCTCT,7
GTTCTCGTCCCTTGCA,8
GTTCTCGTCCGAGCCA,3
GTTCTCGTCGGTCTAA,1000
GTTTCTAAGACGCACA,1000
GTTTCTAAGAGCCCAA,3
GTTTCTAAGAGTCGGT,2
GTTTCTAAGCTATGCT,8
GTTTCTAAGTTTGCGT,1000
GTTTCTACAGATCTGT,4
GTTTCTACAGGATTGG,3
GTTTCTACAGGGTTAG,7
GTTTCTAGTTTGACTG,7
GTTTCTATCATGTCCC,4
GTTTCTATCCCAAGTA,8
GTTTCTATCGCGTAGC,7
GTTTCTATCGTTGCCT,2
TAAACCGAGGCATGGT,2
TAAACCGAGGCTATCT,2
TAAACCGAGTTAACGA,3
TAAACCGCAAAGGTGC,2
TAAACCGCATCGATGT,3
TAAACCGGTCATCCCT,5
TAAACCGGTGATGATA,2
TAAACCGTCATCATTC,7
TAAACCGTCCAGGGCT,1
TAAACCGTCGCTTAGA,8
TAAACCGTCGGACAAG,5
TAAACCGTCGTTACGA,4
TAAACCGTCTAACTGG,8
TAAGAGAAGATGTCGG,1
TAAGAGAAGCCCGAAA,6
TAAGAGAAGTGGGATC,8
TAAGAGACAGTGAGTG,8
TAAGAGAGTAGCGTAG,8
TAAGAGAGTCAACATC,1000
TAAGAGATCAACGCTA,8
TAAGAGATCCTGTACC,7
TAAGAGATCGCAGGCT,8
TAAGAGATCTTATCTG,6
TAAGCGTCAAGTCTAC,8
TAAGCGTCACTGAAGG,3
TAAGCGTCAGTATGCT,8
TAAGCGTGTAGCGTCC,8
TAAGCGTGTCTCAACA,2
TAAGCGTGTTCGGCAC,8
TAAGCGTTCGTAGGTT,1
TAAGCGTTCTGGAGCC,1
TAAGCGTTCTTCGGTC,3
TAAGTGCAGTTTAGGA,5
TAAGTGCCAAACTGTC,1
TAAGTGCCAAGGTTTC,4
TAAGTGCCAGAGCCAA,7
TAAGTGCGTATAGGGC,3
TAAGTGCTCGTCGTTC,3
TAAGTGCTCTGCTGTC,6
TAAGTGCTCTTGACGA,8
TACACGAAGACTCGGA,2
TACACGAAGGGTCTCC,6
TACACGACACGTTGGC,6
TACACGACAGTCGTGC,1
TACACGACAGTGGAGT,4
TACACGAGTCGCGGTT,5
TACACGAGTCTCTCTG,6
TACACGAGTCTGCCAG,6
TACACGAGTGCGAAAC,3
TACACGAGTGCTTCTC,1
TACACGAGTTAAAGTG,6
TACACGAGTTCCATGA,4
TACAGTGAGGAACTGC,7
TACAGTGAGGCCCTCA,8
TACAGTGAGGGTTTCT,1
TACAGTGAGTATTGGA,0
TACAGTGCATATGGTC,1000
TACAGTGCATCCTTGC,4
TACAGTGCATCTACGA,1000
TACAGTGGTCGATTGT,7
TACAGTGGTCTAGTGT,0
TACAGTGTCAACGGCC,3
TACAGTGTCCTAAGTG,5
TACAGTGTCGCCTGAG,5
TACCTATAGATGCGAC,7
TACCTATAGGCTATCT,1
TACCTATCAACACCTA,0
TACCTATCAGCCAATT,4
TACCTATCATTGGCGC,4
TACCTATGTCAAACTC,4
TACCTATGTCTAAAGA,1000
TACCTATGTTAAAGAC,2
TACCTATTCCGAGCCA,1000
TACCTATTCCGTTGTC,5
TACCTATTCCTGCCAT,4
TACCTTAAGCGTGTCC,5
TACCTTAAGCTGAAAT,8
TACCTTAAGGACCACA,7
TACCTTAAGGTCGGAT,5
TACCTTAAGTTCGATC,7
TACCTTAGTAAGGATT,1
TACCTTAGTATCGCAT,6
TACCTTAGTCCGTGAC,3
TACCTTAGTCGCGAAA,4
TACCTTAGTGATGTCT,5
TACCTTATCACCGGGT,4
TACGGATAGCCAACAG,1
TACGGATAGGCTCTTA,6
TACGGATCAAGACGTG,7
TACGGATCAGGTCCAC,2
TACGGATCATTCCTCG,6
TACGGATGTATCTGCA,8
TACGGATGTTGTCTTT,1000
TACGGATTCATCGATG,5
TACGGGCAGTACCGGA,3
TACGGGCCATCACGAT,8
TACGGGCGTATTACCG,2
TACGGGCGTCTCTTAT,6
TACGGGCTCACTTCAT,1000
TACGGGCTCAGCCTAA,7
TACGGTAAGGTAAACT,1
TACGGTAAGTCGAGTG,2
TACGGTACACCATGTA,1000
TACGGTACACCGATAT,7
TACGGTAGTACCGCTG,2
TACTCATAGAGTGAGA,4
TACTCATAGCCACGCT,3
TACTCATAGCCGCCTA,1000
TACTCATCAAATCCGT,1
TACTCATCAAGCCATT,8
TACTCATCATCCGTGG,1
TACTCATGTCAGATAA,8
TACTCATGTGACAAAT,4
TACTCATTCAGCTGGC,5
TACTCATTCTTACCTA,8
TACTCGCAGACCCACC,0
TACTCGCAGGGTTTCT,2
TACTCGCCACCGATAT,5
TACTCGCCATACTACG,1
TACTCGCCATGAACCT,4
TACTCGCGTACAAGTA,1000
TACTCGCGTAGGCATG,5
TACTCGCGTCGTTGTA,6
TACTCGCGTCTCAACA,4
TACTCGCTCAGCTCGG,4
TACTCGCTCCGTCATC,6
TACTCGCTCTGGAGCC,3
TACTCGCTCTGGCGAC,6
TACTTACAGACTCGGA,5
TACTTACAGATCGGGT,8
TACTTACCAAGCGATG,7
TACTTACCAAGCGTAG,7
TACTTACGTCTCATCC,1
TACTTACGTGGCTCCA,1
TACTTACGTTATCACG,7
TACTTACGTTCAGGCC,4
TACTTACTCAGAAATG,8
TACTTACTCCAAATGC,1
TACTTACTCCAACCAA,6
TACTTACTCCTCAATT,4
TACTTGTAGAAGGCCT,8
TACTTGTAGGTAAACT,2
TACTTGTAGGTGATAT,3
TACTTGTAGTCGTTTG,5
TACTTGTGTCACTTCC,7
TACTTGTGTGGGTCAA,1000
TACTTGTTCTCACATT,7
TAGACCAAGACCTTTG,2
TAGACCAAGCGTGAAC,4
TAGACCAAGCTATGCT,3
TAGACCAAGTACATGA,4
TAGACCACACCAGCAC,7
TAGACCACACCAGGTC,4
TAGACCACACTACAGT,1000
TAGACCACATCCTAGA,4
TAGACCAGTAAAGTCA,2
TAGACCAGTCACTTCC,8
TAGACCAGTTCCTCCA,1000
TAGACCATCAAACCAC,5
TAGACCATCACTATTC,3
TAGACCATCACTTCAT,1
TAGAGCTAGCAATCTC,4
TAGAGCTAGCGTGAAC,5
TAGAGCTAGTAACCCT,2
TAGAGCTAGTGAATTG,1
TAGAGCTAGTTAGGTA,1000
TAGAGCTCAAACAACA,7
TAGAGCTCACGGCGTT,8
TAGAGCTCAGGAATCG,3
TAGAGCTCAGGTCCAC,6
TAGAGCTCATTTGCCC,7
TAGAGCTGTCGCGTGT,8
TAGAGCTGTGTGAAAT,4
TAGCCGGAGAGACTAT,6
TAGCCGGAGCACCGCT,4
TAGCCGGCAAAGTGCG,7
TAGCCGGCAGCTGTGC,5
TAGCCGGGTGCCTTGG,7
TAGCCGGGTTCCTCCA,4
TAGCCGGTCGCATGAT,7
TAGGCATAGACTAGGC,8
TAGGCATAGAGGTACC,2
TAGGCATAGCTTCGCG,3
TAGGCATAGGCAAAGA,3
TAGGCATAGTAACCCT,2
TAGGCATAGTGAATTG,1000
TAGGCATCAAGCGCTC,5
TAGGCATCAGACAAAT,1000
TAGGCATCAGCTGCAC,1
TAGGCATCATAGGATA,1
TAGGCATGTAAGGGAA,3
TAGGCATGTAAGTGTA,6
TAGGCATTCATTTGGG,2
TAGGCATTCGCATGAT,1000
TAGTGGTAGAGGTTAT,5
TAGTGGTAGGGCACTA,3
TAGTGGTAGTCCCACG,7
TAGTGGTCAAGCGTAG,6
TAGTGGTCACACCGAC,5
TAGTGGTCACAGACAG,1
TAGTGGTCACTTCGAA,8
TAGTGGTCAGCCTTGG,1000
TAGTGGTCAGTCGATT,3
TAGTGGTCATTGGTAC,1000
TAGTGGTGTCTAACGT,7
TAGTGGTGTGACGCCT,6
TAGTGGTGTTACTGAC,1000
TAGTGGTTCACTTACT,2
TAGTGGTTCATCTGCC,1000
TAGTGGTTCGGTTAAC,4
TAGTGGTTCTACCAGA,2
TAGTTGGCAATGTAAG,1000
TAGTTGGGTGCCTGCA,6
TAGTTGGGTGTAAGTA,3
TAGTTGGGTTGTACAC,3
TAGTTGGTCAAACAAG,8
TATCAGGAGCCATCGC,1
TATCAGGAGCTAGGCA,4
TATCAGGAGGAGTAGA,3
TATCAGGAGGCGACAT,1000
TATCAGGAGTAGATGT,7
TATCAGGCAATGGTCT,5
TATCAGGCACAGGCCT,4
TATCAGGCAGCTGTTA,1
TATCAGGCATATACCG,5
TATCAGGCATGTCGAT,7
TATCAGGGTAGCGATG,1
TATCAGGGTATCTGCA,7
TATCAGGGTCCTCCAT,4
TATCAGGGTGTGGCTC,4
TATCAGGTCAGCCTAA,3
TATCAGGTCCTTTACA,5
TATCAGGTCGCCATAA,1
TATCAGGTCTTTAGGG,6
TATCTCACAGCGTCCA,3
TATCTCACAGTCAGCC,2
TATCTCACAGTGGAGT,7
TATCTCAGTAGATTAG,4
TATCTCAGTATATGGA,1
TATCTCAGTCCGTTAA,3
TATCTCATCATCGATG,6
TATCTCATCTAGAGTC,1
TATCTCATCTATCCCG,1
TATGCCCAGCTGCGAA,2
TATGCCCAGGGCTTCC,3
TATGCCCAGTACCGGA,7
TATGCCCAGTTCGATC,1
TATGCCCCAAGACACG,6
TATGCCCCATTACGAC,1
TATGCCCGTCAACTGT,2
TATGCCCGTCCGAACC,8
TATGCCCTCACCTCGT,8
TATGCCCTCATGCAAC,7
TATGCCCTCTTAACCT,2
TATTACCAGGGATACC,7
TATTACCCAGCGTCCA,7
TATTACCCAGGTGGAT,7
TATTACCGTCAACTGT,4
TATTACCGTTACGTCA,7
TATTACCGTTCATGGT,2
TATTACCTCACCAGGC,6
TATTACCTCCGGCACA,6
TCAACGAAGAACTCGG,3
TCAACGAAGGTCATCT,1000
TCAACGAAGTGTGAAT,7
TCAACGAAGTTCCACA,2
TCAACGACAACGCACC,1
TCAACGACAATAGCGG,3
TCAACGACAGTAAGCG,8
TCAACGAGTCAGAATA,7
TCAACGAGTCTCATCC,5
TCAACGAGTGGTGTAG,8
TCAACGAGTTTCGCTC,5
TCAACGATCACCGGGT,1
TCAACGATCGCAAGCC,5
TCAACGATCTACTTAC,5
TCAATCTCACTAGTAC,7
TCAATCTGTTATCCGA,4
TCAATCTGTTCAGTAC,1000
TCAATCTGTTTGCATG,4
TCAATCTTCCCACTTG,3
TCAATCTTCGAGAACG,5
TCAATCTTCTCGAGTA,7
TCAATCTTCTCTTGAT,4
TCACAAGAGAAGGGTA,4
TCACAAGAGACTTTCG,8
TCACAAGAGATGGGTC,1
TCACAAGAGGTCGGAT,8
TCACAAGCAATCTACG,7
TCACAAGCACGGCCAT,1
TCACAAGCACGGCGTT,1
TCACAAGCATGGAATA,1
TCACAAGCATGTCTCC,1000
TCACAAGGTACAGTGG,3
TCACAAGGTCTTCGTC,1
TCACAAGTCATTGCGA,1000
TCACAAGTCCGCATCT,1
TCACGAAAGAGATGAG,1
TCACGAAAGCCACTAT,4
TCACGAACAAAGGAAG,1
TCACGAACATTCCTGC,5
TCACGAATCACCTTAT,5
TCACGAATCCAAACTG,7
TCAGATGAGTCAAGGC,3
TCAGATGCAAATCCGT,8
TCAGATGCAAGCCGTC,8
TCAGATGCAATGCCAT,2
TCAGATGCACTAAGTC,5
TCAGATGCAGACTCGC,7
TCAGATGCAGATCTGT,0
TCAGATGGTTCATGGT,1000
TCAGATGTCGGTCTAA,1000
TCAGATGTCGTAGATC,1
TCAGATGTCTGGGCCA,2
TCAGATGTCTGTCTAT,5
TCAGATGTCTGTCTCG,7
TCAGCAAAGAACAACT,1
TCAGCAAAGCCTATGT,6
TCAGCAAAGGAACTGC,8
TCAGCAAAGGTGGGTT,1
TCAGCAAAGTTCGCGC,4
TCAGCAACATCGGAAG,3
TCAGCAAGTTACGACT,5
TCAGCAATCGGACAAG,4
TCAGCAATCTCAAGTG,7
TCAGCAATCTGAAAGA,4
TCAGCAATCTGTCAAG,1
TCAGCTCAGACCTAGG,8
TCAGCTCAGACGCAAC,4
TCAGCTCAGCGACGTA,3
TCAGCTCAGTACCGGA,8
TCAGCTCCACATCTTT,4
TCAGCTCGTAAGTTCC,4
TCAGCTCGTAGCTTGT,5
TCAGCTCGTCTGCGGT,7
TCAGCTCTCTGCTGCT,1000
TCAGCTCTCTTCCTTC,4
TCAGGATAGCACACAG,8
TCAGGATAGTCCAGGA,6
TCAGGATAGTGCAAGC,8
TCAGGATCAGTTCCCT,6
TCAGGATGTATTCGTG,1000
TCAGGATGTGTTAAGA,3
TCAGGATGTTAGAACA,8
TCAGGATGTTGGGACA,1
TCAGGATGTTTCCACC,2
TCAGGATTCACAGGCC,8
TCAGGATTCTTGAGAC,3
TCAGGTAAGACTGGGT,3
TCAGGTAAGATATACG,6
TCAGGTAAGCCACGTC,8
TCAGGTAAGCCCGAAA,6
TCAGGTATCTTGCATT,3
TCATTACAGCTACCTA,5
TCATTACAGGATCGCA,4
TCATTACCATAGACTC,1
TCATTACGTTCGGCAC,2
TCATTACTCATGTCCC,1
TCATTACTCGCCTGAG,1
TCATTACTCTACTATC,0
TCATTACTCTTAACCT,2
TCATTACTCTTAGCCC,5
TCATTTGAGTGTGAAT,8
TCATTTGCAAAGCGGT,4
TCATTTGCAAATTGCC,8
TCATTTGCACAACTGT,8
TCATTTGCAGGAATGC,7
TCATTTGCAGTCCTTC,5
TCATTTGGTCTGCAAT,1000
TCCACACAGATAGGAG,1000
TCCACACAGCGATAGC,8
TCCACACCAACGATCT,2
TCCACACCAATTGCTG,3
TCCACACCACACAGAG,1000
TCCACACCAGGCGATA,1000
TCCACACCATGTAGTC,8
TCCACACGTAAAGGAG,1000
TCCACACGTGAAATCA,1
TCCACACGTTATCACG,2
TCCACACGTTTGCATG,4
TCCACACTCACCATAG,6
TCCCGATAGGAGTTGC,6
TCCCGATAGGAGTTTA,1
TCCCGATAGTCGCCGT,4
TCCCGATAGTCGTACT,8
TCCCGATCACGGACAA,4
TCCCGATCAGGCTCAC,4
TCCCGATGTCCAAGTT,1
TCCCGATGTCCTCTTG,5
TCCCGATGTTGTTTGG,3
TCCCGATTCCACGACG,6
TCCCGATTCGTTTGCC,8
TCGAGGCAGCACCGCT,1
TCGAGGCAGGCGTACA,6
TCGAGGCAGGTGCAAC,1
TCGAGGCAGTGTTTGC,5
TCGAGGCCAAGCGAGT,1
TCGAGGCCAATCTACG,3
TCGAGGCCAGGGTTAG,3
TCGAGGCGTCGAGATG,3
TCGAGGCGTCGCGTGT,4
TCGAGGCTCACTTCAT,1000
TCGAGGCTCCGTCATC,5
TCGAGGCTCGAGCCCA,7
TCGAGGCTCTTCATGT,7
TCGCGAGAGCACCGCT,3
TCGCGAGAGCAGCCTC,8
TCGCGAGAGCGTTGCC,6
TCGCGAGCAGTATCTG,1
TCGCGAGGTCGAATCT,1
TCGCGAGTCTGTACGA,3
TCGCGTTAGCCGTCGT,7
TCGCGTTAGCTGTTCA,1000
TCGCGTTAGGAGTTGC,7
TCGCGTTCAAAGGAAG,4
TCGCGTTCAATGACCT,2
TCGCGTTCACAGCCCA,1000
TCGCGTTCATAGTAAG,3
TCGCGTTGTAGCAAAT,5
TCGCGTTGTAGCTTGT,2
TCGCGTTGTGTGTGCC,8
TCGCGTTTCCCTTGTG,4
TCGGGACAGGAGTACC,4
TCGGGACAGTCAAGCG,7
TCGGGACCACACATGT,2
TCGGGACCAGCCAATT,1000
TCGGGACGTAAGTGTA,4
TCGGGACGTCCAAGTT,8
TCGGGACGTCCGAACC,7
TCGGGACGTCGAAAGC,7
TCGGGACTCATCATTC,1000
TCGGGACTCCATGAGT,2
TCGGGACTCTAACTTC,0
TCGGGACTCTCGTTTA,6
TCGGGACTCTGTTTGT,3
TCGGTAAAGATCCCAT,5
TCGGTAAAGTCTCGGC,4
TCGGTAACACGTAAGG,6
TCGGTAACATACTCTT,4
TCGGTAACATGAGCGA,6
TCGGTAACATGGTCTA,1
TCGGTAACATTTCACT,1
TCGGTAAGTCGCTTCT,3
TCGGTAAGTGTAACGG,1
TCGGTAATCACGACTA,3
TCGGTAATCCCGGATG,2
TCGGTAATCCGAGCCA,1
TCGGTAATCGGCGCTA,1
TCGGTAATCGTCTGAA,3
TCGGTAATCTAGAGTC,2
TCGTACCAGATAGGAG,8
TCGTACCAGTAATCCC,3
TCGTACCCATTACCTT,3
TCGTACCGTAGAGGAA,4
TCGTACCGTATAGTAG,7
TCGTACCGTGTGAATA,1
TCGTACCGTTCTGTTT,7
TCGTACCTCAATACCG,4
TCGTACCTCAATCACG,5
TCGTACCTCAGCATGT,3
TCGTACCTCGCCTGAG,8
TCGTACCTCGGTGTTA,8
TCGTACCTCGTTACGA,1000
TCGTAGAAGCTACCTA,7
TCGTAGAAGGCTAGGT,3
TCGTAGAAGTCAATAG,1
TCGTAGAAGTGAACGC,2
TCGTAGAAGTGACATA,5
TCGTAGACAAGGACTG,4
TCGTAGACACAAGACG,8
TCGTAGACAGACGCAA,8
TCGTAGACAGTTTACG,7
TCGTAGACATGGAATA,8
TCGTAGAGTACCATCA,4
TCGTAGATCAGGCGAA,7
TCGTAGATCCATGAAC,4
TCGTAGATCCCAGGTG,1
TCGTAGATCTAACTGG,3
TCGTAGATCTATGTGG,1
TCGTAGATCTTGTCAT,3
TCTATTGAGAAGGTGA,3
TCTATTGAGAGTACCG,5
TCTATTGAGCAAATCA,7
TCTATTGAGGCGACAT,8
TCTATTGAGTCAAGCG,2
TCTATTGCAACGATGG,5
TCTATTGCACCAGATT,1000
TCTATTGCACTATCTT,4
TCTATTGGTACACCGC,4
TCTATTGGTCCTCTTG,5
TCTATTGGTCGAGATG,1
TCTATTGTCAAACAAG,3
TCTATTGTCAGAGGTG,5
TCTATTGTCGAACTGT,1000
TCTATTGTCTGGCGAC,2
TCTCATAAGAACTGTA,5
TCTCATAAGAAGGTTT,8
TCTCATAAGACCTAGG,3
TCTCATAAGCTGCGAA,8
TCTCATAAGTGCGATG,1
TCTCATAGTGCCTGTG,7
TCTCATAGTTCAGGCC,5
TCTCATATCCGGCACA,2
TCTCTAAAGATACACA,6
TCTCTAAGTTGCTCCT,3
TCTGAGAAGCTAACTC,7
TCTGAGAAGGATGGTC,7
TCTGAGAAGGGCTTCC,1
TCTGAGAAGTGTTTGC,1
TCTGAGACAGTAAGAT,1000
TCTGAGACAGTATCTG,5
TCTGAGAGTGCAACGA,4
TCTGAGATCCTCCTAG,3
TCTGAGATCGGTTAAC,3
TCTGAGATCTACTCAT,3
TCTGAGATCTTCGGTC,5
TCTGGAAAGACTACAA,8
TCTGGAAAGAGACTAT,1
TCTGGAAAGTGAAGAG,8
TCTGGAAAGTGAAGTT,7
TCTGGAACACAACGCC,4
TCTGGAACAGTACACT,7
TCTGGAAGTAGCGTCC,5
TCTGGAAGTCCCTTGT,3
TCTGGAAGTGACGCCT,1
TCTGGAAGTGGTTTCA,5
TCTGGAATCCTGCAGG,1
TCTTCGGAGACGCAAC,2
TCTTCGGAGAGACGAA,4
TCTTCGGAGATCACGG,1
TCTTCGGAGCCAGTTT,2
TCTTCGGAGCGATAGC,6
TCTTCGGAGTCCAGGA,5
TCTTCGGAGTCCATAC,2
TCTTCGGCAACAACCT,6
TCTTCGGCAATCACAC,1000
TCTTCGGCAGGTCGTC,1000
TCTTCGGCATGCCCGA,4
TCTTCGGGTCAAAGCG,8
TCTTCGGGTCGAAAGC,6
TCTTCGGGTCTAGTGT,2
TCTTCGGGTGCCTTGG,1000
TCTTCGGGTTCGAATC,7
TCTTCGGTCCAATGGT,6
TCTTCGGTCCCTCAGT,1
TCTTTCCCACTGTTAG,5
TCTTTCCCAGATCGGA,8
TCTTTCCGTGATAAAC,1
TCTTTCCTCAAACCGT,6
TCTTTCCTCACCTTAT,7
TCTTTCCTCAGAGACG,8
TCTTTCCTCCGTCATC,2
TCTTTCCTCTCGTTTA,3
TCTTTCCTCTCTTGAT,8
TCTTTCCTCTTCGGTC,8
TCTTTCCTCTTTAGGG,4
TGAAAGAAGCATGGCA,8
TGAAAGAAGCTCAACT,1000
TGAAAGAAGTAGCGGT,3
TGAAAGAAGTGGTAGC,1
TGAAAGACATGTTGAC,2
TGAAAGAGTGCAACTT,1
TGAAAGAGTTCGTGAT,8
TGAAAGATCATAAAGG,1
TGAAAGATCCCAAGAT,5
TGAAAGATCGGTCTAA,1
TGACAACAGAGGTAGA,6
TGACAACAGCTAGTCT,4
TGACAACAGGGTGTTG,4
TGACAACAGTGCGATG,3
TGACAACAGTTACCCA,8
TGACAACCACTCAGGC,3
TGACAACCATCGATGT,7
TGACAACGTGCGGTAA,7
TGACAACGTTCGTGAT,6
TGACGGCAGTGCAAGC,8
TGACGGCAGTGTACTC,8
TGACGGCGTCACACGC,8
TGACGGCGTCAGCTAT,8
TGACGGCGTCCGTTAA,4
TGACGGCGTGGCTCCA,5
TGACGGCGTTATTCTC,7
TGACGGCGTTTGACAC,6
TGACGGCTCGCCGTGA,5
TGACGGCTCTCCAGGG,2
TGACGGCTCTCGTTTA,3
TGACGGCTCTTGACGA,3
TGACGGCTCTTTAGTC,3
TGACTAGAGCACGCCT,4
TGACTAGCAAGCGATG,3
TGACTAGCAAGTCTGT,3
TGACTAGCACCTTGTC,1
TGACTAGGTGCGATAG,8
TGACTAGTCCCTTGCA,2
TGACTAGTCGTAGGAG,7
TGACTAGTCTGACCTC,8
TGACTAGTCTTGTACT,7
TGACTTTAGGTGTGGT,4
TGACTTTAGTTGTCGT,8
TGACTTTCAAACCTAC,1000
TGACTTTCATACTACG,8
TGACTTTCATAGACTC,3
TGACTTTCATTATCTC,7
TGACTTTGTCGACTAT,2
TGACTTTGTCTCTCTG,1
TGACTTTGTGAGGCTA,8
TGACTTTGTGCGGTAA,2
TGACTTTTCACCACCT,2
TGACTTTTCATCTGCC,4
TGACTTTTCATTCACT,1
TGAGAGGAGATATGCA,4
TGAGAGGAGCCGATTT,1000
TGAGAGGAGGTCGGAT,1
TGAGAGGAGTAGCGGT,5
TGAGAGGAGTCTTGCA,4
TGAGAGGCACGTTGGC,7
TGAGAGGCAGGTCCAC,2
TGAGAGGGTAGGCATG,5
TGAGAGGGTCTCCACT,2
TGAGAGGGTTCGTGAT,4
TGAGAGGTCAGGTTCA,1000
TGAGAGGTCCACGTTC,5
TGAGAGGTCTGTTGAG,8
TGAGCATAGAAGATTC,6
TGAGCATCAATTCCTT,2
TGAGCATCAGCATGAG,8
TGAGCATCATCCTTGC,3
TGAGCATGTGAACCTT,5
TGAGCATGTGCAACTT,1
TGAGCATTCACGAAGG,4
TGAGCCGCAATACGCT,8
TGAGCCGCAGTGGGAT,1
TGAGCCGCATAGTAAG,7
TGAGCCGGTACCAGTT,1
TGAGCCGGTCCGTCAG,1
TGAGCCGGTCTTTCAT,3
TGAGCCGGTTCCCGAG,8
TGAGCCGTCAATAAGG,5
TGAGCCGTCGCGCCAA,2
TGAGGGAAGAGATGAG,1
TGAGGGAAGTACGATA,7
TGAGGGAAGTGTACCT,1000
TGAGGGACAAGTAGTA,8
TGAGGGACAGCCACCA,3
TGAGGGACATCAGTCA,3
TGAGGGAGTACCGTTA,3
TGAGGGAGTGCATCTA,1
TGAGGGAGTTCGGGCT,3
TGAGGGAGTTTGGCGC,1
TGAGGGATCACTGGGC,3
TGAGGGATCGCAGGCT,3
TGATTTCAGAGACTTA,2
TGATTTCAGCCAGTAG,8
TGATTTCAGCCCAGCT,5
TGATTTCAGCGTAGTG,4
TGATTTCAGGGCACTA,1000
TGATTTCAGTGTACTC,6
TGATTTCCAAACCTAC,6
TGATTTCCAGCTTCGG,2
TGATTTCCATCGGTTA,1000
TGATTTCGTAACGACG,4
TGATTTCGTCCGTTAA,5
TGATTTCGTGACAAAT,3
TGATTTCGTGATAAGT,3
TGATTTCGTGGCCCTA,1
TGATTTCTCAACGGGA,3
TGATTTCTCATGTCCC,8
TGATTTCTCGTGTAGT,2
TGCACCTAGAAAGTGG,5
TGCACCTAGATCCGAG,5
TGCACCTCACAGGTTT,3
TGCACCTCACCTGGTG,1000
TGCACCTGTCAACTGT,6
TGCACCTGTGCAACGA,6
TGCACCTGTTCCCTTG,2
TGCACCTGTTCGTGAT,0
TGCACCTGTTGATTCG,8
TGCACCTTCAGGATCT,1
TGCACCTTCTTACCTA,1
TGCCAAAGTAGCTAAA,2
TGCCAAATCTCTTGAT,1
TGCCAAATCTTAGAGC,1
TGCCCATAGGCGTACA,0
TGCCCATCACATCCGG,1
TGCCCATCACATCTTT,4
TGCCCATCACCAGGCT,4
TGCCCATCAGCCTTGG,6
TGCCCATGTAATAGCA,5
TGCCCATGTCAGAATA,1
TGCCCATGTTGCCTCT,6
TGCCCATTCCACTGGG,1000
TGCCCATTCGCAGGCT,5
TGCCCATTCTCTTGAT,1
TGCCCATTCTTTAGGG,3
TGCCCTAAGTTAACGA,4
TGCCCTACAGCGTCCA,1
TGCCCTACATCGATGT,3
TGCCCTACATCTCGCT,1
TGCCCTACATGGGACA,7
TGCCCTATCACAACGT,7
TGCCCTATCAGGTAAA,4
TGCGCAGAGCAGCCTC,4
TGCGCAGAGGCAAAGA,7
TGCGCAGAGTGGAGAA,1000
TGCGCAGCACATTCGA,8
TGCGCAGCAGCCTTTC,1000
TGCGGGTAGAGGGATA,6
TGCGGGTAGATCCCGC,7
TGCGGGTCAAGGCTCC,6
TGCGGGTCAGCTGCAC,7
TGCGGGTGTACGACCC,6
TGCGGGTGTTTAGCTG,4
TGCGGGTTCTGACCTC,5
TGCGTGGAGACTGTAA,1
TGCGTGGAGGATTCGG,3
TGCGTGGAGGCGATAC,2
TGCGTGGAGGCTAGGT,8
TGCGTGGCACAGCGTC,8
TGCGTGGCACCATGTA,2
TGCGTGGCATTGGCGC,4
TGCGTGGGTCCTCCAT,2
TGCGTGGGTCTGGTCG,0
TGCGTGGGTGTGGCTC,8
TGCGTGGTCAGGCCCA,8
TGCTACCAGCTATGCT,5
TGCTACCCAAGCCATT,2
TGCTACCCACAAGTAA,0
TGCTACCCACAGACTT,4
TGCTACCCATCCGCGA,3
TGCTACCGTACAGCAG,4
TGCTACCGTAGAAGGA,5
TGCTACCGTGGCAAAC,5
TGCTACCGTGGTCCGT,1000
TGCTACCGTTGGAGGT,1
TGCTACCTCCGCGCAA,4
TGCTACCTCCTAGAAC,2
TGCTGCTAGCAGATCG,8
TGCTGCTAGCTGCCCA,8
TGCTGCTAGGATCGCA,8
TGCTGCTAGGGCACTA,7
TGCTGCTAGTATTGGA,3
TGCTGCTAGTGTCCCG,3
TGCTGCTCACGTCAGC,1
TGCTGCTGTATGCTTG,5
TGCTGCTGTCCGCTGA,4
TGCTGCTGTCTGCAAT,4
TGGACGCAGAAGGTTT,8
TGGACGCAGCTAAGAT,3
TGGACGCAGCTCTCGG,1
TGGACGCAGTTGCAGG,1000
TGGACGCCAGACGCCT,0
TGGACGCGTATGAATG,1000
TGGACGCGTTGGTAAA,1
TGGACGCTCCAAACTG,6
TGGACGCTCCAGTATG,6
TGGCCAGAGACCGGAT,1
TGGCCAGAGCAGGCTA,6
TGGCCAGAGGCCCTTG,1000
TGGCCAGAGTGAACAT,1
TGGCCAGCAAGACACG,4
TGGCCAGCATCGTCGG,6
TGGCCAGGTCGAGTTT,7
TGGCCAGGTGTGGTTT,0
TGGCCAGTCACAACGT,1
TGGCGCAAGCGCTTAT,8
TGGCGCAAGTACGTTC,7
TGGCGCACAACAACCT,1
TGGCGCACAAGGGTCA,1
TGGCGCACACCAGCAC,7
TGGCGCACACTAGTAC,8
TGGCGCACATGGTAGG,7
TGGCGCAGTGAAATCA,7
TGGCGCATCACCCTCA,4
TGGCGCATCAGCGATT,8
TGGCGCATCAGCTCGG,7
TGGCTGGAGTCCGTAT,8
TGGCTGGCAATGACCT,2
TGGCTGGGTATCGCAT,7
TGGCTGGGTCTGCAAT,6
TGGCTGGTCCCGACTT,3
TGGCTGGTCTCGTTTA,4
TGGGAAGAGGAACTGC,6
TGGGAAGAGGAATTAC,1000
TGGGAAGAGTACGTTC,3
TGGGAAGAGTAGGTGC,6
TGGGAAGAGTCCGTAT,8
TGGGAAGCACAGCCCA,8
TGGGAAGCAGAAGCAC,7
TGGGAAGCAGCCAGAA,4
TGGGAAGCATATACCG,1000
TGGGAAGCATGCTAGT,1
TGGGAAGGTAATCGTC,6
TGGGAAGGTAGAGTGC,1
TGGGAAGTCCTGCCAT,8
TGGGAAGTCTGATTCT,1
TGGGAAGTCTGCTGTC,8
TGGGAAGTCTTCTGGC,5
TGGGCGTAGCTCTCGG,7
TGGGCGTAGGCTCTTA,7
TGGGCGTAGTTGCAGG,8
TGGGCGTCACGGTGTC,2
TGGGCGTCACTACAGT,8
TGGGCGTCAGTTCCCT,8
TGGGCGTCATTTCACT,0
TGGGCGTGTAGCGTAG,7
TGGGCGTGTATATGGA,3
TGGGCGTGTTGGTTTG,8
TGGTTAGAGGACAGCT,7
TGGTTAGAGGGCTTGA,2
TGGTTAGCATTTCACT,3
TGGTTAGGTGTGGCTC,4
TGGTTAGTCCACTCCA,6
TGGTTAGTCCTATTCA,2
TGGTTAGTCGGTCCGA,7
TGGTTAGTCTACTCAT,2
TGGTTAGTCTCCTATA,3
TGGTTCCAGAGAACAG,3
TGGTTCCAGGATCGCA,4
TGGTTCCAGGTGACCA,4
TGGTTCCGTGCCTTGG,1
TGGTTCCGTGCTAGCC,7
TGGTTCCTCAGGTAAA,1000
TGGTTCCTCGATCCCT,6
TGTATTCAGGGCTTCC,6
TGTATTCAGTGAACGC,6
TGTATTCAGTGAAGAG,1
TGTATTCCACGAAGCA,5
TGTATTCCATACCATG,5
TGTATTCGTCCATGAT,2
TGTATTCTCACTTATC,7
TGTATTCTCCACGCAG,3
TGTATTCTCGGTTAAC,7
TGTATTCTCTCTGAGA,2
TGTCCCAAGACGCACA,8
TGTCCCAAGAGTAAGG,8
TGTCCCAAGGGTCTCC,5
TGTCCCACAGTCCTTC,3
TGTCCCAGTCCGTCAG,6
TGTCCCAGTGTGCCTG,2
TGTCCCAGTTACGACT,6
TGTCCCATCACAGGCC,4
TGTCCCATCCCAGGTG,4
TGTCCCATCTCCGGTT,6
TGTGGTAAGACATAAC,2
TGTGGTAAGAGCTGGT,2
TGTGGTAAGCCACGTC,8
TGTGGTAAGGCGACAT,1
TGTGGTAAGGTGTTAA,8
TGTGGTAAGTGACTCT,7
TGTGGTACAAGTCTGT,3
TGTGGTAGTACCGAGA,3
TGTGGTAGTGTTCTTT,2
TGTGGTATCACATGCA,8
TGTGGTATCCAAACAC,4
TGTGGTATCCGTAGTA,7
TGTGGTATCGGACAAG,3
TGTGGTATCGTACCGG,5
TGTGGTATCTGTCTCG,7
TGTGTTTAGGTGTGGT,1000
TGTGTTTCAAACTGTC,8
TGTGTTTCAATCGAAA,2
TGTGTTTCAGATCCAT,4
TGTGTTTGTAAGGATT,3
TGTGTTTGTAGCGTAG,4
TGTGTTTGTCCAGTGC,7
TGTGTTTTCTTTCCTC,7
TGTTCCGAGAAGGTTT,3
TGTTCCGAGAGTAATC,3
TGTTCCGAGAGTGAGA,1
TGTTCCGAGCGTGAGT,1
TGTTCCGAGGGTGTTG,8
TGTTCCGCACTAGTAC,3
TGTTCCGCACTGTCGG,1
TGTTCCGCAGACAAGC,3
TGTTCCGCATCCAACA,6
TGTTCCGGTAAACACA,5
TGTTCCGGTAGCTGCC,2
TGTTCCGGTCGATTGT,8
TGTTCCGTCGGTGTTA,7
TGTTCCGTCGTTGACA,1
TGTTCCGTCTAAGCCA,5
TTAACTCAGCTTATCG,1
TTAACTCCAAAGGTGC,6
TTAACTCCAACGCACC,1000
TTAACTCCAAGGTTTC,2
TTAACTCCATTAGGCT,7
TTAACTCGTGATAAAC,2
TTAACTCGTGGTTTCA,4
TTAACTCTCCAGAAGG,1
TTAACTCTCGGCGCAT,8
TTAACTCTCGGCTACG,8
TTAGGACAGATATGCA,6
TTAGGACAGATCTGCT,1000
TTAGGACCAAACCTAC,8
TTAGGACCAAGTTGTC,0
TTAGGACCACCATCCT,2
TTAGGACCATGCAATC,7
TTAGGACGTAAGTGGC,1
TTAGGACTCAGTCAGT,8
TTAGGCAAGATAGTCA,5
TTAGGCAAGGGAGTAA,4
TTAGGCAAGTTGTAGA,2
TTAGGCACAGACGTAG,8
TTAGGCACAGGCTCAC,5
TTAGGCAGTACCGCTG,1000
TTAGGCAGTTTAGCTG,8
TTAGGCATCATTATCC,7
TTAGGCATCTGCCAGG,8
TTAGTTCAGACGCTTT,1
TTAGTTCAGATGTCGG,1000
TTAGTTCAGCTCCCAG,0
TTAGTTCAGGTGTGGT,1
TTAGTTCAGTGACATA,4
TTAGTTCCACCTGGTG,1000
TTAGTTCCACTGCCAG,1
TTAGTTCGTAATCACC,8
TTAGTTCGTCCGTTAA,1000
TTAGTTCGTTCAGTAC,1
TTAGTTCTCACAGGCC,8
TTAGTTCTCAGAGGTG,3
TTAGTTCTCCAAATGC,1
TTAGTTCTCGCAAGCC,3
TTAGTTCTCGTAGGAG,3
TTAGTTCTCTTGCATT,5
TTATGCTAGAGGTTGC,7
TTATGCTAGGAACTGC,8
TTATGCTAGGCAGTCA,4
TTATGCTAGGCATTGG,2
TTATGCTCAAACAACA,3
TTATGCTCACTCGACG,6
TTATGCTCATCCGCGA,0
TTATGCTTCCGTCAAA,8
TTATGCTTCTTATCTG,7
TTATGCTTCTTCTGGC,6
TTCCCAGAGGTCGGAT,7
TTCCCAGGTAGCTTGT,0
TTCCCAGGTCACCCAG,6
TTCCCAGGTCTGCAAT,8
TTCCCAGTCACCTCGT,4
TTCCCAGTCCCTTGTG,8
TTCCCAGTCGGAAATA,8
TTCCCAGTCGTAGGTT,2
TTCCCAGTCTTGAGGT,6
TTCGAAGAGATAGTCA,4
TTCGAAGCAATCCAAC,8
TTCGAAGGTATTCTCT,7
TTCGAAGGTCCTCTTG,2
TTCGAAGTCACAAACC,7
TTCGGTCAGATGTGTA,1000
TTCGGTCAGCGCCTTG,7
TTCGGTCCAGATGAGC,7
TTCGGTCCAGTGACAG,7
TTCGGTCGTAAGGGAA,6
TTCGGTCGTAGCTTGT,3
TTCTACAAGAACTGTA,7
TTCTACAAGCGCCTCA,0
TTCTACAAGTCTTGCA,5
TTCTACACAAAGTCAA,6
TTCTACACAATAACGA,3
TTCTACACAGATCTGT,0
TTCTACAGTAAATGAC,1
TTCTACAGTAACGTTC,7
TTCTACAGTACATCCA,4
TTCTACAGTCCGTTAA,1
TTCTACAGTCTTTCAT,6
TTCTACAGTGTTCGAT,1
TTCTACAGTTTGGCGC,1000
TTCTACATCTTTACAC,4
TTCTCAAAGAGGGATA,5
TTCTCAAAGCACCGCT,8
TTCTCAAAGCTAGTTC,1
TTCTCAAAGGACAGCT,8
TTCTCAAAGTCCGTAT,8
TTCTCAAAGTTCGCGC,8
TTCTCAACAGCTTAAC,6
TTCTCAACATAGGATA,7
TTCTCAACATCCCACT,1
TTCTCAACATCCTTGC,1
TTCTCAAGTGTATGGG,4
TTCTCAATCGTAGGAG,1000
TTCTCCTAGCTACCGC,1000
TTCTCCTAGCTAGGCA,5
TTCTCCTAGGGCATGT,3
TTCTCCTAGTCCAGGA,4
TTCTCCTAGTCCGGTC,8
TTCTCCTAGTGGCACA,6
TTCTCCTCACGTGAGA,4
TTCTCCTCACTGCCAG,3
TTCTCCTGTGTTGAGG,1000
TTCTCCTGTTCCTCCA,3
TTCTCCTGTTGATTGC,5
TTCTCCTGTTTGGCGC,1
TTCTCCTTCATCACCC,7
TTCTTAGAGAAGGTGA,1
TTCTTAGAGCACACAG,3
TTCTTAGAGCTAGTTC,8
TTCTTAGCAAACGCGA,5
TTCTTAGCAAGGCTCC,2
TTCTTAGCACGGATAG,3
TTCTTAGCATGGTCTA,8
TTCTTAGGTACTCGCG,1000
TTCTTAGTCACCTCGT,4
TTCTTAGTCACTTCAT,5
TTCTTAGTCAGAAATG,1
TTCTTAGTCAGCGATT,5
TTCTTAGTCATGTAGC,1
TTCTTAGTCCTCATTA,7
TTGAACGAGCGTCTAT,2
TTGAACGAGGCAATTA,2
TTGAACGAGTTCCACA,5
TTGAACGCAAAGCAAT,3
TTGAACGCAACTGCTA,4
TTGAACGGTATAGGGC,1
TTGAACGGTCTTCTCG,5
TTGAACGGTGGGTATG,6
TTGAACGTCCCAACGG,4
TTGAACGTCCGTTGTC,3
TTGAACGTCCTGTACC,1
TTGAACGTCGGATGGA,8
TTGAACGTCTGATTCT,6
TTGACTTAGCGTAGTG,7
TTGACTTAGTCTTGCA,2
TTGACTTCAGGGTACA,7
TTGACTTCATGCTGGC,1
TTGACTTGTCGCGTGT,1000
TTGACTTGTGTGAATA,3
TTGACTTTCATGCATG,4
TTGACTTTCGCCGTGA,3
TTGACTTTCTGAGGGA,8
TTGCCGTAGGACCACA,1
TTGCCGTAGGCTCAGA,3
TTGCCGTAGGCTCTTA,6
TTGCCGTAGGGATGGG,1000
TTGCCGTAGTCGTACT,1000
TTGCCGTAGTGTACCT,5
TTGCCGTCACCTATCC,5
TTGCCGTCAGCTGCAC,8
TTGCCGTGTATTACCG,1
TTGCCGTGTCCGTCAG,1
TTGCCGTGTCGAACAG,3
TTGCCGTGTGACTCAT,2
TTGCCGTGTTATGTGC,1
TTGCCGTTCCATTCTA,8
TTGCCGTTCGCCAGCA,5
TTGCCGTTCGTTTAGG,7
TTGCCGTTCTAGCACA,6
TTGCGTCAGTTATCGC,7
TTGCGTCCAACGATGG,3
TTGCGTCCAATGGAAT,3
TTGCGTCCACCTGGTG,8
TTGCGTCCAGCGTTCG,1000
TTGCGTCGTCACAAGG,8
TTGCGTCGTCTAACGT,6
TTGCGTCTCTGTCAAG,0
TTGGAACAGGTAAACT,2
TTGGAACAGTCCAGGA,8
TTGGAACCAAGCGAGT,4
TTGGAACCAATCCAAC,8
TTGGAACCACATGACT,7
TTGGAACCATCCCACT,4
TTGGAACCATGCATGT,5
TTGGAACGTACTCAAC,8
TTGGAACGTGGCAAAC,5
TTGGAACGTTCCATGA,6
TTGGAACGTTTGCATG,1
TTGGAACTCCGAGCCA,6
TTGGCAAAGACAGACC,5
TTGGCAAAGTCGCCGT,3
TTGGCAAAGTGTTGAA,2
TTGGCAAGTTCATGGT,6
TTGGCAATCACAAACC,6
TTGGCAATCATGTCCC,7
TTGTAGGCAAACGTGG,6
TTGTAGGCAGCTCGCA,1
TTGTAGGGTGATGTGG,4
TTGTAGGTCACCCGAG,8
TTGTAGGTCCAAGCCG,2
TTTACTGAGGTCATCT,2
TTTACTGAGTGACATA,1
TTTACTGCAAGCGTAG,7
TTTACTGCAATCAGAA,8
TTTACTGCACAAGACG,5
TTTACTGCACACATGT,5
TTTACTGCATCGGAAG,4
TTTACTGCATGCCTTC,1000
TTTACTGCATGTCTCC,5
TTTACTGGTAGATTAG,4
TTTACTGGTGGGTATG,7
TTTACTGTCGCCTGTT,7
TTTATGCAGAAGGTTT,7
TTTATGCAGCTGTTCA,4
TTTATGCAGTGGAGTC,7
TTTATGCCAATCTGCA,1
TTTATGCCAATGTTGC,8
TTTATGCCAGTGGGAT,7
TTTATGCGTAGCACGA,2
TTTATGCTCAACGAAA,1
TTTCCTCAGAGGTTGC,3
TTTCCTCAGCCGTCGT,2
TTTCCTCAGCTCCTTC,6
TTTCCTCAGGCTAGAC,2
TTTCCTCAGTAGGCCA,1000
TTTCCTCAGTGGTAAT,5
TTTCCTCCAATCAGAA,7
TTTCCTCCATCGGAAG,3
TTTCCTCGTCGCCATG,4
TTTCCTCGTGACGGTA,8
TTTCCTCGTTCTCATT,5
TTTCCTCTCAGTTGAC,8
TTTCCTCTCCCTAACC,7
TTTCCTCTCCGCATCT,2
TTTCCTCTCCGTAGTA,1000
TTTGCGCAGCAGATCG,7
TTTGCGCAGCGATATA,1000
TTTGCGCCAACAACCT,3
TTTGCGCGTAAAGGAG,1
TTTGCGCGTATAAACG,3
TTTGCGCGTCACTGGC,1
TTTGCGCGTCGAACAG,2
TTTGCGCGTTGTGGAG,6
TTTGCGCTCGCAGGCT,1
TTTGCGCTCGTCCAGG,1
TTTGCGCTCTTAACCT,7
TTTGGTTAGTGAACGC,6
TTTGGTTCAACGCACC,1
TTTGGTTGTCTGCGGT,3
TTTGGTTTCGGTGTTA,1
TTTGGTTTCTCCCTGA,4
TTTGGTTTCTTGCCGT,4
TTTGTCAAGCCCGAAA,3
TTTGTCAAGCGTGAGT,2
TTTGTCAAGGACGAAA,5
TTTGTCAAGGCCATAG,0
TTTGTCAAGGTGTTAA,1
TTTGTCACAAAGGTGC,4
TTTGTCACAGTCTTCC,3
TTTGTCACATGACATC,1000
TTTGTCAGTTCGTTGA,1
TTTGTCATCATGCATG,3
TTTGTCATCCCTCAGT,4
TTTGTCATCCTGTACC,6
TTTGTCATCTGTCTAT,7
