cell_barcode,label,probability,classification
AAACCTGAGCCACTAT-1-0,13,0.6795338524206093,negative
AAACCTGTCCTTTCGG-1-0,12,0.9902462749786028,doublet
AAACCTGTCTTTACAC-1-0,13,0.5675726917346321,negative
AAACGGGCACCACGTG-1-0,12,0.9709370943061671,doublet
AAACGGGCACCTCGTT-1-0,13,0.7594158905305356,negative
AAACGGGGTCGCATCG-1-0,13,0.577844929881394,negative
AAAGATGCACGCATCG-1-0,13,0.5833006441962454,negative
AAAGATGTCACCCGAG-1-0,13,0.5934697413429256,negative
AAAGATGTCCTCATTA-1-0,13,0.5812833752689682,negative
AAAGCAAAGACGCTTT-1-0,13,0.7402872061516422,negative
AAAGCAAAGATCACGG-1-0,12,0.8003510771196598,doublet
AAAGCAATCGTCCGTT-1-0,12,0.8114722252821093,doublet
AAAGTAGCACGTAAGG-1-0,13,0.667766401824194,negative
AAAGTAGGTCGAGTTT-1-0,13,0.5329991163954064,negative
AAATGCCAGACCCACC-1-0,12,0.8184252693836502,doublet
AAATGCCAGACGCACA-1-0,12,0.9807124457280144,doublet
AAATGCCAGCAGATCG-1-0,13,0.5920343961806749,negative
AAATGCCAGCCTATGT-1-0,13,0.7530742589401148,negative
AAATGCCCACAAGACG-1-0,13,0.5920878508750151,negative
AAATGCCCAGCTGCTG-1-0,13,0.5875664230928329,negative
AAATGCCTCGTGACAT-1-0,12,0.8183945800886737,doublet
AACACGTAGTAACCCT-1-0,13,0.7445456526565142,negative
AACACGTCAATGGAGC-1-0,13,0.3439541837080221,negative
AACACGTTCCAAACTG-1-0,13,0.5885486957485907,negative
AACCATGCAATGGACG-1-0,13,0.6779423190790098,negative
AACCATGTCCGAATGT-1-0,13,0.5801900699377819,negative
AACCATGTCGTTTAGG-1-0,13,0.7594128151386597,negative
AACCATGTCTTGAGAC-1-0,13,0.6431439443883021,negative
AACCGCGGTCTAGGTT-1-0,13,0.7456193778686084,negative
AACCGCGTCGTAGATC-1-0,12,0.9350667657835656,doublet
AACGTTGCATATGGTC-1-0,13,0.7477855203709498,negative
AACGTTGGTATCACCA-1-0,12,0.9795363964654444,doublet
AACGTTGTCGTTACGA-1-0,13,0.5942712403579127,negative
AACTCAGCAATGAAAC-1-0,13,0.682641678592785,negative
AACTCAGCAGACACTT-1-0,13,0.588076699156178,negative
AACTCCCTCGAGCCCA-1-0,13,0.7774851052749184,negative
AACTCCCTCGGATGTT-1-0,12,0.9565221067014004,doublet
AACTCCCTCGTACGGC-1-0,13,0.7318568218648724,negative
AACTCTTAGTAGTGCG-1-0,13,0.7534290036782485,negative
AACTCTTAGTTAACGA-1-0,12,0.911434603048308,doublet
AACTCTTCACATGTGT-1-0,13,0.7177512896930043,negative
AACTCTTCAGACGTAG-1-0,13,0.5908203914635606,negative
AACTCTTCATACGCTA-1-0,13,0.7375184557437515,negative
AACTCTTTCATTATCC-1-0,13,0.742785485529232,negative
AACTGGTTCGGCGCTA-1-0,13,0.384027184650777,negative
AACTTTCCAGCGTAAG-1-0,13,0.695927673296234,negative
AAGACCTAGAAGGTTT-1-0,13,0.4674484664193938,negative
AAGACCTAGGGTCGAT-1-0,13,0.585838816724435,negative
AAGCCGCAGGCGATAC-1-0,13,0.7532068024195838,negative
AAGCCGCAGGGTGTGT-1-0,12,0.9665778155894944,doublet
AAGCCGCCACGTCAGC-1-0,13,0.4915974434744246,negative
AAGCCGCCAGTAGAGC-1-0,13,0.6017080002600349,negative
AAGCCGCCATGGTCAT-1-0,13,0.5806309411091071,negative
AAGCCGCGTGCTTCTC-1-0,13,0.5894520129394544,negative
AAGGCAGAGGTAGCTG-1-0,13,0.5916312078890399,negative
AAGGCAGAGTATCTCG-1-0,13,0.5468232792702714,negative
AAGGCAGCATGCCTTC-1-0,13,0.5900708080884001,negative
AAGGCAGTCACGATGT-1-0,12,0.8295506974206549,doublet
AAGGCAGTCCGTTGCT-1-0,13,0.521912490048792,negative
AAGGCAGTCCTACAGA-1-0,13,0.5612171185176045,negative
AAGGTTCAGATCCCGC-1-0,13,0.5576534611134425,negative
AAGGTTCAGCATGGCA-1-0,2,0.9905557194330156,singlet
AAGGTTCAGTACGCGA-1-0,13,0.7518365817773853,negative
AAGGTTCCAATTCCTT-1-0,12,0.9907079222561104,doublet
AAGTCTGAGGAATTAC-1-0,12,0.9618476099146936,doublet
AAGTCTGGTGATAAGT-1-0,13,0.5731967667534024,negative
AAGTCTGGTGCGATAG-1-0,12,0.9603101443567216,doublet
AATCCAGCAACTGCTA-1-0,13,0.6914444212633551,negative
AATCCAGCACAGAGGT-1-0,12,0.8263626530112969,doublet
AATCCAGGTCAATGTC-1-0,13,0.5796150647002948,negative
AATCCAGGTCCCGACA-1-0,13,0.5834813646145492,negative
AATCCAGTCCGTTGTC-1-0,13,0.734063124301125,negative
AATCGGTCAATAGCAA-1-0,13,0.7476868578480159,negative
AATCGGTCACGGATAG-1-0,13,0.7526141871072408,negative
AATCGGTGTTAAGGGC-1-0,13,0.5234338436066989,negative
AATCGGTTCAGATAAG-1-0,13,0.5965936325298054,negative
AATCGGTTCCACGTTC-1-0,13,0.7955715994856147,negative
ACACCAAAGTAGTGCG-1-0,13,0.5199783280975685,negative
ACACCAACAAACTGCT-1-0,13,0.7286406876387234,negative
ACACCAACACTGTTAG-1-0,13,0.7511524303541168,negative
ACACCAAGTCCGTGAC-1-0,13,0.7042112517619112,negative
ACACCCTCAATACGCT-1-0,13,0.5950736788445855,negative
ACACCCTGTCTACCTC-1-0,13,0.6708932482746324,negative
ACACCCTTCAGTGCAT-1-0,13,0.5830453214599607,negative
ACACCCTTCTCGGACG-1-0,13,0.5903918161704779,negative
ACACCGGAGTGGGCTA-1-0,13,0.53444167786545,negative
ACACCGGCAAGTCTAC-1-0,13,0.5514944684724146,negative
ACACCGGGTCTGGTCG-1-0,12,0.8248158985293164,doublet
ACACTGAAGCTTATCG-1-0,13,0.5892465133346874,negative
ACACTGAAGGGATACC-1-0,13,0.7971148703509267,negative
ACACTGAAGGTGCACA-1-0,12,0.9649434460280985,doublet
ACACTGAAGTGCAAGC-1-0,13,0.5932429943726671,negative
ACACTGAGTAAATACG-1-0,12,0.8134261573608772,doublet
ACAGCCGAGGCCGAAT-1-0,13,0.7554739580037577,negative
ACAGCCGCAAACCTAC-1-0,13,0.5931013398020649,negative
ACAGCCGCAAGTCTGT-1-0,12,0.8289447198537094,doublet
ACAGCCGGTATGAATG-1-0,12,0.960433731032694,doublet
ACAGCCGGTCCGAAGA-1-0,12,0.8290440170422241,doublet
ACAGCCGGTCTGCCAG-1-0,13,0.5226049829446662,negative
ACAGCTAAGCGTCTAT-1-0,13,0.644634774199592,negative
ACAGCTAAGGCTATCT-1-0,8,0.9548219932009144,singlet
ACAGCTACATCAGTCA-1-0,13,0.7526641020137029,negative
ACAGCTATCCTTGGTC-1-0,13,0.5847153366306355,negative
ACAGCTATCGCATGGC-1-0,12,0.8028742682981739,doublet
ACAGCTATCTACTTAC-1-0,13,0.5958461299529226,negative
ACATACGAGAATGTGT-1-0,12,0.8296450151976671,doublet
ACATACGAGAGTAATC-1-0,13,0.7254227125665954,negative
ACATACGCATACCATG-1-0,12,0.9913909141717292,doublet
ACATACGGTGACAAAT-1-0,12,0.8172707670828572,doublet
ACATCAGAGTCCGTAT-1-0,13,0.7559511444801736,negative
ACATCAGCAGCCTTGG-1-0,13,0.5780320246994601,negative
ACATCAGGTCTACCTC-1-0,13,0.5816332662117245,negative
ACATCAGTCCTATTCA-1-0,13,0.7434267138948301,negative
ACATGGTGTCCCGACA-1-0,13,0.7472519567730308,negative
ACATGGTGTTAAAGTG-1-0,13,0.7401247257117566,negative
ACCAGTAAGTCCTCCT-1-0,13,0.698115751404359,negative
ACCAGTAGTAGCTTGT-1-0,12,0.9801507182532736,doublet
ACCAGTATCGGAATCT-1-0,13,0.577953777029574,negative
ACCCACTCATGGTTGT-1-0,13,0.5856583041265108,negative
ACCGTAAGTCATCCCT-1-0,13,0.5566396938750418,negative
ACCTTTAAGAAGGTGA-1-0,13,0.5874419494224307,negative
ACCTTTACAGGTGGAT-1-0,13,0.7328363447587786,negative
ACCTTTAGTCCTAGCG-1-0,13,0.5274181555190308,negative
ACGAGCCAGCGAAGGG-1-0,13,0.6011010889118293,negative
ACGAGCCCATCCCATC-1-0,13,0.7354259147727167,negative
ACGAGCCCATGGTCTA-1-0,13,0.5982253552138257,negative
ACGAGCCGTAACGCGA-1-0,13,0.582920732393321,negative
ACGAGGAAGACAGAGA-1-0,13,0.4837348011016905,negative
ACGAGGAGTCGCGTGT-1-0,13,0.7560313791208153,negative
ACGATACAGTGAAGTT-1-0,13,0.7454297010503869,negative
ACGATACCATACAGCT-1-0,13,0.7154921306329046,negative
ACGCAGCAGGATGGTC-1-0,13,0.5889513646293881,negative
ACGCAGCAGTTACGGG-1-0,12,0.8133468358750945,doublet
ACGCAGCCAGAAGCAC-1-0,13,0.755937464584162,negative
ACGCAGCTCATCATTC-1-0,13,0.4975249404783403,negative
ACGCAGCTCCTCTAGC-1-0,13,0.5827957109230845,negative
ACGCCAGGTTCGGGCT-1-0,13,0.5441380296328507,negative
ACGCCAGTCACCCGAG-1-0,12,0.8051135645636254,doublet
ACGCCAGTCGGCGCTA-1-0,12,0.8111184587470935,doublet
ACGCCGAAGGAATTAC-1-0,13,0.5901266651857098,negative
ACGCCGAAGGCGATAC-1-0,13,0.7335276127335982,negative
ACGCCGAAGTGTACTC-1-0,12,0.8777486891710804,doublet
ACGCCGACAGCCTTGG-1-0,12,0.984671116928927,doublet
ACGCCGAGTCCGAACC-1-0,13,0.5711186213972946,negative
ACGCCGATCGTGGGAA-1-0,13,0.5962338908288067,negative
ACGGAGAAGCCGTCGT-1-0,13,0.587290684300138,negative
ACGGAGAGTGAACCTT-1-0,13,0.5545676803903388,negative
ACGGAGAGTTAGAACA-1-0,13,0.7450767088706852,negative
ACGGAGATCAGGCGAA-1-0,12,0.9284552109230796,doublet
ACGGAGATCTGGTGTA-1-0,13,0.7469561667823014,negative
ACGGCCAAGGATGTAT-1-0,13,0.7012375656720269,negative
ACGGGCTCAGACACTT-1-0,13,0.556711828221403,negative
ACGGGCTCAGCTATTG-1-0,13,0.585697147326377,negative
ACGGGCTGTAATCACC-1-0,13,0.5715125375258355,negative
ACGGGCTGTCCAGTGC-1-0,12,0.805111306208315,doublet
ACGGGTCAGAGCAATT-1-0,13,0.5829115437329966,negative
ACGGGTCAGTACACCT-1-0,13,0.5939397170010167,negative
ACGGGTCGTGAGGCTA-1-0,13,0.7555717142627737,negative
ACGTCAAGTCGGCTCA-1-0,12,0.980564002416095,doublet
ACTATCTAGCGGCTTC-1-0,13,0.5780609136640532,negative
ACTATCTAGTTACCCA-1-0,13,0.3275398134912795,negative
ACTATCTCATCACCCT-1-0,13,0.7496277641506094,negative
ACTATCTTCAACGCTA-1-0,13,0.7325955751878493,negative
ACTGAACCAGCTATTG-1-0,13,0.549567258376584,negative
ACTGAACGTTGAGTTC-1-0,12,0.9736347412575066,doublet
ACTGAGTAGATACACA-1-0,13,0.7378128075253669,negative
ACTGAGTAGCCCTAAT-1-0,12,0.831200340849447,doublet
ACTGAGTCAATCCAAC-1-0,12,0.9807757485994008,doublet
ACTGAGTCACACCGAC-1-0,13,0.6456865912053663,negative
ACTGAGTGTAGTACCT-1-0,13,0.5853082234538297,negative
ACTGAGTGTCTCAACA-1-0,13,0.74677306192269,negative
ACTGATGAGACCTTTG-1-0,12,0.8303298390295037,doublet
ACTGATGCATGGTTGT-1-0,13,0.6485784036993667,negative
ACTGATGGTCTCCATC-1-0,13,0.4070572451670021,negative
ACTGCTCCAATAGCAA-1-0,13,0.7502760340685908,negative
ACTGCTCTCCTGCTTG-1-0,13,0.7223683908357866,negative
ACTGTCCCAATACGCT-1-0,13,0.7543120671052754,negative
ACTGTCCCAGACAAAT-1-0,2,0.9865945021215466,singlet
ACTGTCCGTAACGACG-1-0,13,0.7381944405397284,negative
ACTTACTAGGCCCTTG-1-0,13,0.7263723093217027,negative
ACTTACTCAGACAGGT-1-0,13,0.7444087196098257,negative
ACTTACTGTCTCCACT-1-0,13,0.7218305080075728,negative
ACTTACTGTCTGCGGT-1-0,13,0.5897237802123798,negative
ACTTACTTCTTTAGGG-1-0,13,0.7673999304894867,negative
ACTTGTTAGTGGGCTA-1-0,12,0.8013851431109903,doublet
ACTTGTTCATCCGGGT-1-0,13,0.7220524621434806,negative
ACTTGTTGTACCGAGA-1-0,12,0.991502804247738,doublet
ACTTGTTGTGATAAGT-1-0,12,0.822916660114153,doublet
ACTTGTTTCATGGTCA-1-0,13,0.5897476958777813,negative
ACTTGTTTCTGCAAGT-1-0,13,0.4366726170825873,negative
ACTTTCAAGACACTAA-1-0,13,0.5919501576709061,negative
ACTTTCAAGATGTGTA-1-0,12,0.940603748500864,doublet
ACTTTCACAATCTACG-1-0,13,0.747965135992559,negative
ACTTTCACATCGGAAG-1-0,13,0.5961018717517087,negative
AGAATAGAGGCTACGA-1-0,13,0.5938933685184637,negative
AGAATAGCAAATTGCC-1-0,13,0.7623706406354482,negative
AGAATAGCAGCCTGTG-1-0,12,0.8231759406112019,doublet
AGAATAGCATGCGCAC-1-0,13,0.7266075927822737,negative
AGAATAGGTCCCTACT-1-0,13,0.570232425019535,negative
AGACGTTAGGCTAGCA-1-0,12,0.871625990166102,doublet
AGACGTTTCCTCCTAG-1-0,13,0.7457220844704129,negative
AGAGCGAAGAGTAAGG-1-0,12,0.8307778092766561,doublet
AGAGCGACAATCACAC-1-0,12,0.9652760161537624,doublet
AGAGCGACAGGGTATG-1-0,13,0.5959822162005283,negative
AGAGCGATCCCTTGCA-1-0,13,0.6790876036437924,negative
AGAGCTTAGATCGGGT-1-0,13,0.5877742507220233,negative
AGAGCTTCACTTCTGC-1-0,13,0.4455447241624368,negative
AGAGCTTTCCCTCAGT-1-0,12,0.8351045742663386,doublet
AGAGCTTTCTGTCCGT-1-0,13,0.5739065218538261,negative
AGAGTGGCACCCAGTG-1-0,4,0.9998577926001329,singlet
AGAGTGGGTCGACTGC-1-0,13,0.7502586130544625,negative
AGAGTGGTCACTTATC-1-0,13,0.7349608560904265,negative
AGATCTGAGGTGTGGT-1-0,13,0.7449494636767777,negative
AGATCTGCAAAGCAAT-1-0,12,0.944993055541998,doublet
AGATCTGCAAGGCTCC-1-0,13,0.6829946768986759,negative
AGATCTGGTCTTCGTC-1-0,13,0.7654276209635511,negative
AGATCTGGTTAGATGA-1-0,13,0.7552890295621096,negative
AGATCTGTCGGAAACG-1-0,13,0.4858944168237525,negative
AGATCTGTCGGTCTAA-1-0,12,0.959948425887404,doublet
AGATCTGTCTATCCTA-1-0,12,0.8425929148387161,doublet
AGATTGCAGCGATGAC-1-0,13,0.5946826874596388,negative
AGATTGCAGGTTCCTA-1-0,13,0.7877146842201754,negative
AGATTGCGTCGACTGC-1-0,13,0.6157809095213892,negative
AGCAGCCAGTACGATA-1-0,12,0.8225178501125161,doublet
AGCAGCCGTTGTACAC-1-0,13,0.7499242240955554,negative
AGCATACCAGCGTAAG-1-0,13,0.5800239436130061,negative
AGCATACGTTAGGGTG-1-0,13,0.3937503643200217,negative
AGCCTAAAGCTGTCTA-1-0,13,0.5436837527933392,negative
AGCGGTCAGCAACGGT-1-0,12,0.825435113416909,doublet
AGCGGTCAGGAATGGA-1-0,13,0.7566512181898462,negative
AGCGGTCTCATTATCC-1-0,12,0.8057824105243399,doublet
AGCGTATCAGCCAGAA-1-0,13,0.7461627009690405,negative
AGCGTCGGTAGAAAGG-1-0,13,0.4431163063421515,negative
AGCTCCTAGCGTCTAT-1-0,12,0.9845967632468202,doublet
AGCTCCTAGGTTCCTA-1-0,13,0.6721876625860426,negative
AGCTCCTCAATGTAAG-1-0,12,0.9812737382570494,doublet
AGCTCCTTCCCTTGCA-1-0,0,0.9998605088264364,negative
AGCTCTCAGCCAGTTT-1-0,13,0.7494069519554902,negative
AGCTCTCAGCCATCGC-1-0,13,0.7549080634792826,negative
AGCTCTCCACAGGTTT-1-0,13,0.5922278749755897,negative
AGCTCTCTCAACGCTA-1-0,13,0.5901769056259657,negative
AGCTTGACACGGTAGA-1-0,13,0.5748295225189812,negative
AGGCCACAGCTGGAAC-1-0,13,0.7046347422744285,negative
AGGCCACCAAGGACTG-1-0,13,0.5798514927115017,negative
AGGCCGTAGGCCGAAT-1-0,13,0.7279135539630469,negative
AGGCCGTCACCTGGTG-1-0,13,0.7420782551027161,negative
AGGCCGTGTCCAGTTA-1-0,13,0.7442215145374674,negative
AGGCCGTGTCGTCTTC-1-0,13,0.5876586580986145,negative
AGGCCGTTCACGACTA-1-0,13,0.7212300557425698,negative
AGGGAGTGTCGCGGTT-1-0,12,0.819246334412572,doublet
AGGGAGTGTGTAATGA-1-0,12,0.9223668092678536,doublet
AGGGAGTTCTCGCTTG-1-0,12,0.9552256440335574,doublet
AGGGAGTTCTTCTGGC-1-0,13,0.7560240787398776,negative
AGGGATGAGCCAGGAT-1-0,13,0.5937699775744405,negative
AGGGATGGTCATGCCG-1-0,13,0.7425731484924449,negative
AGGGTGAAGCGATGAC-1-0,13,0.7506372682239189,negative
AGGGTGAAGCGCTCCA-1-0,2,0.8979812954148496,singlet
AGGGTGACACAGGTTT-1-0,13,0.498333505799121,negative
AGGGTGACACTAAGTC-1-0,12,0.9824858497731308,doublet
AGGGTGAGTAACGTTC-1-0,13,0.7397682958645779,negative
AGGTCATAGAATCTCC-1-0,13,0.3978456144179824,negative
AGGTCATGTCAAAGCG-1-0,12,0.9867439788215552,doublet
AGGTCATGTGGTACAG-1-0,13,0.6972158689660198,negative
AGGTCATTCCCAGGTG-1-0,12,0.8196849350656817,doublet
AGGTCCGCAGTAACGG-1-0,13,0.5819987221784659,negative
AGTAGTCTCGGAGGTA-1-0,13,0.531383801341239,negative
AGTCTTTAGCGGATCA-1-0,13,0.5909478762579214,negative
AGTCTTTTCACGACTA-1-0,12,0.8279867831860018,doublet
AGTCTTTTCAGGCCCA-1-0,13,0.7521088866580015,negative
AGTCTTTTCCGAGCCA-1-0,13,0.577485608663849,negative
AGTGAGGGTCGACTGC-1-0,13,0.5891957373375563,negative
AGTGAGGTCAACGAAA-1-0,13,0.7557435834196528,negative
AGTGAGGTCTCAAACG-1-0,13,0.5004349113003748,negative
AGTGGGACAAGCCGCT-1-0,13,0.4416947950518405,negative
AGTGGGATCACCGGGT-1-0,13,0.7002652313367972,negative
AGTGTCACATATGAGA-1-0,13,0.5920182011119265,negative
AGTTGGTCAGTTAACC-1-0,13,0.7457578644631976,negative
AGTTGGTCATGACGGA-1-0,13,0.531892950715054,negative
AGTTGGTGTGACCAAG-1-0,13,0.5835165370328582,negative
AGTTGGTGTGGTCTCG-1-0,13,0.5526917066632702,negative
AGTTGGTTCTGCAGTA-1-0,12,0.991258503574254,doublet
ATAACGCCAAACGCGA-1-0,12,0.95127991599441,doublet
ATAACGCCAGGACCCT-1-0,13,0.7555091218376139,negative
ATAACGCCATTAGCCA-1-0,13,0.7916805063782898,negative
ATAACGCGTCCTCTTG-1-0,13,0.5802315909848081,negative
ATAACGCTCGCAAACT-1-0,13,0.7430745133256604,negative
ATAAGAGAGCCGCCTA-1-0,13,0.586313230372368,negative
ATAAGAGTCTATCCCG-1-0,13,0.7224405891215032,negative
ATAGACCAGCTGCAAG-1-0,12,0.996155554378948,doublet
ATAGACCAGTGAACGC-1-0,13,0.493560553419974,negative
ATAGACCCACAGATTC-1-0,13,0.5828790755877619,negative
ATAGACCCACTTAAGC-1-0,12,0.9774591360628352,doublet
ATAGACCGTCATACTG-1-0,12,0.8301529997317759,doublet
ATCACGAGTCAATACC-1-0,13,0.7848902083539421,negative
ATCACGATCAGCTGGC-1-0,13,0.3795369181652786,negative
ATCATCTAGGCACATG-1-0,12,0.9521936771684671,doublet
ATCATCTCAGTCAGAG-1-0,13,0.454388103494309,negative
ATCATCTGTTTGTGTG-1-0,13,0.7352346776986236,negative
ATCATCTTCACTTATC-1-0,13,0.5867762369901939,negative
ATCATGGAGTGTACGG-1-0,13,0.5142358094111161,negative
ATCATGGCAGACAAAT-1-0,13,0.6009550915301269,negative
ATCATGGCAGTCTTCC-1-0,12,0.8164451350379704,doublet
ATCATGGGTAGCTAAA-1-0,13,0.7272672396016482,negative
ATCATGGTCCCTTGCA-1-0,13,0.7444088364778279,negative
ATCCACCAGGATGGTC-1-0,13,0.7387966456151093,negative
ATCCACCCATACCATG-1-0,13,0.7530840746512073,negative
ATCCACCGTATCAGTC-1-0,13,0.5910680824482019,negative
ATCCACCTCGTCGTTC-1-0,13,0.4832377072823152,negative
ATCCGAAAGAATGTTG-1-0,13,0.4361519083606662,negative
ATCCGAACATCTCGCT-1-0,13,0.7304499715905786,negative
ATCCGAAGTCGACTGC-1-0,13,0.5851114013339219,negative
ATCCGAATCATCGATG-1-0,13,0.7504383971115712,negative
ATCCGAATCGCATGAT-1-0,13,0.7490643158128811,negative
ATCCGAATCTAACTTC-1-0,13,0.3960280135730087,negative
ATCGAGTAGTCGTTTG-1-0,13,0.607822395297727,negative
ATCGAGTCAGATAATG-1-0,12,0.9390880837707304,doublet
ATCGAGTGTAGGACAC-1-0,13,0.5898616011317389,negative
ATCGAGTGTGTAATGA-1-0,12,0.9756177547941964,doublet
ATCGAGTTCAGATAAG-1-0,12,0.9882572580530254,doublet
ATCGAGTTCGAACGGA-1-0,13,0.7518623005881828,negative
ATCTACTAGCAGCGTA-1-0,13,0.5856782956976583,negative
ATCTACTGTGTTTGTG-1-0,12,0.8155101808763172,doublet
ATCTACTTCCAACCAA-1-0,13,0.5902536170713851,negative
ATCTACTTCGGTGTTA-1-0,13,0.5944207057040417,negative
ATCTACTTCGGTTCGG-1-0,12,0.9230559296408406,doublet
ATCTGCCGTGTCCTCT-1-0,13,0.6531891704430355,negative
ATCTGCCTCAAGGCTT-1-0,13,0.7502696786180058,negative
ATCTGCCTCAGAAATG-1-0,13,0.741416166321144,negative
ATGAGGGTCATGTGGT-1-0,13,0.5962485159627139,negative
ATGAGGGTCTGTCTCG-1-0,13,0.7444980394003423,negative
ATGCGATAGATGTCGG-1-0,13,0.3972535433780975,negative
ATGCGATTCAACACTG-1-0,13,0.5826307743478146,negative
ATGCGATTCACAGTAC-1-0,13,0.7432275807872694,negative
ATGCGATTCTCAAACG-1-0,13,0.5791905570314055,negative
ATGGGAGAGGTTCCTA-1-0,12,0.9379634120949712,doublet
ATGGGAGCAGGTCGTC-1-0,12,0.8344248212349533,doublet
ATGGGAGGTAGTAGTA-1-0,13,0.7176196961268739,negative
ATGGGAGGTCATTAGC-1-0,13,0.759035569067284,negative
ATGTGTGGTGATAAGT-1-0,13,0.7565052569072888,negative
ATTACTCCAGCTGCTG-1-0,13,0.6567871604334304,negative
ATTACTCGTGTGTGCC-1-0,13,0.7506411540764917,negative
ATTACTCTCCAGAAGG-1-0,12,0.9610820786812958,doublet
ATTATCCCAAAGCGGT-1-0,12,0.803856226424348,doublet
ATTATCCCACTGTGTA-1-0,13,0.5892728704671951,negative
ATTATCCGTCTAGGTT-1-0,12,0.9405033924950108,doublet
ATTATCCGTTAAGGGC-1-0,13,0.7449298801594992,negative
ATTATCCTCGGCATCG-1-0,12,0.9754282579066008,doublet
ATTCTACAGCAAATCA-1-0,12,0.9807664134142046,doublet
ATTCTACAGGATGGAA-1-0,13,0.5935163798989771,negative
ATTCTACGTATAGTAG-1-0,13,0.7448635192971814,negative
ATTCTACGTCCAAGTT-1-0,13,0.5699651659347228,negative
ATTCTACGTCCATGAT-1-0,12,0.831341411625087,doublet
ATTCTACGTGAGTATA-1-0,12,0.8111217778256006,doublet
ATTCTACTCGGACAAG-1-0,13,0.510272570707682,negative
ATTGGACAGTGGGCTA-1-0,12,0.9715445419985907,doublet
ATTGGACCACCCTATC-1-0,12,0.8345669719466177,doublet
ATTGGACCAGATGGCA-1-0,13,0.7394048978449113,negative
ATTGGACCATCTCGCT-1-0,13,0.7433157568286347,negative
ATTGGACGTACATCCA-1-0,13,0.7400728384536942,negative
ATTGGACGTATCTGCA-1-0,13,0.5676141661181563,negative
ATTGGACGTCTAACGT-1-0,13,0.6152417880990366,negative
ATTGGACTCTGTCAAG-1-0,13,0.571155876653971,negative
ATTGGTGCAATCCAAC-1-0,13,0.7526284141440954,negative
ATTGGTGCACGGCCAT-1-0,12,0.9961154056769582,doublet
ATTGGTGCAGTGGGAT-1-0,13,0.7532564462639618,negative
ATTGGTGGTGCTTCTC-1-0,13,0.7524259680906971,negative
CAACCAAAGATCCCGC-1-0,12,0.9695837530602516,doublet
CAACCAATCAGTTCGA-1-0,12,0.8218930681668726,doublet
CAACCAATCGCATGGC-1-0,13,0.7528549698147732,negative
CAACCTCAGGCTATCT-1-0,13,0.5230845969147401,negative
CAACCTCCATGAAGTA-1-0,13,0.7456741529734356,negative
CAACCTCTCCAACCAA-1-0,13,0.7537084103701566,negative
CAACCTCTCCGTTGCT-1-0,12,0.9479755544347366,doublet
CAACCTCTCTAGAGTC-1-0,13,0.5893907584789682,negative
CAACTAGAGAAACCAT-1-0,13,0.3888209277193576,negative
CAACTAGGTTGGTAAA-1-0,13,0.6901143827556074,negative
CAACTAGTCCCAGGTG-1-0,13,0.5674832951159403,negative
CAACTAGTCGCCTGAG-1-0,13,0.5862785244488021,negative
CAAGAAAAGACTGTAA-1-0,13,0.5659774773983058,negative
CAAGAAAAGTGTTTGC-1-0,13,0.7549437916170038,negative
CAAGAAAGTACCGAGA-1-0,13,0.7453686117783092,negative
CAAGAAAGTAGTGAAT-1-0,12,0.8258529560139976,doublet
CAAGAAATCGCATGAT-1-0,13,0.4521349932889629,negative
CAAGAAATCTGCGACG-1-0,13,0.5740658440625701,negative
CAAGATCAGTACCGGA-1-0,13,0.5860570027855819,negative
CAAGGCCAGAGACGAA-1-0,12,0.813565887747133,doublet
CAAGGCCTCATTATCC-1-0,13,0.5054405806284419,negative
CAAGTTGCAGCCTTGG-1-0,13,0.5838644920777584,negative
CAAGTTGCATGCCACG-1-0,13,0.5899308995024646,negative
CAAGTTGTCAGGCCCA-1-0,12,0.966827834709389,doublet
CAAGTTGTCTCCAGGG-1-0,13,0.7555612919019008,negative
CACAAACCAGCTTAAC-1-0,12,0.8216939943387751,doublet
CACAAACTCCCAGGTG-1-0,13,0.5884471432102141,negative
CACACAAAGGTCGGAT-1-0,13,0.5699065049996482,negative
CACACAAAGTGAAGTT-1-0,12,0.9808574443682108,doublet
CACACAACACCACCAG-1-0,12,0.8097944954421709,doublet
CACACAACATACGCCG-1-0,13,0.5579380103799081,negative
CACACAAGTTCGAATC-1-0,13,0.7358579610867546,negative
CACACAATCTCATTCA-1-0,13,0.5274126726847613,negative
CACACCTCACTGCCAG-1-0,13,0.5809861433154889,negative
CACACCTCAGGGTACA-1-0,13,0.784644757327639,negative
CACACCTGTCATCGGC-1-0,13,0.33046420835947,negative
CACACCTGTGGGTATG-1-0,13,0.5768609770133698,negative
CACACCTTCCCAACGG-1-0,12,0.9426111700111578,doublet
CACACTCAGAAACCTA-1-0,12,0.9320401120275402,doublet
CACACTCAGAATCTCC-1-0,12,0.828400782884995,doublet
CACACTCAGGCCCTCA-1-0,12,0.8305782961798526,doublet
CACACTCCAGTGAGTG-1-0,13,0.7451823114783773,negative
CACAGGCAGCTGAACG-1-0,13,0.7588469423901976,negative
CACAGGCAGTGCTGCC-1-0,13,0.7498307773950791,negative
CACAGGCCAGCGTTCG-1-0,12,0.9704915460280874,doublet
CACAGGCGTGCAGTAG-1-0,13,0.6017540619137044,negative
CACAGGCTCACTCCTG-1-0,12,0.8341078735362526,doublet
CACAGGCTCCTCAATT-1-0,13,0.5951276355051612,negative
CACAGGCTCTAACTCT-1-0,13,0.5939685593087232,negative
CACAGTAAGAAACGAG-1-0,13,0.7540524468470896,negative
CACAGTAAGAACAATC-1-0,13,0.5275832393547218,negative
CACAGTAAGCCACGTC-1-0,13,0.7456260232054159,negative
CACAGTACAATGCCAT-1-0,13,0.5884713349766513,negative
CACAGTACAGCCTTGG-1-0,13,0.7879703601719389,negative
CACAGTAGTCAAACTC-1-0,13,0.6010037925375433,negative
CACAGTATCAGTGCAT-1-0,12,0.8092395573955253,doublet
CACAGTATCTTGGGTA-1-0,12,0.8185451157024339,doublet
CACATAGCACCAACCG-1-0,13,0.4218546706595385,negative
CACATAGGTCTCTTTA-1-0,13,0.7344510273854306,negative
CACATAGGTTTGACAC-1-0,12,0.9878939021381064,doublet
CACATAGTCTTAGCCC-1-0,13,0.5091340588400152,negative
CACATTTAGATATGGT-1-0,12,0.9869429262780096,doublet
CACATTTCACAGCGTC-1-0,12,0.8183090212374312,doublet
CACATTTCACATTTCT-1-0,13,0.5730235916904173,negative
CACATTTCAGCTTAAC-1-0,13,0.5872305355267261,negative
CACATTTCATGTCTCC-1-0,13,0.7429636551259514,negative
CACATTTGTCCGCTGA-1-0,13,0.5441629361008392,negative
CACCACTTCGAACTGT-1-0,12,0.8021094750335257,doublet
CACCAGGAGATCCCGC-1-0,13,0.5873037122247535,negative
CACCAGGAGTGAACGC-1-0,13,0.5099296232683311,negative
CACCTTGAGCGGATCA-1-0,12,0.9864289096045076,doublet
CACCTTGGTCACTGGC-1-0,13,0.5727145219072011,negative
CACCTTGTCGTTTGCC-1-0,13,0.6947508889715504,negative
CACTCCAGTCCTGCTT-1-0,13,0.7503871349508696,negative
CAGAATCAGGTGCACA-1-0,13,0.5888374155607895,negative
CAGAATCCATCACAAC-1-0,13,0.7714353060530063,negative
CAGAATCTCTCGCATC-1-0,13,0.5812412726531212,negative
CAGAATCTCTGCGACG-1-0,13,0.7468978716182837,negative
CAGAGAGCAATGTAAG-1-0,13,0.5927550096753117,negative
CAGAGAGCATGGTAGG-1-0,13,0.7449245019131755,negative
CAGAGAGGTCATCCCT-1-0,12,0.9691951150937724,doublet
CAGATCAAGCAGCGTA-1-0,12,0.9531669651314182,doublet
CAGATCAAGGTAGCCA-1-0,13,0.7215217780753549,negative
CAGATCAGTTAGATGA-1-0,13,0.5925973610055184,negative
CAGCAGCCACCGTTGG-1-0,13,0.4425046672301095,negative
CAGCAGCTCTTCGGTC-1-0,12,0.9445015606179648,doublet
CAGCATATCGGAGGTA-1-0,13,0.5861884751822489,negative
CAGCCGACAATCCGAT-1-0,12,0.9719053999277248,doublet
CAGCCGACATCTATGG-1-0,13,0.7476359836243202,negative
CAGCCGAGTTATTCTC-1-0,13,0.4408284319853506,negative
CAGCGACTCGGCTACG-1-0,13,0.5904345822414903,negative
CAGCTAAAGACTGGGT-1-0,13,0.7372743768263783,negative
CAGCTAAAGATCCCAT-1-0,13,0.6270312872466575,negative
CAGCTAACAAGTTAAG-1-0,13,0.5577136807116845,negative
CAGCTAACAATTGCTG-1-0,13,0.6075922801794895,negative
CAGCTAAGTTAAGGGC-1-0,12,0.9814627001568512,doublet
CAGCTAATCATTGCGA-1-0,13,0.7588644778315741,negative
CAGCTAATCCGATATG-1-0,13,0.7399726623537038,negative
CAGCTAATCGTAGATC-1-0,13,0.7443862108548295,negative
CAGCTGGCATATACGC-1-0,13,0.6992314689630387,negative
CAGCTGGCATTCACTT-1-0,13,0.7058261309767481,negative
CAGCTGGGTCCATCCT-1-0,12,0.8002889455754947,doublet
CAGGTGCAGCGTAGTG-1-0,13,0.5939854027588992,negative
CAGGTGCCAGACAGGT-1-0,13,0.5840436071328042,negative
CAGGTGCTCAAACCAC-1-0,13,0.7296837890409648,negative
CAGTAACCATTGCGGC-1-0,13,0.7297218974246666,negative
CAGTAACGTCTCATCC-1-0,13,0.5933580162032234,negative
CAGTAACTCAACCAAC-1-0,13,0.7541283453981333,negative
CAGTCCTAGACTTGAA-1-0,12,0.9562631282206052,doublet
CAGTCCTCACAGGAGT-1-0,13,0.7156158118215755,negative
CAGTCCTTCATGCTCC-1-0,13,0.5850029188752044,negative
CAGTCCTTCGTTACAG-1-0,13,0.7471299611277339,negative
CATATGGGTCTAGAGG-1-0,13,0.652237132696108,negative
CATATTCCAAGAGTCG-1-0,13,0.5051355261918402,negative
CATATTCGTCGCGGTT-1-0,13,0.5965520051253218,negative
CATATTCGTCTTGATG-1-0,13,0.5841538244066625,negative
CATCAAGCAATAGCGG-1-0,13,0.7365124934639552,negative
CATCAAGGTCGCTTTC-1-0,12,0.9664067768924474,doublet
CATCAAGGTCTCTTTA-1-0,13,0.7391794986643708,negative
CATCAGAAGGATCGCA-1-0,12,0.9859929408937548,doublet
CATCAGAGTAGCGCAA-1-0,12,0.8026586889069289,doublet
CATCAGAGTCAGTGGA-1-0,13,0.5685844959404279,negative
CATCAGAGTCCAACTA-1-0,13,0.5151491340211751,negative
CATCCACAGACAGGCT-1-0,13,0.7516811944820013,negative
CATCCACAGCGAAGGG-1-0,13,0.4191677483611336,negative
CATCCACAGGACGAAA-1-0,12,0.8222076313253359,doublet
CATCCACCATCGATGT-1-0,2,0.9343415058866754,singlet
CATCCACGTATAGGTA-1-0,13,0.5448023873689466,negative
CATCCACTCACCTTAT-1-0,13,0.5583244327099627,negative
CATCCACTCGCATGGC-1-0,13,0.5523223672392982,negative
CATCGAAAGATGTTAG-1-0,12,0.9860560353818576,doublet
CATCGAAAGTGGTCCC-1-0,13,0.7390553280982932,negative
CATCGAACAAAGTGCG-1-0,12,0.8282281872493549,doublet
CATCGAATCCGTTGTC-1-0,13,0.3787220434806965,negative
CATCGAATCTCCAGGG-1-0,12,0.9719345329488998,doublet
CATCGGGGTGCACGAA-1-0,13,0.7495942894811981,negative
CATCGGGTCACAGGCC-1-0,12,0.9815064494826264,doublet
CATCGGGTCCAAACTG-1-0,4,0.979164299825714,singlet
CATCGGGTCTGGAGCC-1-0,12,0.9566815242092872,doublet
CATCGGGTCTTAGCCC-1-0,12,0.8377250920709411,doublet
CATGACAAGACTGTAA-1-0,13,0.5940311327084581,negative
CATGACAAGGATGTAT-1-0,13,0.5560090632322164,negative
CATGACAGTAACGTTC-1-0,13,0.7373139884371188,negative
CATGACAGTCGCTTCT-1-0,13,0.58322997454407,negative
CATGACAGTCTTCGTC-1-0,13,0.7478896839480377,negative
CATGCCTAGAATAGGG-1-0,13,0.7402788882065691,negative
CATGCCTAGGCATGGT-1-0,13,0.6961584767883682,negative
CATGCCTAGTTGAGTA-1-0,13,0.5939577265730662,negative
CATGCCTGTCTGATTG-1-0,13,0.7301104484357376,negative
CATGGCGCATGACGGA-1-0,13,0.7087821834654973,negative
CATTATCAGTCACGCC-1-0,13,0.7033733041935524,negative
CATTATCGTGTCTGAT-1-0,13,0.5706960091652306,negative
CATTATCTCAGGTAAA-1-0,13,0.5065048520034704,negative
CATTCGCAGATATGCA-1-0,13,0.5963522870991927,negative
CATTCGCAGGCTACGA-1-0,12,0.9478426298385968,doublet
CATTCGCCAAGACGTG-1-0,13,0.5221385544660153,negative
CCAATCCCAAAGGCGT-1-0,13,0.7385515141344104,negative
CCAATCCCAGATTGCT-1-0,12,0.9744615850921168,doublet
CCAATCCCAGCATACT-1-0,13,0.5876870158771594,negative
CCAATCCGTTCCACGG-1-0,13,0.4049672320505432,negative
CCAATCCTCACCCGAG-1-0,13,0.7703996802558993,negative
CCAATCCTCTTAGAGC-1-0,13,0.6522320862602656,negative
CCACCTACAGTGGAGT-1-0,13,0.595908920357401,negative
CCACCTAGTACCGTTA-1-0,13,0.5534318916217892,negative
CCACCTAGTGCAGACA-1-0,13,0.7515902176563845,negative
CCACGGAAGACTGGGT-1-0,13,0.6135866038087429,negative
CCACGGAAGGACAGCT-1-0,13,0.6789454497657496,negative
CCACGGACATCGGAAG-1-0,13,0.5821533414924335,negative
CCACGGACATGACATC-1-0,13,0.5932230881494721,negative
CCACTACAGTGACTCT-1-0,12,0.8287408240474009,doublet
CCACTACGTGGACGAT-1-0,13,0.7538671776876037,negative
CCACTACTCCTGCAGG-1-0,12,0.98282331549148,doublet
CCAGCGAAGTCGTTTG-1-0,12,0.8346044983503075,doublet
CCAGCGACAATAGCAA-1-0,12,0.8210676921608167,doublet
CCAGCGACATTCTCAT-1-0,13,0.7047231861250406,negative
CCAGCGAGTGTGACCC-1-0,13,0.7407410856539409,negative
CCAGCGATCACAGTAC-1-0,13,0.5962958201151504,negative
CCATGTCAGGCGACAT-1-0,12,0.980599875257237,doublet
CCATGTCAGTAATCCC-1-0,13,0.5733474313228161,negative
CCATGTCAGTCAATAG-1-0,13,0.7019376831275411,negative
CCATGTCCATTGAGCT-1-0,13,0.7353763863478183,negative
CCATGTCTCAGTTAGC-1-0,13,0.7546082191376003,negative
CCATTCGGTGAGGCTA-1-0,12,0.8338944762730546,doublet
CCATTCGTCACATAGC-1-0,13,0.7449501072414082,negative
CCATTCGTCACCCTCA-1-0,13,0.4222968205459088,negative
CCATTCGTCAGTCAGT-1-0,12,0.9365704689417228,doublet
CCCAATCAGTAGCCGA-1-0,13,0.5836840091558713,negative
CCCAATCTCCTGTACC-1-0,13,0.6857541355389379,negative
CCCAATCTCTGCAGTA-1-0,13,0.5960152976894136,negative
CCCAGTTAGGGTGTGT-1-0,13,0.3843465355677721,negative
CCCAGTTCAGCTCGCA-1-0,13,0.5981463683982897,negative
CCCAGTTGTATTACCG-1-0,13,0.5923013536363659,negative
CCCAGTTTCTGGCGTG-1-0,13,0.746047002552693,negative
CCCATACTCCATGCTC-1-0,13,0.7526678401634321,negative
CCCATACTCGTACCGG-1-0,13,0.5202374620193354,negative
CCCTCCTTCCCTTGCA-1-0,12,0.9565696545217836,doublet
CCGGGATAGTGTTAGA-1-0,12,0.8273224669384751,doublet
CCGGGATCAGGGCATA-1-0,12,0.8068784673320327,doublet
CCGGGATGTGCATCTA-1-0,13,0.593767267776937,negative
CCGGGATTCATGGTCA-1-0,13,0.5960462312779444,negative
CCGGTAGCACTAGTAC-1-0,13,0.5885648314054159,negative
CCGGTAGCAGCCTGTG-1-0,13,0.5070222686302396,negative
CCGGTAGTCAGGTTCA-1-0,13,0.3885327915461379,negative
CCGTACTAGTACGATA-1-0,13,0.4992012062407177,negative
CCGTACTAGTCCGGTC-1-0,13,0.7965812067592797,negative
CCGTACTGTAAGAGAG-1-0,13,0.7467736208584675,negative
CCGTACTGTCACTGGC-1-0,13,0.7410804886138921,negative
CCGTACTGTCGCGTGT-1-0,13,0.6698843928345034,negative
CCGTACTTCCTACAGA-1-0,13,0.758673623970402,negative
CCGTTCAAGAACTCGG-1-0,13,0.5793334530205261,negative
CCGTTCAAGATGCCTT-1-0,13,0.7474371225073501,negative
CCGTTCAAGCGTGAGT-1-0,13,0.759479987282321,negative
CCGTTCAAGTGTGAAT-1-0,13,0.5898779384154175,negative
CCGTTCACATATACCG-1-0,13,0.7435144481808446,negative
CCGTTCATCACTTCAT-1-0,13,0.4074452324793869,negative
CCTAAAGAGCCGTCGT-1-0,13,0.5952717037662639,negative
CCTAAAGAGCGCCTCA-1-0,13,0.7423384302277806,negative
CCTAAAGGTCTCATCC-1-0,13,0.5941131024731707,negative
CCTACACAGAATCTCC-1-0,13,0.6426237230694039,negative
CCTACACAGAGGTACC-1-0,13,0.7364597179720733,negative
CCTACACAGAGTCGGT-1-0,13,0.5905888172900057,negative
CCTACACAGCTACCTA-1-0,12,0.9733843002747457,doublet
CCTACACGTTGTTTGG-1-0,13,0.5885539294144195,negative
CCTACACTCGATAGAA-1-0,12,0.8164421495705522,doublet
CCTACACTCTCTAAGG-1-0,12,0.8072861292866034,doublet
CCTACCACATCTACGA-1-0,12,0.8201534998471072,doublet
CCTACCAGTAGCGCAA-1-0,13,0.5917227790365719,negative
CCTACCATCCAATGGT-1-0,13,0.5944420513943399,negative
CCTAGCTAGGCATGGT-1-0,13,0.7626363739407418,negative
CCTAGCTCAAGGTTTC-1-0,13,0.5653758113372779,negative
CCTAGCTGTACAGCAG-1-0,12,0.8179987235481202,doublet
CCTAGCTGTCACTTCC-1-0,13,0.5370952353679407,negative
CCTATTAAGCCAGGAT-1-0,13,0.7560995892551365,negative
CCTATTACACCACCAG-1-0,12,0.8238808547368839,doublet
CCTATTAGTCGAATCT-1-0,13,0.5507053971767842,negative
CCTATTAGTTACGACT-1-0,13,0.7558332528908875,negative
CCTATTATCGTTACGA-1-0,13,0.5100409837415956,negative
CCTCAGTAGACTCGGA-1-0,12,0.8216952716115832,doublet
CCTCAGTAGTGGGTTG-1-0,13,0.5687406525562542,negative
CCTCAGTCAGACTCGC-1-0,13,0.6009569588210797,negative
CCTCAGTCAGCCTTTC-1-0,13,0.7291157548146474,negative
CCTCAGTGTCCAGTGC-1-0,13,0.3550206610795733,negative
CCTCAGTTCGCAAGCC-1-0,13,0.5078962813464901,negative
CCTCTGAAGAAGAAGC-1-0,13,0.5576016667969631,negative
CCTCTGACAAAGGAAG-1-0,13,0.5894295869775419,negative
CCTCTGACAAGGTTTC-1-0,13,0.7548808042335029,negative
CCTTACGAGGCTAGCA-1-0,13,0.7858974029934702,negative
CCTTACGAGTTTCCTT-1-0,12,0.9812802225436652,doublet
CCTTCCCAGACAAGCC-1-0,13,0.7307993704105538,negative
CCTTCCCAGCACGCCT-1-0,13,0.5937367026121632,negative
CCTTCCCAGTTACCCA-1-0,13,0.5932070566979148,negative
CCTTCCCCAGACAAGC-1-0,13,0.7475903313531752,negative
CCTTCCCGTCAACTGT-1-0,13,0.7892760463913153,negative
CCTTCCCTCAACACAC-1-0,13,0.5878370893302677,negative
CCTTCCCTCCACTGGG-1-0,6,0.9677840422309458,singlet
CCTTCCCTCGGAGGTA-1-0,13,0.5873802644619018,negative
CCTTCGAAGTGGGCTA-1-0,13,0.7565951794952076,negative
CCTTCGACAACCGCCA-1-0,12,0.9504060173230172,doublet
CCTTCGATCATGCATG-1-0,13,0.6838439709386119,negative
CCTTTCTAGTGTACCT-1-0,13,0.7455344316670126,negative
CCTTTCTCACAGCGTC-1-0,12,0.9806790092082038,doublet
CCTTTCTCAGATGAGC-1-0,13,0.5910283556944302,negative
CCTTTCTTCGAGCCCA-1-0,12,0.8263322162389369,doublet
CCTTTCTTCGGACAAG-1-0,12,0.8072436010652052,doublet
CGAACATCACATAACC-1-0,13,0.7500938162375852,negative
CGAACATTCGGTTAAC-1-0,13,0.5349958823592511,negative
CGAATGTAGAAACGAG-1-0,12,0.9727252074310152,doublet
CGAATGTAGAAGGGTA-1-0,12,0.833441781228181,doublet
CGAATGTAGTCATGCT-1-0,13,0.6350015203928131,negative
CGAATGTCAGGGTATG-1-0,12,0.8229327396595283,doublet
CGACCTTCAGCATACT-1-0,13,0.7688563817192939,negative
CGACCTTGTCAATACC-1-0,13,0.7446454387402665,negative
CGACCTTTCCCTAACC-1-0,12,0.9874693063338196,doublet
CGAGAAGAGTCCGGTC-1-0,12,0.8345656516471096,doublet
CGAGAAGAGTGAAGAG-1-0,12,0.8350709076237531,doublet
CGAGAAGCACGTGAGA-1-0,13,0.596151800009241,negative
CGAGAAGCATACCATG-1-0,13,0.3898965159046393,negative
CGAGCACAGTGAAGTT-1-0,12,0.9764763346447184,doublet
CGAGCACCAAGAGTCG-1-0,13,0.755919914368377,negative
CGAGCACCACATAACC-1-0,13,0.553410344361941,negative
CGAGCACCACATTCGA-1-0,13,0.7573640624712652,negative
CGAGCACCATTTCACT-1-0,13,0.742205585026748,negative
CGAGCACGTCAAACTC-1-0,13,0.7447384170232412,negative
CGAGCACTCAACACCA-1-0,13,0.5234303145897529,negative
CGAGCACTCTCTAAGG-1-0,12,0.98042049098992,doublet
CGAGCCACAGCTCGAC-1-0,13,0.5947935596698075,negative
CGAGCCAGTACAGACG-1-0,13,0.676956608592096,negative
CGATCGGTCATTGCGA-1-0,13,0.5879348058210713,negative
CGATCGGTCGCTTAGA-1-0,12,0.8061591480120867,doublet
CGATGGCAGCAGCGTA-1-0,12,0.9916183926122666,doublet
CGATGGCCACCCATGG-1-0,12,0.8340809880741488,doublet
CGATGGCGTAACGACG-1-0,13,0.7987563107100976,negative
CGATGTAAGCGATTCT-1-0,13,0.7497961156184495,negative
CGATGTAAGCTAAACA-1-0,13,0.4484390125788997,negative
CGATGTAAGTATTGGA-1-0,13,0.6759834441308689,negative
CGATTGAAGGCTAGCA-1-0,13,0.7500682946646944,negative
CGATTGAGTTATCGGT-1-0,12,0.8281204547648423,doublet
CGATTGATCACCTCGT-1-0,12,0.8133150745726924,doublet
CGCCAAGAGCTTATCG-1-0,13,0.747700103017212,negative
CGCCAAGCAAAGGAAG-1-0,13,0.798996876566406,negative
CGCCAAGGTGTTTGTG-1-0,13,0.6919008599375014,negative
CGCCAAGGTTGTACAC-1-0,12,0.8220381544313354,doublet
CGCCAAGTCAATAAGG-1-0,13,0.5789590199331461,negative
CGCGGTAAGCTAGGCA-1-0,13,0.7191648472173933,negative
CGCGGTAAGTACATGA-1-0,13,0.5915709161425481,negative
CGCGGTACAAGAGTCG-1-0,13,0.7410297339748533,negative
CGCGGTACACGAAGCA-1-0,12,0.98927513350996,doublet
CGCGGTACACTGTGTA-1-0,13,0.5870606267875019,negative
CGCGGTACAGGCGATA-1-0,13,0.7544234340080276,negative
CGCGGTACATATACGC-1-0,13,0.5962899948259841,negative
CGCGGTAGTCTCTTAT-1-0,13,0.7499752542969503,negative
CGCGGTAGTCTGATTG-1-0,13,0.588614534214567,negative
CGCGGTAGTGGTCTCG-1-0,12,0.8266628016799777,doublet
CGCGTTTAGGAGCGAG-1-0,12,0.8348734396539353,doublet
CGCGTTTCACTTAAGC-1-0,12,0.8675104694464991,doublet
CGCGTTTCAGGAACGT-1-0,13,0.5570550468292583,negative
CGCGTTTTCAGCCTAA-1-0,13,0.4784651082216395,negative
CGCGTTTTCCCAGGTG-1-0,13,0.5359341332594318,negative
CGCGTTTTCTTCGAGA-1-0,13,0.5730514877906735,negative
CGCTATCAGCGTCTAT-1-0,13,0.5915673803607082,negative
CGCTATCAGGCATGTG-1-0,13,0.7896983379957777,negative
CGCTATCAGGGAACGG-1-0,13,0.6297448626234194,negative
CGCTATCGTCCCGACA-1-0,12,0.8332289790090429,doublet
CGCTATCGTCTAGAGG-1-0,12,0.9661185275964594,doublet
CGCTATCTCCTCATTA-1-0,13,0.5946446000454063,negative
CGCTGGACATGAACCT-1-0,13,0.5944274082579944,negative
CGCTGGATCTCCGGTT-1-0,12,0.9950352565389926,doublet
CGCTTCAAGGGATGGG-1-0,13,0.7306935061358572,negative
CGCTTCACAAGTCTGT-1-0,13,0.5872098500367843,negative
CGCTTCACATGTTGAC-1-0,13,0.7302920507439769,negative
CGCTTCAGTATTCGTG-1-0,12,0.832097162310435,doublet
CGCTTCAGTTGGGACA-1-0,13,0.5961825728587044,negative
CGGACACCATTTCAGG-1-0,13,0.5520749847009602,negative
CGGACACGTAGCTAAA-1-0,13,0.7200222670396565,negative
CGGACACGTGCCTGCA-1-0,13,0.7523817390651342,negative
CGGACACTCCCTGACT-1-0,13,0.5551110277436305,negative
CGGACACTCGGCTACG-1-0,13,0.7501359287700027,negative
CGGACGTCACCACCAG-1-0,12,0.8095496762606325,doublet
CGGACGTGTAGATTAG-1-0,13,0.5321317227017842,negative
CGGACGTGTTCTGTTT-1-0,12,0.982929672031385,doublet
CGGACGTTCCTTGCCA-1-0,12,0.8640509744500116,doublet
CGGACTGAGGTAGCTG-1-0,12,0.978230863052472,doublet
CGGACTGAGTACCGGA-1-0,13,0.4358243257828779,negative
CGGACTGCAAAGGAAG-1-0,12,0.9453130032233596,doublet
CGGACTGCAGCGTCCA-1-0,13,0.4064038898203085,negative
CGGACTGGTACGAAAT-1-0,13,0.6011252558043464,negative
CGGACTGGTGATGTGG-1-0,13,0.7446639553775242,negative
CGGACTGTCATGCAAC-1-0,13,0.5006056833772731,negative
CGGACTGTCCAAATGC-1-0,13,0.6616489489941983,negative
CGGAGCTAGGTGATAT-1-0,13,0.5012972604647832,negative
CGGAGCTCAACACGCC-1-0,13,0.4361904257242541,negative
CGGAGTCAGGAGCGTT-1-0,13,0.5924612195134674,negative
CGGAGTCCAACTGCTA-1-0,13,0.6538669113408767,negative
CGGAGTCCATAGTAAG-1-0,13,0.7399756522910799,negative
CGGAGTCGTGCAGTAG-1-0,13,0.7523835470304154,negative
CGGAGTCGTTCCGTCT-1-0,13,0.5984980959208451,negative
CGGAGTCTCCAGAAGG-1-0,13,0.5511807106390195,negative
CGGAGTCTCGTGTAGT-1-0,10,0.9961788908865972,singlet
CGGCTAGAGTACGATA-1-0,13,0.5833647787754426,negative
CGGCTAGAGTGGCACA-1-0,13,0.7491890269092112,negative
CGGCTAGTCACTTCAT-1-0,13,0.584319130133255,negative
CGGCTAGTCAGAGCTT-1-0,12,0.8374102568396464,doublet
CGGGTCAGTGCTCTTC-1-0,12,0.952689522706818,doublet
CGGTTAAGTAGTACCT-1-0,13,0.5352764259328535,negative
CGGTTAAGTCTCAACA-1-0,13,0.3379443070172558,negative
CGGTTAATCCTAGAAC-1-0,13,0.5892697525342717,negative
CGTAGCGCACGCGAAA-1-0,12,0.9560884095110858,doublet
CGTAGCGGTTATCACG-1-0,13,0.3515556834063358,negative
CGTAGCGTCAGGCAAG-1-0,13,0.740919300865149,negative
CGTAGGCAGACTTTCG-1-0,13,0.3109750778680767,negative
CGTAGGCAGTACGCGA-1-0,13,0.4152350570422026,negative
CGTAGGCGTAAGGGAA-1-0,12,0.8461252499235417,doublet
CGTAGGCGTGTTCTTT-1-0,13,0.4036340153955858,negative
CGTAGGCTCAAACGGG-1-0,12,0.8324500003351041,doublet
CGTAGGCTCAGCGATT-1-0,13,0.7411111202061392,negative
CGTCACTCAGGAATGC-1-0,13,0.7502048673920539,negative
CGTCACTTCAGCTTAG-1-0,13,0.7745067890994096,negative
CGTCACTTCTAACTTC-1-0,13,0.595565745040533,negative
CGTCAGGTCCTTGCCA-1-0,13,0.7513703376595149,negative
CGTCCATCAGTATGCT-1-0,13,0.738817621898108,negative
CGTCCATGTAGAAGGA-1-0,13,0.327240553852696,negative
CGTCCATGTGGTCCGT-1-0,13,0.5778012710344141,negative
CGTCCATGTGTTTGTG-1-0,13,0.6313797104427868,negative
CGTCCATTCCGCGGTA-1-0,13,0.7454658799258943,negative
CGTCCATTCCGGGTGT-1-0,13,0.5812488180871154,negative
CGTCCATTCGGCGGTT-1-0,13,0.7437849076267127,negative
CGTCTACAGAGGTACC-1-0,13,0.5860329127823642,negative
CGTCTACAGTACACCT-1-0,13,0.5918859188059961,negative
CGTCTACCACAACTGT-1-0,13,0.5895687231783545,negative
CGTCTACGTGGCTCCA-1-0,13,0.7465429031663113,negative
CGTCTACTCCACGAAT-1-0,13,0.5926203155090839,negative
CGTGAGCAGGCTCAGA-1-0,12,0.8001822162726367,doublet
CGTGAGCGTCACACGC-1-0,12,0.8079519318684909,doublet
CGTGTAAAGCAGCCTC-1-0,12,0.9881986572391492,doublet
CGTGTAACACTGTTAG-1-0,13,0.6677129155070753,negative
CGTGTCTGTGAGTATA-1-0,13,0.5940756503470307,negative
CGTGTCTGTTCCACGG-1-0,13,0.5838919219081915,negative
CGTTAGACAAGTACCT-1-0,13,0.7538244596516025,negative
CGTTAGATCCATGAGT-1-0,12,0.8192789479523676,doublet
CGTTCTGAGGGTTTCT-1-0,13,0.5927164257871267,negative
CGTTCTGGTTACTGAC-1-0,12,0.9480788916407892,doublet
CGTTCTGTCTCGTATT-1-0,13,0.7284575679891637,negative
CGTTGGGCAAGCCATT-1-0,13,0.5758738033180445,negative
CGTTGGGCAGTACACT-1-0,12,0.8179832365338684,doublet
CGTTGGGCATGCTGGC-1-0,12,0.8913573442815134,doublet
CGTTGGGGTGACTACT-1-0,13,0.7465669364275854,negative
CTAACTTAGCCCTAAT-1-0,13,0.7421993763322694,negative
CTAACTTCACCGAAAG-1-0,13,0.657330888341949,negative
CTAAGACGTTTAGCTG-1-0,12,0.8098111968276562,doublet
CTAAGACTCACCGTAA-1-0,13,0.4462459674114686,negative
CTAAGACTCATTCACT-1-0,12,0.9952640421666236,doublet
CTAAGACTCTGCGTAA-1-0,12,0.92463452285856,doublet
CTAATGGAGCCAGGAT-1-0,13,0.6931012984292049,negative
CTAATGGAGTCAAGCG-1-0,13,0.7071085266627768,negative
CTAATGGGTGGTACAG-1-0,13,0.5877648313908855,negative
CTAATGGGTGTTGGGA-1-0,13,0.585925039309186,negative
CTACACCAGAAAGTGG-1-0,12,0.9919976080875726,doublet
CTACACCAGCTGTCTA-1-0,13,0.7760282296324853,negative
CTACACCAGTCAATAG-1-0,12,0.976833604515976,doublet
CTACACCCACATCTTT-1-0,12,0.8128608819643957,doublet
CTACACCCACGTCAGC-1-0,12,0.8850228855102521,doublet
CTACATTAGCCACCTG-1-0,13,0.7587902446323355,negative
CTACATTCAGACGCTC-1-0,13,0.5814141914113455,negative
CTACATTGTACGAAAT-1-0,13,0.5960083142742879,negative
CTACATTGTCTAGGTT-1-0,13,0.7287778415317803,negative
CTACGTCAGTCAAGCG-1-0,13,0.7507868044063243,negative
CTACGTCTCGCATGAT-1-0,13,0.5918053534703949,negative
CTAGAGTAGCCATCGC-1-0,13,0.7472354562654027,negative
CTAGAGTAGTTACGGG-1-0,12,0.9414562006839436,doublet
CTAGAGTGTCTTGCGG-1-0,3,0.8159105672797717,singlet
CTAGAGTTCATTCACT-1-0,13,0.75346384881096,negative
CTAGCCTAGATATGCA-1-0,13,0.3814671943513952,negative
CTAGCCTCAAGGGTCA-1-0,13,0.3945804024802412,negative
CTAGCCTCAGAAGCAC-1-0,13,0.7490138498404543,negative
CTAGCCTCATTCTCAT-1-0,13,0.4367333368824369,negative
CTAGTGAGTATTAGCC-1-0,13,0.728965076649232,negative
CTAGTGAGTTCACGGC-1-0,13,0.5685385945796365,negative
CTCACACAGCGTAATA-1-0,13,0.5844336877990454,negative
CTCACACCAATCCAAC-1-0,12,0.9788788708669492,doublet
CTCAGAACACTAAGTC-1-0,13,0.3773114172230625,negative
CTCAGAACATGCCTAA-1-0,12,0.8260558254782034,doublet
CTCATTAAGAATAGGG-1-0,13,0.5139131079902882,negative
CTCATTAAGCGTTTAC-1-0,13,0.7231988727172465,negative
CTCATTACAGCGTCCA-1-0,13,0.6857930734524124,negative
CTCATTAGTGTGGTTT-1-0,13,0.6863310643316908,negative
CTCCTAGAGCTAAGAT-1-0,13,0.7564700583198835,negative
CTCCTAGCAGTACACT-1-0,13,0.5030455553640019,negative
CTCCTAGGTTGGTGGA-1-0,13,0.5663173103458217,negative
CTCGAAAAGTCAAGGC-1-0,13,0.6451453706456093,negative
CTCGAAACACGAGGTA-1-0,13,0.5796893094179846,negative
CTCGAAAGTCAGAAGC-1-0,12,0.8243943118512522,doublet
CTCGAAATCGTGGGAA-1-0,13,0.7419426920250435,negative
CTCGAGGAGCGTCAAG-1-0,13,0.5118061217974424,negative
CTCGAGGCATACGCCG-1-0,13,0.5849439388032679,negative
CTCGAGGTCCTCCTAG-1-0,13,0.6004161269293503,negative
CTCGGAGAGCGATGAC-1-0,13,0.588716265922943,negative
CTCGGAGAGCTGTTCA-1-0,13,0.7420065445670913,negative
CTCGGAGAGGCACATG-1-0,12,0.8241477210831204,doublet
CTCGGAGAGTAGTGCG-1-0,12,0.837708618659919,doublet
CTCGGAGAGTTCGCGC-1-0,13,0.5111698733573548,negative
CTCGGAGCAATGAAAC-1-0,13,0.5961771375628957,negative
CTCGGAGGTAATCACC-1-0,12,0.991637499040622,doublet
CTCGGAGGTCAACATC-1-0,12,0.8309036645156261,doublet
CTCGGAGGTGAGGGTT-1-0,13,0.7595696428409339,negative
CTCGGAGGTTCGTGAT-1-0,13,0.4750557805310764,negative
CTCGGAGTCCCTCAGT-1-0,13,0.589309057700998,negative
CTCGGAGTCGCAGGCT-1-0,13,0.5852599729299603,negative
CTCGGGAAGTACCGGA-1-0,13,0.5714662018862636,negative
CTCGGGAAGTTAGGTA-1-0,12,0.9841409990479204,doublet
CTCGGGATCAGGTTCA-1-0,12,0.827956041953185,doublet
CTCGGGATCATTTGGG-1-0,12,0.8224071473705024,doublet
CTCGTACGTCAGTGGA-1-0,12,0.9850128451310332,doublet
CTCGTACGTCGACTAT-1-0,13,0.4970874355832084,negative
CTCGTACTCCCTAATT-1-0,13,0.7498693850291983,negative
CTCGTCAAGCGATCCC-1-0,13,0.5624595957468023,negative
CTCGTCAAGTGCTGCC-1-0,13,0.7454701859313145,negative
CTCGTCACAATAACGA-1-0,12,0.9444294776815384,doublet
CTCGTCAGTCTAGTGT-1-0,13,0.584063044481251,negative
CTCGTCATCGGCCGAT-1-0,13,0.5876443459571246,negative
CTCTAATAGACTGGGT-1-0,13,0.7473047279269742,negative
CTCTAATGTACATCCA-1-0,13,0.5844465906373371,negative
CTCTAATTCGCTTGTC-1-0,13,0.5832822652279566,negative
CTCTACGAGGGTCTCC-1-0,13,0.5858235695013487,negative
CTCTACGAGTAATCCC-1-0,13,0.5948823733466998,negative
CTCTACGCACGGCGTT-1-0,13,0.3733665064973637,negative
CTCTACGGTATTCGTG-1-0,13,0.5320613185585116,negative
CTCTACGGTCGGCATC-1-0,13,0.6761183483225772,negative
CTCTACGGTCTGGTCG-1-0,12,0.9796810847527868,doublet
CTCTACGTCCAGATCA-1-0,13,0.7447219485337926,negative
CTCTGGTGTAAGGATT-1-0,13,0.5826364003300939,negative
CTCTGGTGTAGAGCTG-1-0,12,0.9736003323254238,doublet
CTCTGGTGTTGAACTC-1-0,12,0.8947873311967564,doublet
CTGAAACTCCAAACAC-1-0,12,0.8242642303489076,doublet
CTGAAGTAGCCCAATT-1-0,13,0.5780282578519573,negative
CTGAAGTCAGTCTTCC-1-0,13,0.5956428368124106,negative
CTGAAGTCATGCCTTC-1-0,13,0.7431079311743464,negative
CTGAAGTTCATCGCTC-1-0,12,0.8903138757992585,doublet
CTGAAGTTCCTTTCGG-1-0,12,0.9556196130801926,doublet
CTGATAGAGATATACG-1-0,13,0.5628604232574517,negative
CTGATAGCAGACAAAT-1-0,13,0.7982579492735955,negative
CTGATAGCAGTTAACC-1-0,12,0.911394218634878,doublet
CTGATAGGTCTGCGGT-1-0,13,0.5889770927560594,negative
CTGATAGTCTGCAAGT-1-0,13,0.7531994489137166,negative
CTGATCCCAGTTCCCT-1-0,13,0.3873440729431045,negative
CTGATCCTCCCAAGAT-1-0,13,0.5968695436600441,negative
CTGCCTACAGGTGCCT-1-0,13,0.7445918078804978,negative
CTGCCTATCTCATTCA-1-0,13,0.4255226488939413,negative
CTGCCTATCTGCTTGC-1-0,13,0.7507843315734252,negative
CTGCGGAAGATGGCGT-1-0,13,0.5682332038483148,negative
CTGCGGAAGTGACTCT-1-0,13,0.7505768215210865,negative
CTGCGGACATCTGGTA-1-0,13,0.7477111771014968,negative
CTGCGGAGTATTAGCC-1-0,12,0.994464895984921,doublet
CTGCGGATCTTGTACT-1-0,13,0.7695922055523916,negative
CTGCTGTAGGTAGCCA-1-0,13,0.7545325713380777,negative
CTGCTGTCATTGGGCC-1-0,13,0.6720250874705325,negative
CTGCTGTTCTAACCGA-1-0,13,0.7591203279004751,negative
CTGCTGTTCTTGTATC-1-0,13,0.7274060115741103,negative
CTGGTCTAGGCCATAG-1-0,13,0.7477606290029788,negative
CTGGTCTCAATGTTGC-1-0,12,0.9870102048419448,doublet
CTGGTCTCAGATGGCA-1-0,13,0.5366049851251105,negative
CTGGTCTCAGGAATGC-1-0,13,0.5893837950746099,negative
CTGTGCTCAAGTAGTA-1-0,12,0.9812652606575716,doublet
CTGTGCTGTCATGCCG-1-0,13,0.7511734999511906,negative
CTGTGCTGTGCACCAC-1-0,13,0.5566277424631274,negative
CTGTGCTTCATCGCTC-1-0,12,0.8305672564582519,doublet
CTGTTTAAGCCAGAAC-1-0,12,0.933621575600838,doublet
CTGTTTACACCCTATC-1-0,13,0.7468279555620251,negative
CTGTTTACAGAGCCAA-1-0,13,0.7530367033019635,negative
CTGTTTAGTGCACCAC-1-0,13,0.5872653954258549,negative
CTGTTTAGTGCGAAAC-1-0,13,0.587495059954158,negative
CTGTTTATCTCGATGA-1-0,13,0.460075822629957,negative
CTTAACTCACAGGAGT-1-0,13,0.7530510724551961,negative
CTTAACTTCGGTTAAC-1-0,13,0.5525221151868569,negative
CTTACCGAGTACGCGA-1-0,13,0.5822263164902454,negative
CTTACCGCAAAGCAAT-1-0,13,0.396886379819758,negative
CTTACCGGTTCCAACA-1-0,13,0.7361795464176314,negative
CTTAGGAGTACCGCTG-1-0,13,0.6817837621102844,negative
CTTAGGAGTATATCCG-1-0,13,0.7368425879970867,negative
CTTAGGATCGGCTACG-1-0,13,0.739635806826892,negative
CTTCTCTGTACAAGTA-1-0,12,0.9802569090556972,doublet
CTTCTCTGTCGAAAGC-1-0,13,0.5108497215201644,negative
CTTCTCTTCAGCACAT-1-0,12,0.9814434692500597,doublet
CTTGGCTCACCAACCG-1-0,13,0.7320845831587321,negative
CTTTGCGCAGATAATG-1-0,13,0.7324354681657621,negative
CTTTGCGGTGTGAATA-1-0,13,0.5935463217979664,negative
CTTTGCGGTTGCGTTA-1-0,13,0.6946698553722003,negative
GAAACTCAGAGCAATT-1-0,13,0.7472223884980804,negative
GAAACTCAGCTGAACG-1-0,13,0.5541305090789963,negative
GAAACTCAGGCGACAT-1-0,13,0.6617763634319874,negative
GAAACTCGTACGAAAT-1-0,13,0.5894937042299607,negative
GAAATGAAGGCAGTCA-1-0,13,0.7474366001191665,negative
GAAATGAAGTCATCCA-1-0,13,0.7437105981421166,negative
GAAATGACAGCTGTTA-1-0,13,0.5912416268946844,negative
GAAATGAGTGTAAGTA-1-0,12,0.8266784837769805,doublet
GAACATCCACGTAAGG-1-0,13,0.6084702710596824,negative
GAACATCGTACACCGC-1-0,13,0.7556419220652495,negative
GAACATCGTACCGCTG-1-0,13,0.5926662221678448,negative
GAACATCGTTAGATGA-1-0,13,0.7686751323238084,negative
GAACCTACACACAGAG-1-0,13,0.5987762518156974,negative
GAACCTACAGTAACGG-1-0,12,0.8344147867588219,doublet
GAACGGAAGCCCGAAA-1-0,13,0.7365081558136741,negative
GAACGGACATGACGGA-1-0,13,0.7254872478431459,negative
GAACGGAGTTACGCGC-1-0,13,0.7144480262104627,negative
GAAGCAGAGTTAAGTG-1-0,13,0.575873112825166,negative
GAAGCAGCAGTGAGTG-1-0,13,0.7265243607277643,negative
GAAGCAGGTAAATGTG-1-0,12,0.8214062090152869,doublet
GAAGCAGTCACGACTA-1-0,12,0.9778115698359716,doublet
GAAGCAGTCAGATAAG-1-0,13,0.5963701233067095,negative
GAATAAGAGTGGAGAA-1-0,13,0.585062105406349,negative
GAATAAGCAAGCTGTT-1-0,12,0.9771126713270388,doublet
GAATAAGGTCGTCTTC-1-0,13,0.4553359122309124,negative
GAATAAGGTTTCGCTC-1-0,13,0.595000729969039,negative
GAATAAGTCCGCGTTT-1-0,13,0.4443628762975244,negative
GAATGAAAGACGCTTT-1-0,13,0.5922438779727517,negative
GAATGAAGTCTAAACC-1-0,12,0.8792522965578325,doublet
GAATGAATCGCGCCAA-1-0,13,0.4931137309440038,negative
GACACGCAGAGTTGGC-1-0,12,0.8148280325889027,doublet
GACACGCAGTGGACGT-1-0,12,0.824964027413746,doublet
GACACGCCACCATGTA-1-0,13,0.7530155454550173,negative
GACACGCTCTCAAGTG-1-0,13,0.782257560427613,negative
GACAGAGAGAGGTTAT-1-0,13,0.3856802563947613,negative
GACAGAGAGGGTATCG-1-0,13,0.6775511222980088,negative
GACAGAGCACTGCCAG-1-0,13,0.5030600627729549,negative
GACAGAGCATCAGTCA-1-0,12,0.8221568987656339,doublet
GACAGAGCATGAACCT-1-0,13,0.5861868049942557,negative
GACAGAGGTACTCTCC-1-0,12,0.9619294930717076,doublet
GACCAATAGGTCATCT-1-0,13,0.7391873441717673,negative
GACCAATGTGATGTCT-1-0,13,0.5158442794800326,negative
GACCAATTCATGCAAC-1-0,12,0.8317464709628339,doublet
GACCAATTCGGTTAAC-1-0,12,0.821787661600129,doublet
GACCTGGAGCCTATGT-1-0,13,0.5877148425511852,negative
GACCTGGAGGAGTACC-1-0,13,0.3792919972466604,negative
GACCTGGAGTGACTCT-1-0,13,0.5381303203216456,negative
GACCTGGCAGGCGATA-1-0,12,0.9733940640570572,doublet
GACGCGTAGCCACGTC-1-0,13,0.7726060176801974,negative
GACGCGTAGCGGCTTC-1-0,13,0.4475666609879057,negative
GACGCGTTCAGGTAAA-1-0,13,0.7447780627985114,negative
GACGCGTTCTTCATGT-1-0,13,0.5613472304015722,negative
GACGGCTAGCCAGGAT-1-0,13,0.7482640984794083,negative
GACGGCTAGCTGCCCA-1-0,12,0.8808061389596399,doublet
GACGGCTAGGTGCTTT-1-0,13,0.7924137825004374,negative
GACGGCTCATCCGCGA-1-0,13,0.3973266489197515,negative
GACGTGCTCGACGGAA-1-0,13,0.3388249733274696,negative
GACGTTAAGTTTCCTT-1-0,13,0.7225095738727192,negative
GACGTTACACCCTATC-1-0,13,0.5669399390426249,negative
GACGTTACACGTCTCT-1-0,13,0.5649372742525415,negative
GACGTTACAGGGTACA-1-0,13,0.5916318525662915,negative
GACGTTAGTGGAAAGA-1-0,13,0.6887239513122366,negative
GACGTTATCCGCGTTT-1-0,12,0.9765386443897964,doublet
GACTAACAGCCTATGT-1-0,13,0.7009917453802419,negative
GACTAACCATTAGCCA-1-0,13,0.7534097692549573,negative
GACTAACTCAACCAAC-1-0,12,0.9771884235651588,doublet
GACTACAAGGCTAGGT-1-0,12,0.8173736332480978,doublet
GACTACAGTTAGAACA-1-0,13,0.5797340307696458,negative
GACTACATCCCATTTA-1-0,13,0.7471138660343254,negative
GACTGCGAGAATTGTG-1-0,13,0.6504470874181927,negative
GACTGCGTCGCCTGAG-1-0,13,0.7622235650417077,negative
GACTGCGTCTCTTGAT-1-0,13,0.7373531117445289,negative
GAGCAGAAGAATGTTG-1-0,13,0.6453832521086763,negative
GAGCAGACAGTCAGCC-1-0,12,0.9740711918553272,doublet
GAGCAGATCAGCTCTC-1-0,13,0.595765167603691,negative
GAGGTGAAGTACGCCC-1-0,13,0.7557737950720473,negative
GAGGTGAAGTGAACAT-1-0,13,0.748162807290646,negative
GAGGTGATCCTTGCCA-1-0,12,0.835097728775085,doublet
GAGTCCGAGTACCGGA-1-0,13,0.7547565626855571,negative
GAGTCCGGTCGCGAAA-1-0,12,0.9817791964101688,doublet
GAGTCCGTCAGCTCGG-1-0,13,0.5895161353052248,negative
GATCAGTAGCGAAGGG-1-0,13,0.5910710914859418,negative
GATCAGTAGCTGAACG-1-0,12,0.8323281744199347,doublet
GATCAGTAGTCCATAC-1-0,13,0.757906926087177,negative
GATCAGTCACATAACC-1-0,12,0.9703846310367544,doublet
GATCAGTTCTGATTCT-1-0,13,0.7986141579202978,negative
GATCAGTTCTTCTGGC-1-0,13,0.5761430793157105,negative
GATCGATAGACTGTAA-1-0,13,0.5690570818447676,negative
GATCGATAGAGGTTAT-1-0,13,0.5963997033948157,negative
GATCGATAGCGCCTTG-1-0,12,0.8341248067715551,doublet
GATCGATAGGATCGCA-1-0,12,0.8111802320022495,doublet
GATCGATCAGTCACTA-1-0,12,0.8164722404478394,doublet
GATCGATCATGCCCGA-1-0,12,0.9808023393491592,doublet
GATCGATGTTCACGGC-1-0,13,0.7664903622431778,negative
GATCGATTCAGGTTCA-1-0,12,0.8189635544579941,doublet
GATCGATTCTCCCTGA-1-0,12,0.8189266120387109,doublet
GATCGATTCTCGCATC-1-0,13,0.7539292880605187,negative
GATCGCGAGACTGGGT-1-0,13,0.7440666747398016,negative
GATCGCGAGGCGATAC-1-0,13,0.7376538580256491,negative
GATCGTAAGAGCTTCT-1-0,13,0.5988645426944418,negative
GATCGTAAGTACGCCC-1-0,13,0.7273508037450814,negative
GATCGTAAGTGCCATT-1-0,13,0.5621438489676295,negative
GATCGTACAAGCCCAC-1-0,13,0.6337137712706027,negative
GATCGTACACGGCCAT-1-0,12,0.8925981305569032,doublet
GATCGTAGTCGTGGCT-1-0,13,0.6202956926569464,negative
GATCGTAGTTGATTCG-1-0,13,0.5116354030597683,negative
GATCGTAGTTGGAGGT-1-0,13,0.7087643085755598,negative
GATCGTAGTTGTCTTT-1-0,13,0.5932126617266422,negative
GATCGTATCAGTTCGA-1-0,13,0.7489931599329984,negative
GATCGTATCCAGAGGA-1-0,13,0.4640016024778318,negative
GATCGTATCGGAAACG-1-0,12,0.990043315412239,doublet
GATCGTATCTCGCTTG-1-0,13,0.5870090604820368,negative
GATCGTATCTGTTGAG-1-0,13,0.7536329707813982,negative
GATCTAGTCTACGAGT-1-0,12,0.830183895520904,doublet
GATGAAAGTCCGACGT-1-0,13,0.5457875390179316,negative
GATGAGGGTAGGGACT-1-0,13,0.7252424369721058,negative
GATGAGGGTGTGAATA-1-0,13,0.7181569072444565,negative
GATGAGGGTTATGTGC-1-0,13,0.5313551484611816,negative
GATGCTAGTCTAGCCG-1-0,13,0.7402343540581161,negative
GATTCAGCAGTCTTCC-1-0,13,0.5684042662560416,negative
GATTCAGGTCGATTGT-1-0,12,0.8190390979078874,doublet
GATTCAGGTTGTCGCG-1-0,13,0.5755085267547847,negative
GATTCAGTCTGTGCAA-1-0,13,0.7530212934440207,negative
GCAAACTCAGTCGTGC-1-0,12,0.8115991961004663,doublet
GCAAACTCATCGGAAG-1-0,13,0.7960236166373276,negative
GCAAACTGTTCAGGCC-1-0,13,0.7447776564367545,negative
GCAATCACAAGGACAC-1-0,13,0.6703539802664914,negative
GCAATCACAGCTATTG-1-0,13,0.7529684468596686,negative
GCAATCAGTTCTGTTT-1-0,13,0.7567361611989019,negative
GCAATCATCGGTGTTA-1-0,12,0.8287332801231538,doublet
GCACATAAGAAGGCCT-1-0,13,0.5807310971739273,negative
GCACATAAGCCGTCGT-1-0,12,0.9797909581750446,doublet
GCACTCTAGTGATCGG-1-0,13,0.5597874757530265,negative
GCACTCTCACGCCAGT-1-0,12,0.99614467842533,doublet
GCACTCTCACTGTCGG-1-0,13,0.7332753234923524,negative
GCACTCTGTGCATCTA-1-0,12,0.8370580070117285,doublet
GCACTCTGTGCCTGGT-1-0,13,0.7762657834752471,negative
GCAGCCATCGACCAGC-1-0,12,0.8210419508768668,doublet
GCAGTTACAAGTAATG-1-0,13,0.7485959292922626,negative
GCAGTTATCAGGCAAG-1-0,13,0.7318522469593718,negative
GCAGTTATCCTTTCGG-1-0,12,0.9855101384427912,doublet
GCAGTTATCTGCGTAA-1-0,13,0.7464399540123674,negative
GCAGTTATCTGCTTGC-1-0,13,0.3971182299265167,negative
GCATACACAAGTAATG-1-0,13,0.787238212354461,negative
GCATACACAATGGATA-1-0,13,0.7369903212262937,negative
GCATACACAGCCTTTC-1-0,13,0.4430635912748709,negative
GCATGCGAGAGCCCAA-1-0,13,0.5911383607605571,negative
GCATGCGCAAACTGCT-1-0,13,0.649366828540488,negative
GCATGCGCAAGCCATT-1-0,12,0.9846142763770768,doublet
GCATGCGCAGATCCAT-1-0,13,0.7380919807826859,negative
GCATGCGGTAGCCTAT-1-0,12,0.9952823501413628,doublet
GCATGCGGTGAGGGAG-1-0,13,0.5903971807894479,negative
GCATGTAAGTACTTGC-1-0,13,0.7563501149103536,negative
GCATGTACATCCTAGA-1-0,13,0.3930895765332992,negative
GCCAAATGTGTGACCC-1-0,13,0.70349312925544,negative
GCCTCTAAGGTAAACT-1-0,13,0.7353468702444772,negative
GCCTCTACACCTATCC-1-0,13,0.7390328577733639,negative
GCCTCTACACGTCTCT-1-0,13,0.7492037769623084,negative
GCCTCTAGTGCTTCTC-1-0,13,0.7035218263990172,negative
GCCTCTATCACAAACC-1-0,13,0.5354201115652151,negative
GCCTCTATCGCGTTTC-1-0,13,0.3399301595700462,negative
GCGACCAAGCTGCGAA-1-0,13,0.669794788296251,negative
GCGACCATCTGCTGTC-1-0,13,0.7005755611580545,negative
GCGAGAACACCCATTC-1-0,13,0.5846125939867647,negative
GCGAGAATCAACACCA-1-0,13,0.7093266915137704,negative
GCGAGAATCCTCAATT-1-0,13,0.7284574778653791,negative
GCGCAACTCGGAAATA-1-0,13,0.7503985852818975,negative
GCGCAGTAGCTGTCTA-1-0,13,0.5889852470145002,negative
GCGCAGTAGGCTAGAC-1-0,13,0.7475206057958101,negative
GCGCAGTCAAGTTAAG-1-0,12,0.9862965743908002,doublet
GCGCAGTGTGTTGAGG-1-0,13,0.4734840873016055,negative
GCGCAGTTCAAACCAC-1-0,13,0.3687513706291405,negative
GCGCAGTTCAAACCGT-1-0,13,0.7448912196631873,negative
GCGCCAAAGAGTAATC-1-0,13,0.7509513465801658,negative
GCGCCAACAGACAAAT-1-0,13,0.6706990796423364,negative
GCGCCAACAGACGCTC-1-0,13,0.5766109932179895,negative
GCGCGATGTCTAGGTT-1-0,12,0.8891883398104206,doublet
GCGCGATTCAATACCG-1-0,13,0.4457349344305354,negative
GCGCGATTCACAATGC-1-0,13,0.4943350009199329,negative
GCGCGATTCCCGACTT-1-0,13,0.7395130848132971,negative
GCGCGATTCTAACTGG-1-0,13,0.5932620560679298,negative
GCGGGTTGTATAGGTA-1-0,13,0.5879290105292903,negative
GCGGGTTGTGCAGGTA-1-0,13,0.5690086837827557,negative
GCTCTGTGTTCGTTGA-1-0,13,0.7447054334654011,negative
GCTGCAGAGGGTATCG-1-0,13,0.7372489663077691,negative
GCTGCAGAGTAGCGGT-1-0,12,0.8334400796621506,doublet
GCTGCAGCAAGGTTTC-1-0,13,0.5875197991766964,negative
GCTGCAGGTAGGACAC-1-0,13,0.5564034816575716,negative
GCTGCAGTCGGCTTGG-1-0,13,0.5833241677327097,negative
GCTGCGAGTGCCTGCA-1-0,12,0.8077010216155451,doublet
GCTGCTTAGAAACGCC-1-0,13,0.7588787499937698,negative
GCTGCTTAGTCCTCCT-1-0,13,0.6829397952820034,negative
GCTGCTTCAGCTGGCT-1-0,13,0.5934662327230851,negative
GCTGCTTCATGGTTGT-1-0,13,0.7560264322320933,negative
GCTGCTTGTAGTGAAT-1-0,12,0.8280875437080676,doublet
GCTGCTTGTGTTAAGA-1-0,13,0.5961135613475543,negative
GCTGCTTTCTCATTCA-1-0,13,0.5895497120389018,negative
GCTGCTTTCTGATACG-1-0,13,0.4420922793311274,negative
GCTGGGTAGATGGCGT-1-0,13,0.5915953884788455,negative
GCTGGGTCACGGACAA-1-0,13,0.4788291318138095,negative
GCTGGGTCATCAGTCA-1-0,12,0.9752727590571656,doublet
GCTGGGTCATTGCGGC-1-0,13,0.5638398389802382,negative
GCTGGGTGTCAAAGAT-1-0,12,0.949974962330699,doublet
GCTGGGTTCCGAATGT-1-0,13,0.5743407467640524,negative
GCTTCCATCAATACCG-1-0,13,0.5933720582427158,negative
GCTTCCATCTGGAGCC-1-0,13,0.5890652293375302,negative
GCTTGAAAGCGATAGC-1-0,13,0.5848934468740128,negative
GCTTGAACACGCCAGT-1-0,13,0.746704063141871,negative
GCTTGAAGTCTAACGT-1-0,12,0.9561064680405992,doublet
GCTTGAAGTTGTGGAG-1-0,13,0.5859720350527745,negative
GGAAAGCAGATGTTAG-1-0,12,0.8048488597023891,doublet
GGAAAGCAGGAGTTGC-1-0,13,0.5683208191765843,negative
GGAAAGCCATAGGATA-1-0,13,0.7431551201726175,negative
GGAAAGCTCACGAAGG-1-0,12,0.9694246986848868,doublet
GGAAAGCTCCGCGTTT-1-0,12,0.8238069325440316,doublet
GGAAAGCTCGAATGGG-1-0,13,0.7179287779003283,negative
GGAACTTAGACTACAA-1-0,13,0.5811524871435699,negative
GGAACTTAGCCCAATT-1-0,13,0.714487368066609,negative
GGAACTTGTCAAACTC-1-0,13,0.7397420093636246,negative
GGAACTTTCCACGTTC-1-0,13,0.7556290822472411,negative
GGAACTTTCCCATTAT-1-0,13,0.5852505475569213,negative
GGAATAATCAAACCAC-1-0,13,0.5746744937835315,negative
GGACAAGAGGCAATTA-1-0,13,0.3096400458738597,negative
GGACAAGCATGGATGG-1-0,13,0.7534347227357021,negative
GGACAAGGTCAGATAA-1-0,13,0.6795308104404908,negative
GGACAGAAGTCAAGGC-1-0,13,0.749679409945222,negative
GGACAGAGTACCGCTG-1-0,13,0.5804953534315334,negative
GGACATTAGCGAAGGG-1-0,13,0.7474872523609079,negative
GGACATTAGTCGATAA-1-0,13,0.5741618006501346,negative
GGACATTCACTCGACG-1-0,13,0.6614225321251787,negative
GGACATTCAGTATCTG-1-0,13,0.7471106416417802,negative
GGACATTCATCCGTGG-1-0,13,0.5938745565327516,negative
GGACATTGTGTGCGTC-1-0,12,0.8312342871295224,doublet
GGACATTTCAGCGATT-1-0,13,0.7507246729933824,negative
GGACGTCAGTAGATGT-1-0,13,0.7376352781688335,negative
GGACGTCGTCATGCAT-1-0,13,0.6968242989413105,negative
GGAGCAACAGCCTTTC-1-0,12,0.9714492605278744,doublet
GGAGCAACATCGGGTC-1-0,13,0.5917462105671267,negative
GGAGCAATCAGCTCGG-1-0,13,0.7460620108867911,negative
GGATGTTAGAGCTGCA-1-0,13,0.5895133042713285,negative
GGATGTTCAATCTACG-1-0,13,0.5528354963861712,negative
GGATGTTCACAGATTC-1-0,13,0.7400850111392774,negative
GGATGTTCATCACGTA-1-0,13,0.7475965323331817,negative
GGATGTTGTCGTTGTA-1-0,13,0.779267454969116,negative
GGATTACCAACTGGCC-1-0,13,0.7126266493575029,negative
GGATTACTCAACACCA-1-0,13,0.5953187376763095,negative
GGCAATTGTGTGGTTT-1-0,13,0.7090100248003239,negative
GGCCGATCACCAGTTA-1-0,13,0.3238554509687719,negative
GGCCGATCATCGGACC-1-0,13,0.4416991027734373,negative
GGCCGATGTCTCCCTA-1-0,13,0.6880182352791477,negative
GGCCGATGTGCCTGCA-1-0,13,0.7954996126461954,negative
GGCCGATGTTCCAACA-1-0,13,0.5691048311911184,negative
GGCCGATTCCAAAGTC-1-0,13,0.5959434458637006,negative
GGCCGATTCCTCATTA-1-0,13,0.5861484640228428,negative
GGCGACTAGCAGGTCA-1-0,13,0.7096642364981532,negative
GGCGACTAGGTCATCT-1-0,13,0.7357780178853749,negative
GGCGACTCACGCCAGT-1-0,13,0.7467301000472876,negative
GGCGACTGTGGTAACG-1-0,13,0.5606396909429958,negative
GGCGTGTAGATATACG-1-0,13,0.5943427537193822,negative
GGCGTGTAGTGCCAGA-1-0,2,0.9505594022447504,singlet
GGCGTGTGTCTCTTTA-1-0,13,0.7360932482044701,negative
GGCTCGAAGACAGGCT-1-0,13,0.7269353253086567,negative
GGCTCGAAGGACTGGT-1-0,13,0.5955179309125095,negative
GGCTCGACAAAGAATC-1-0,13,0.556541447503368,negative
GGCTCGACATTCTTAC-1-0,13,0.4822959415765052,negative
GGCTGGTAGCCAGAAC-1-0,12,0.8034837030930441,doublet
GGCTGGTCATTTGCTT-1-0,13,0.5703667590925956,negative
GGCTGGTGTGGCCCTA-1-0,12,0.8282403484147681,doublet
GGGAATGCAATAGAGT-1-0,13,0.5869700213785322,negative
GGGAATGCAGGGCATA-1-0,13,0.4375521847124812,negative
GGGAATGCATGGGAAC-1-0,13,0.7300858057501707,negative
GGGAATGGTACAGTTC-1-0,13,0.6008964487703725,negative
GGGAATGGTCGCATAT-1-0,12,0.9270581095904662,doublet
GGGAATGGTTAGGGTG-1-0,12,0.8038061166413618,doublet
GGGAATGTCCCGACTT-1-0,13,0.6732717051920508,negative
GGGAATGTCTCTGAGA-1-0,13,0.7326193062291737,negative
GGGACCTAGACTCGGA-1-0,13,0.7521398459088194,negative
GGGACCTAGCGCTTAT-1-0,12,0.8946671273664821,doublet
GGGACCTCATCACGTA-1-0,13,0.7136379150319343,negative
GGGACCTTCGAATGCT-1-0,12,0.8496158376529019,doublet
GGGACCTTCTGCTGTC-1-0,13,0.7400516824654333,negative
GGGAGATAGGGCTTCC-1-0,12,0.9924129436307092,doublet
GGGAGATGTACAAGTA-1-0,13,0.5096554069329501,negative
GGGAGATGTACGCTGC-1-0,12,0.987086495316676,doublet
GGGATGAAGCAAATCA-1-0,13,0.5906374469418059,negative
GGGATGACAGGGATTG-1-0,13,0.5536564471909932,negative
GGGATGATCAGGATCT-1-0,13,0.7987765654736471,negative
GGGATGATCGAATGCT-1-0,13,0.5924364200200509,negative
GGGCACTCAGCTTAAC-1-0,13,0.6962141970636821,negative
GGGCACTCATACCATG-1-0,13,0.4704211686468279,negative
GGGCACTCATAGACTC-1-0,13,0.5882432783164071,negative
GGGCACTGTCGAACAG-1-0,12,0.8205432789229982,doublet
GGGCACTGTTCCAACA-1-0,12,0.8275336315085094,doublet
GGGCATCAGACTAGAT-1-0,13,0.5908229521359485,negative
GGGCATCAGACTCGGA-1-0,13,0.5048059077644271,negative
GGGCATCAGTATCGAA-1-0,12,0.8111356933202086,doublet
GGGCATCTCGAACGGA-1-0,13,0.5877154500888042,negative
GGGTCTGAGTACGATA-1-0,12,0.9572754163972316,doublet
GGGTCTGCAATTCCTT-1-0,13,0.7161811216325372,negative
GGGTCTGCAGATGAGC-1-0,13,0.5940760651250266,negative
GGGTCTGGTAACGACG-1-0,13,0.7499758503155425,negative
GGGTCTGGTTACCGAT-1-0,13,0.4802912894977712,negative
GGGTTGCCACGAAATA-1-0,13,0.7223296681365345,negative
GGGTTGCCAGTAACGG-1-0,13,0.5929802140091206,negative
GGGTTGCTCAAGGTAA-1-0,13,0.5953463221466244,negative
GGTATTGAGGAGTCTG-1-0,12,0.8254925060273892,doublet
GGTATTGCAACCGCCA-1-0,13,0.5815833140549509,negative
GGTATTGGTCCGAACC-1-0,13,0.7258951960616964,negative
GGTATTGTCAAAGTAG-1-0,13,0.584759233545678,negative
GGTATTGTCCTCATTA-1-0,13,0.6800538310119764,negative
GGTGAAGAGCGTGAAC-1-0,13,0.5959138718714178,negative
GGTGAAGCAAAGTCAA-1-0,13,0.7429120370110619,negative
GGTGAAGCACCATCCT-1-0,13,0.5609626462750359,negative
GGTGAAGCATTGGTAC-1-0,12,0.8119204370067672,doublet
GGTGAAGGTAAGTAGT-1-0,13,0.7507246727973922,negative
GGTGAAGGTCGACTGC-1-0,12,0.8270185553366216,doublet
GGTGAAGGTGCACTTA-1-0,12,0.8178152702225643,doublet
GGTGCGTAGAACTGTA-1-0,13,0.7595622995304213,negative
GGTGCGTAGTACGTAA-1-0,13,0.740814906492266,negative
GGTGCGTCAAGTTAAG-1-0,13,0.7473086993731404,negative
GGTGCGTGTCCGAAGA-1-0,12,0.8345602110761471,doublet
GGTGCGTGTCGGGTCT-1-0,13,0.5362817368981635,negative
GGTGCGTGTTACGACT-1-0,13,0.7464792137690162,negative
GGTGCGTTCAATCACG-1-0,13,0.7402298032201914,negative
GGTGCGTTCGTTACAG-1-0,13,0.6484408863421186,negative
GGTGCGTTCGTTTGCC-1-0,13,0.5895037012326922,negative
GGTGTTAAGGAGTAGA-1-0,13,0.674970740442372,negative
GGTGTTAAGTCAAGCG-1-0,13,0.7921761351174348,negative
GGTGTTATCCTAGTGA-1-0,12,0.9724416467249072,doublet
GGTGTTATCTCTGAGA-1-0,13,0.5964514815736826,negative
GTAACGTAGAGCTGGT-1-0,12,0.9781298786823416,doublet
GTAACGTCACGCCAGT-1-0,13,0.5887794638712087,negative
GTAACGTCAGTTAACC-1-0,13,0.7732132971360718,negative
GTAACGTCATGCGCAC-1-0,13,0.4190897667709569,negative
GTAACGTCATTGGTAC-1-0,13,0.5986539562658229,negative
GTAACGTTCGTTACGA-1-0,13,0.7531315534151987,negative
GTAACTGAGGACATTA-1-0,13,0.7705695266738395,negative
GTAACTGAGTGGTAGC-1-0,13,0.7499488647689472,negative
GTAACTGGTTGCGTTA-1-0,13,0.7510822058037088,negative
GTAACTGTCACCATAG-1-0,12,0.8283668135261135,doublet
GTACGTAAGGATGCGT-1-0,13,0.5660392541986652,negative
GTACGTACAATACGCT-1-0,13,0.5498014931528512,negative
GTACGTAGTTTGACTG-1-0,13,0.5723208128879468,negative
GTACGTATCACATAGC-1-0,13,0.7180161713408955,negative
GTACGTATCATCTGTT-1-0,13,0.6152686953921219,negative
GTACTCCGTCAAAGAT-1-0,13,0.750358915521071,negative
GTACTCCGTCAGAATA-1-0,13,0.743025824435823,negative
GTACTTTAGAAACCTA-1-0,12,0.9918687935110522,doublet
GTACTTTTCATTGCGA-1-0,13,0.5484073172283587,negative
GTACTTTTCCGTAGTA-1-0,12,0.829379344784463,doublet
GTAGGCCCATCCCATC-1-0,13,0.5932323956632143,negative
GTAGTCAAGATGTCGG-1-0,13,0.7486654577797877,negative
GTAGTCAAGGATGGAA-1-0,13,0.7561668366783937,negative
GTATCTTAGAATGTTG-1-0,13,0.5973549417416643,negative
GTATCTTAGCCCTAAT-1-0,13,0.7501251774125065,negative
GTATCTTGTCTGGTCG-1-0,13,0.2758313213266412,negative
GTATTCTCAAAGTCAA-1-0,13,0.7089036223573998,negative
GTCAAGTAGTGGAGAA-1-0,13,0.7401646838974993,negative
GTCAAGTCACTAAGTC-1-0,12,0.8326569778953847,doublet
GTCAAGTCAGACGCTC-1-0,13,0.5895014620011261,negative
GTCAAGTTCTATCGCC-1-0,12,0.957981392492956,doublet
GTCACAACAGGTCTCG-1-0,13,0.5878470539852448,negative
GTCACAACATGGGACA-1-0,13,0.3181530461757853,negative
GTCACAAGTAAACACA-1-0,12,0.9913942196738867,doublet
GTCACAAGTCGCATAT-1-0,13,0.7442203172786102,negative
GTCACAATCGTCGTTC-1-0,13,0.7461790987899006,negative
GTCACAATCTCTAGGA-1-0,13,0.7450031688207084,negative
GTCACGGAGTAGTGCG-1-0,3,0.8218536454439366,singlet
GTCATTTGTACAGTGG-1-0,13,0.5580713277592694,negative
GTCATTTGTAGCCTAT-1-0,12,0.8228589302876833,doublet
GTCATTTGTCGTTGTA-1-0,13,0.7751089710432534,negative
GTCCTCAAGACTGTAA-1-0,13,0.7098724717053329,negative
GTCCTCACAAACTGTC-1-0,12,0.8263480044646083,doublet
GTCCTCAGTAAGAGAG-1-0,12,0.9859126467235654,doublet
GTCCTCATCTTGACGA-1-0,13,0.7381316261175208,negative
GTCGGGTCAATACGCT-1-0,12,0.8251996877157228,doublet
GTCGGGTCAGGTCCAC-1-0,13,0.3907436937924887,negative
GTCGGGTGTTTGGGCC-1-0,13,0.6994024818667463,negative
GTCGTAAAGCGTTCCG-1-0,13,0.5942490758959681,negative
GTCGTAAGTCCCTTGT-1-0,13,0.5445422026332897,negative
GTCGTAAGTCCGAACC-1-0,13,0.7531946441896158,negative
GTCGTAAGTCGCATAT-1-0,13,0.7834873943789582,negative
GTCGTAAGTCTGGAGA-1-0,12,0.8276567501629429,doublet
GTCTCGTAGCAGCGTA-1-0,13,0.7593313102448135,negative
GTCTCGTAGGGAGTAA-1-0,13,0.7576457485646524,negative
GTCTCGTCAAGCCATT-1-0,13,0.758920084797729,negative
GTCTTCGAGACTAGGC-1-0,12,0.897049541076687,doublet
GTCTTCGAGTGTGAAT-1-0,13,0.7056825111675887,negative
GTCTTCGCAAGCGAGT-1-0,12,0.8312805498664576,doublet
GTCTTCGCACATCCAA-1-0,12,0.8298821345315558,doublet
GTCTTCGTCAGCATGT-1-0,13,0.7448265028220645,negative
GTCTTCGTCATCGATG-1-0,13,0.6146224297894574,negative
GTCTTCGTCCAGTAGT-1-0,12,0.9610039868467878,doublet
GTCTTCGTCCTAGGGC-1-0,13,0.7471413205618075,negative
GTGAAGGAGCTAGGCA-1-0,13,0.7292380764545369,negative
GTGAAGGAGTGAACGC-1-0,13,0.5957963738896664,negative
GTGAAGGTCCTGCCAT-1-0,12,0.8011867381930657,doublet
GTGAAGGTCTTAGAGC-1-0,13,0.7418746563088535,negative
GTGCAGCGTCCATCCT-1-0,12,0.8347177972736376,doublet
GTGCAGCGTTGACGTT-1-0,13,0.738526771354613,negative
GTGCATAAGGACAGAA-1-0,13,0.5156943689929149,negative
GTGCATAAGGAGTAGA-1-0,13,0.7425459167384119,negative
GTGCATACACATGGGA-1-0,12,0.9960014675301264,doublet
GTGCATACATACAGCT-1-0,12,0.9856198914659556,doublet
GTGCATAGTGGTACAG-1-0,12,0.8206136004318064,doublet
GTGCATAGTTAAAGTG-1-0,12,0.977303378796587,doublet
GTGCGGTAGTGTGAAT-1-0,13,0.5893107176054833,negative
GTGCGGTTCTACTATC-1-0,12,0.812336549519592,doublet
GTGCTTCTCCCAACGG-1-0,13,0.7452982486777896,negative
GTGCTTCTCTAACTTC-1-0,13,0.5752743801501446,negative
GTGGGTCAGACACGAC-1-0,13,0.7435942318114471,negative
GTGGGTCAGGACATTA-1-0,13,0.5110959260086583,negative
GTGGGTCCATTCCTGC-1-0,13,0.3051466607956828,negative
GTGTGCGAGAAACCTA-1-0,13,0.5877950215335623,negative
GTGTGCGCATTTCAGG-1-0,12,0.9922779651986156,doublet
GTGTGCGTCACGGTTA-1-0,13,0.5007710005139915,negative
GTGTTAGAGTTTAGGA-1-0,13,0.5960087169543563,negative
GTGTTAGGTTCATGGT-1-0,13,0.7398456776455591,negative
GTGTTAGGTTCGCGAC-1-0,13,0.7504652205807155,negative
GTTAAGCAGAGATGAG-1-0,13,0.7491854459273263,negative
GTTAAGCGTACAGACG-1-0,13,0.5739599031477411,negative
GTTACAGAGAAGATTC-1-0,13,0.5812368248365118,negative
GTTACAGAGGATGCGT-1-0,13,0.7100766657880757,negative
GTTACAGCACGGTAGA-1-0,13,0.7477972948577308,negative
GTTACAGCAGATCTGT-1-0,12,0.9918632912307652,doublet
GTTACAGGTCGACTAT-1-0,13,0.7595613971387344,negative
GTTCATTAGCTAACAA-1-0,13,0.5894984806661446,negative
GTTCATTGTGCTAGCC-1-0,13,0.557565741454805,negative
GTTCATTTCAGGTTCA-1-0,13,0.7487580042218185,negative
GTTCATTTCTGCGACG-1-0,13,0.7591565130153686,negative
GTTCGGGCACTCAGGC-1-0,13,0.7454247111232588,negative
GTTCGGGCACTTAACG-1-0,13,0.7395021455622848,negative
GTTCTCGAGAAACCTA-1-0,13,0.739781457975197,negative
GTTCTCGGTCTTCAAG-1-0,12,0.9740304028272232,doublet
GTTCTCGTCCGTACAA-1-0,13,0.5904642984660986,negative
TAAACCGCAGACGCAA-1-0,13,0.1989208347976715,negative
TAAACCGCAGATCTGT-1-0,13,0.7442901844278648,negative
TAAACCGCAGTTCCCT-1-0,13,0.6279233908222004,negative
TAAACCGCATTATCTC-1-0,13,0.5828463190602986,negative
TAAACCGGTCTCATCC-1-0,12,0.9733730046807038,doublet
TAAACCGTCCTATGTT-1-0,12,0.8301577770186055,doublet
TAAGAGAAGCCCAGCT-1-0,13,0.7437451601209888,negative
TAAGAGAAGGAATCGC-1-0,13,0.5895976070026474,negative
TAAGAGAGTACCGCTG-1-0,13,0.35203779698519,negative
TAAGCGTCATCCTAGA-1-0,13,0.4781157882407504,negative
TAAGCGTGTTCACGGC-1-0,13,0.7455087267463106,negative
TAAGCGTTCCATGAAC-1-0,13,0.3588332623522046,negative
TAAGTGCGTCTCTCTG-1-0,13,0.5912459724206259,negative
TAAGTGCGTGACTCAT-1-0,13,0.5244728745468648,negative
TACACGAAGACAGACC-1-0,13,0.5871062614645506,negative
TACACGAAGCGACGTA-1-0,12,0.9807065593346784,doublet
TACACGAAGGCATGGT-1-0,13,0.7476897116647719,negative
TACACGAAGTCCATAC-1-0,12,0.8121930667464455,doublet
TACACGAGTCTGGAGA-1-0,13,0.5854066134324915,negative
TACACGATCCCGGATG-1-0,13,0.5007853067041882,negative
TACAGTGAGGGAAACA-1-0,13,0.5983848850494388,negative
TACAGTGCATCCTTGC-1-0,13,0.5236751771333821,negative
TACAGTGGTTCGTCTC-1-0,12,0.8317589745258314,doublet
TACCTATAGAGACTTA-1-0,13,0.7519644615140669,negative
TACCTATTCTTCGGTC-1-0,13,0.3720634140595209,negative
TACCTTAAGAGCTATA-1-0,13,0.3387294125703272,negative
TACCTTAGTCACACGC-1-0,12,0.9080377618678236,doublet
TACCTTAGTCTTCAAG-1-0,13,0.5961747479455777,negative
TACCTTATCCAGTAGT-1-0,13,0.7362515852033803,negative
TACCTTATCCTAGTGA-1-0,13,0.7462535029689059,negative
TACGGATAGAGACTAT-1-0,13,0.6741460840262583,negative
TACGGATAGGTTCCTA-1-0,12,0.9425910810135992,doublet
TACGGATCATCGTCGG-1-0,13,0.5659739138370881,negative
TACGGATTCCTTTCGG-1-0,13,0.6460007926245941,negative
TACGGGCAGACAGGCT-1-0,12,0.985790220636608,doublet
TACGGGCAGAGTCGGT-1-0,13,0.7261216998351925,negative
TACGGGCAGCCACGCT-1-0,13,0.7322182605610499,negative
TACGGGCGTTGCTCCT-1-0,12,0.902692184412416,doublet
TACGGTACAACACCTA-1-0,13,0.6946459857804185,negative
TACGGTACAATACGCT-1-0,13,0.5614689067863344,negative
TACGGTAGTCCGAATT-1-0,13,0.6998565221629082,negative
TACGGTAGTGTTGGGA-1-0,13,0.5814463929242236,negative
TACGGTATCTAAGCCA-1-0,13,0.5103416877549061,negative
TACTCATCAGAAGCAC-1-0,13,0.7479784920827391,negative
TACTCGCGTAAACGCG-1-0,13,0.5830484951084329,negative
TACTCGCGTACTTAGC-1-0,13,0.7930258062559581,negative
TACTCGCTCGGATGGA-1-0,13,0.5938982755368712,negative
TACTCGCTCTAACTGG-1-0,13,0.4797312097158983,negative
TACTTACGTGTGACGA-1-0,13,0.7420039030532619,negative
TACTTACGTTCGAATC-1-0,13,0.7420324168088992,negative
TACTTGTCAAGCCATT-1-0,12,0.9348451177431704,doublet
TACTTGTTCCCAACGG-1-0,13,0.5955936529516496,negative
TACTTGTTCGAATCCA-1-0,13,0.7586692507970219,negative
TAGACCATCTGTACGA-1-0,13,0.7297978525241343,negative
TAGAGCTAGACAAGCC-1-0,13,0.7709628160611524,negative
TAGAGCTCAGACAAGC-1-0,13,0.7031851343219043,negative
TAGAGCTGTATATCCG-1-0,13,0.777033166906844,negative
TAGAGCTGTTTGTGTG-1-0,13,0.752837421654639,negative
TAGAGCTTCGAGGTAG-1-0,13,0.5851074961830212,negative
TAGCCGGAGACAATAC-1-0,13,0.682314330260124,negative
TAGCCGGCACCGAAAG-1-0,10,0.931766988880134,singlet
TAGCCGGCACGAGAGT-1-0,13,0.6079376567474354,negative
TAGCCGGCATCACCCT-1-0,13,0.4245905256872536,negative
TAGCCGGCATGCTGGC-1-0,13,0.4559567158410101,negative
TAGCCGGGTGTGAATA-1-0,12,0.9836464501844486,doublet
TAGCCGGTCGAATGGG-1-0,4,0.9410397269534114,singlet
TAGGCATAGAGTAAGG-1-0,13,0.7506836489304496,negative
TAGGCATCACATTTCT-1-0,12,0.8382955711403783,doublet
TAGGCATGTGTCCTCT-1-0,13,0.7530315083780115,negative
TAGGCATTCAATCACG-1-0,13,0.4226386821475651,negative
TAGGCATTCCGAAGAG-1-0,13,0.6566506888324245,negative
TAGTGGTAGTCTTGCA-1-0,13,0.754155965802697,negative
TAGTGGTAGTGCTGCC-1-0,13,0.4491810545001199,negative
TAGTGGTCACCCAGTG-1-0,13,0.611814579831313,negative
TAGTGGTCACTTCTGC-1-0,13,0.6410086229518775,negative
TAGTGGTCATCACCCT-1-0,13,0.6183373135571372,negative
TAGTGGTGTAAATGTG-1-0,13,0.5858762234349874,negative
TAGTGGTGTAACGACG-1-0,13,0.5945011512628562,negative
TAGTGGTGTATTCGTG-1-0,13,0.7477201421309583,negative
TAGTGGTGTCGCTTCT-1-0,12,0.8896714279649133,doublet
TAGTGGTGTTACTGAC-1-0,12,0.8020685066164751,doublet
TAGTGGTTCCAAACAC-1-0,13,0.4039044475614287,negative
TAGTTGGAGAACAATC-1-0,13,0.5936580645912064,negative
TAGTTGGAGAGCTTCT-1-0,13,0.738525605537307,negative
TAGTTGGCAACTGCGC-1-0,13,0.7495067750981098,negative
TAGTTGGGTTTAGGAA-1-0,13,0.5987368936103593,negative
TAGTTGGTCACGGTTA-1-0,13,0.6788171061338296,negative
TAGTTGGTCGTTGCCT-1-0,12,0.8703151811817643,doublet
TATCAGGCAACGATCT-1-0,12,0.8343911820150363,doublet
TATCAGGGTTCGTGAT-1-0,12,0.8726020949425903,doublet
TATCTCAAGCCAGTTT-1-0,12,0.9899144300566276,doublet
TATCTCAAGGATGGAA-1-0,13,0.7456561587887042,negative
TATCTCACAGCTGTTA-1-0,10,0.9543627743910696,singlet
TATCTCAGTGCAGACA-1-0,13,0.7222874542591503,negative
TATCTCATCTTCTGGC-1-0,12,0.9666508432837388,doublet
TATGCCCAGAGTGACC-1-0,13,0.7489369467541516,negative
TATGCCCCAAGCCATT-1-0,12,0.978852077850693,doublet
TATGCCCGTAGCCTCG-1-0,13,0.7137847995804911,negative
TATGCCCGTAGGCATG-1-0,13,0.67471269875401,negative
TATGCCCGTTCCAACA-1-0,12,0.9340342538021792,doublet
TATTACCCAGTACACT-1-0,13,0.703289857210261,negative
TATTACCCATCACAAC-1-0,13,0.7553683831919364,negative
TATTACCGTAGAGCTG-1-0,13,0.753794944311939,negative
TATTACCTCATCACCC-1-0,13,0.5128994249321395,negative
TATTACCTCTGCCCTA-1-0,3,0.8050887413531383,singlet
TCAACGAAGTGGTCCC-1-0,13,0.5831383144089037,negative
TCAACGACATTGGTAC-1-0,13,0.7469944043156433,negative
TCAACGATCCTGCAGG-1-0,13,0.6842441070543241,negative
TCAACGATCTTGAGGT-1-0,13,0.6553612972745227,negative
TCAATCTTCACCAGGC-1-0,13,0.5850749646037585,negative
TCAATCTTCATCTGTT-1-0,13,0.7877299032346202,negative
TCACAAGAGCGATAGC-1-0,12,0.97064209023199,doublet
TCACAAGCACGCTTTC-1-0,12,0.826092532718791,doublet
TCACGAAAGCGGCTTC-1-0,13,0.5913137874726558,negative
TCACGAAAGGAGTACC-1-0,13,0.5984490607223987,negative
TCACGAAAGTTGTCGT-1-0,13,0.5502377483688062,negative
TCACGAACATCCGCGA-1-0,13,0.5299038959710161,negative
TCACGAAGTACAGTTC-1-0,12,0.9664166362952744,doublet
TCACGAAGTTGTGGCC-1-0,13,0.5848292175115507,negative
TCACGAATCTAACTGG-1-0,12,0.991630593368364,doublet
TCACGAATCTGATTCT-1-0,13,0.7187479185782962,negative
TCAGATGAGCCACGCT-1-0,12,0.8001155900709175,doublet
TCAGATGAGTTTCCTT-1-0,12,0.9873894745337466,doublet
TCAGATGGTGCTCTTC-1-0,13,0.5627692310921586,negative
TCAGATGTCCGCAAGC-1-0,13,0.7412345724527926,negative
TCAGCAAAGTCAAGCG-1-0,13,0.5932764918242945,negative
TCAGCAAGTGGTTTCA-1-0,13,0.7478560760675743,negative
TCAGCAAGTTCAGTAC-1-0,13,0.4497892522640939,negative
TCAGCAATCTCGCTTG-1-0,12,0.9805669367863126,doublet
TCAGCTCAGTTAACGA-1-0,12,0.9629436964887256,doublet
TCAGCTCGTTCGCTAA-1-0,13,0.714499301191183,negative
TCAGGATAGCTCCCAG-1-0,13,0.713241169027042,negative
TCAGGATAGCTGTCTA-1-0,13,0.5848497573433162,negative
TCAGGATCAGCCACCA-1-0,12,0.9082453784824688,doublet
TCAGGATGTCCATGAT-1-0,13,0.5896704167421101,negative
TCAGGATTCCCAAGAT-1-0,13,0.593827392763837,negative
TCAGGTAAGCGATATA-1-0,13,0.3983041900714691,negative
TCAGGTAGTCAAAGAT-1-0,13,0.4728395213250391,negative
TCAGGTATCCCGGATG-1-0,12,0.8297607467039579,doublet
TCAGGTATCTAACGGT-1-0,13,0.5934181073306866,negative
TCATTACAGAGAGCTC-1-0,13,0.5947822647211676,negative
TCATTACTCACGACTA-1-0,13,0.7530386217404038,negative
TCATTTGAGATGCCTT-1-0,13,0.5881863087288617,negative
TCATTTGAGGAGTTGC-1-0,13,0.5877887308831242,negative
TCATTTGCAGAGCCAA-1-0,13,0.5921312753695404,negative
TCATTTGGTGTCGCTG-1-0,13,0.5892263344391985,negative
TCATTTGTCACCGGGT-1-0,13,0.7434681385670454,negative
TCCACACGTTAAAGTG-1-0,13,0.7209473620317758,negative
TCCCGATAGCTCTCGG-1-0,13,0.579656505691375,negative
TCCCGATCAATCTACG-1-0,13,0.759499882614714,negative
TCCCGATCACATCCGG-1-0,13,0.7474485955726284,negative
TCCCGATCAGGGTACA-1-0,12,0.8075941951006183,doublet
TCCCGATCATCCCATC-1-0,12,0.8300780223889771,doublet
TCCCGATGTGGACGAT-1-0,12,0.9675449883593904,doublet
TCCCGATGTTCTGTTT-1-0,12,0.8213642027597398,doublet
TCGAGGCAGTTATCGC-1-0,13,0.5877119230103203,negative
TCGAGGCCATGCCTAA-1-0,12,0.9828638111662108,doublet
TCGCGAGAGTGCGTGA-1-0,13,0.5673838340735893,negative
TCGCGAGCAACACCTA-1-0,13,0.5916752555312642,negative
TCGCGAGCACGAAACG-1-0,13,0.3419882173902715,negative
TCGCGAGGTGGGTCAA-1-0,13,0.5952476070803401,negative
TCGCGAGTCCGTCAAA-1-0,13,0.7926509689780636,negative
TCGCGTTAGGAGTTTA-1-0,13,0.5936679187701496,negative
TCGCGTTCAAATCCGT-1-0,13,0.7347120208369482,negative
TCGCGTTCAATGGTCT-1-0,13,0.7407241172845181,negative
TCGCGTTTCCAGAAGG-1-0,13,0.5941938452217705,negative
TCGCGTTTCGGAATCT-1-0,13,0.7473863352396186,negative
TCGGGACAGTAGATGT-1-0,13,0.3747370863047163,negative
TCGGGACGTGCGGTAA-1-0,13,0.593675515866399,negative
TCGGGACTCTGCGACG-1-0,13,0.5897829360935436,negative
TCGGTAAAGAACTGTA-1-0,13,0.5960463874516574,negative
TCGGTAAAGATGCGAC-1-0,13,0.7484384238441819,negative
TCGGTAAAGCTGTCTA-1-0,13,0.7190044926387736,negative
TCGGTAAAGTACGCCC-1-0,13,0.5292690948257786,negative
TCGGTAAAGTACTTGC-1-0,12,0.8219838299538293,doublet
TCGGTAAGTAGAAAGG-1-0,13,0.4854014679695888,negative
TCGGTAAGTCAGTGGA-1-0,12,0.8891237744622992,doublet
TCGTACCGTGACGCCT-1-0,13,0.5898655099285416,negative
TCGTACCTCGTTGACA-1-0,13,0.4431050564943764,negative
TCGTAGAAGATCGATA-1-0,13,0.5676689139616801,negative
TCGTAGACACAGAGGT-1-0,13,0.4722058973851384,negative
TCGTAGACATTACCTT-1-0,12,0.8586591754481104,doublet
TCGTAGATCTGCTGCT-1-0,13,0.649667656937725,negative
TCTATTGAGACTTGAA-1-0,13,0.7587781845275143,negative
TCTATTGCATCGATGT-1-0,13,0.4827082478176563,negative
TCTATTGCATCTCGCT-1-0,13,0.5138375933322461,negative
TCTATTGGTCTTCTCG-1-0,13,0.7442109790737862,negative
TCTATTGTCTTGCCGT-1-0,13,0.7223674071824083,negative
TCTCATAGTGAGTATA-1-0,13,0.5803784846020292,negative
TCTCATAGTTGATTCG-1-0,13,0.5960796951718476,negative
TCTCTAACAACACCCG-1-0,13,0.7470974584410566,negative
TCTCTAACAGTACACT-1-0,13,0.7500754126321596,negative
TCTCTAAGTGCAACGA-1-0,13,0.5112205428360344,negative
TCTCTAATCAAACCAC-1-0,13,0.6798651145361388,negative
TCTGAGAAGACTTGAA-1-0,13,0.506773136809018,negative
TCTGAGAAGAGTCTGG-1-0,12,0.989172629784744,doublet
TCTGAGACAGCTCGAC-1-0,13,0.5796267340826354,negative
TCTGAGACATTTGCCC-1-0,12,0.8367593650937799,doublet
TCTGAGAGTACGACCC-1-0,13,0.5719521537990725,negative
TCTGAGATCAGCTGGC-1-0,13,0.5940589319174494,negative
TCTGGAAAGAGGTAGA-1-0,12,0.8292608382492264,doublet
TCTGGAAAGGGCACTA-1-0,13,0.5914435448000948,negative
TCTGGAAAGTCGTACT-1-0,13,0.5557976536332186,negative
TCTGGAACAGATGGCA-1-0,13,0.6977267346664747,negative
TCTGGAACATGTCTCC-1-0,12,0.8212152006860813,doublet
TCTTCGGCACAGATTC-1-0,12,0.978064845708102,doublet
TCTTCGGCAGCTTAAC-1-0,12,0.9728116023215716,doublet
TCTTCGGGTTCCACAA-1-0,12,0.8374761409134118,doublet
TCTTCGGTCAGGCCCA-1-0,13,0.506759496411659,negative
TCTTCGGTCATGCATG-1-0,13,0.4731433667152294,negative
TCTTTCCCACTGTGTA-1-0,13,0.6962815003894224,negative
TCTTTCCGTCCTCCAT-1-0,13,0.4392522068465425,negative
TCTTTCCGTGATGCCC-1-0,13,0.5892771638087368,negative
TGAAAGACAGTCTTCC-1-0,12,0.878365780992521,doublet
TGAAAGACATGTTGAC-1-0,13,0.7328278795551652,negative
TGAAAGAGTGTCTGAT-1-0,13,0.5893742913804905,negative
TGAAAGAGTTCCATGA-1-0,12,0.823837689000204,doublet
TGAAAGATCGAATCCA-1-0,12,0.8249982856915168,doublet
TGACAACAGTCCCACG-1-0,12,0.8229169386373851,doublet
TGACAACGTACGCTGC-1-0,12,0.8134864043803579,doublet
TGACAACGTATTCTCT-1-0,12,0.8216179026974091,doublet
TGACAACGTCATATCG-1-0,13,0.599065501533349,negative
TGACAACGTTCTGTTT-1-0,13,0.7883618332433102,negative
TGACAACGTTGTACAC-1-0,13,0.7349645746227705,negative
TGACGGCAGCGCTCCA-1-0,13,0.65556301711603,negative
TGACGGCCAGGATCGA-1-0,13,0.3694117939696737,negative
TGACGGCGTAGCCTCG-1-0,12,0.8238875004895378,doublet
TGACTAGAGTGTCCAT-1-0,13,0.5292724183346026,negative
TGACTAGCAGGAATCG-1-0,13,0.5265082619780947,negative
TGACTAGCATCACAAC-1-0,13,0.5908963931132175,negative
TGACTAGTCAGCGACC-1-0,13,0.5344194146464626,negative
TGACTAGTCTGTTTGT-1-0,13,0.7167063995322299,negative
TGACTTTTCAAGAAGT-1-0,13,0.4811058040007685,negative
TGACTTTTCAGGTTCA-1-0,12,0.9999023247642472,doublet
TGAGAGGAGAGGTTGC-1-0,12,0.9746221177255124,doublet
TGAGAGGAGTAGCGGT-1-0,12,0.8374213884782663,doublet
TGAGAGGGTGCATCTA-1-0,13,0.5936829870036119,negative
TGAGAGGTCCAGGGCT-1-0,13,0.7529784806725875,negative
TGAGAGGTCGCAAGCC-1-0,13,0.7178088233947855,negative
TGAGCATCACGGACAA-1-0,13,0.7677405362752925,negative
TGAGCATCATGGGACA-1-0,13,0.7318901946857621,negative
TGAGCATTCGCAGGCT-1-0,13,0.5878374970636703,negative
TGAGCCGAGCCCGAAA-1-0,12,0.8258037364402417,doublet
TGAGCCGAGCTACCGC-1-0,13,0.5613447329749448,negative
TGAGCCGCATTGAGCT-1-0,13,0.6529387086841518,negative
TGAGCCGGTCCCTACT-1-0,13,0.7398651272705451,negative
TGAGCCGGTTGAACTC-1-0,13,0.5053235670415946,negative
TGAGCCGGTTGGACCC-1-0,13,0.5126536149336386,negative
TGAGCCGTCAGCATGT-1-0,13,0.7212684928069337,negative
TGAGGGAAGGCATTGG-1-0,13,0.7239190387729318,negative
TGAGGGACAAGAAAGG-1-0,13,0.5906492266547373,negative
TGAGGGATCCCATTTA-1-0,13,0.7521990989235869,negative
TGATTTCCAAGCCGCT-1-0,13,0.736760189059224,negative
TGCACCTCAGTATAAG-1-0,13,0.799073101271075,negative
TGCACCTGTGTGAATA-1-0,13,0.7337970975194492,negative
TGCACCTTCAACCAAC-1-0,13,0.6550854354952926,negative
TGCACCTTCAGGATCT-1-0,13,0.5926271406125722,negative
TGCCAAACATGCCTAA-1-0,13,0.6801137023126761,negative
TGCCAAAGTAAGCACG-1-0,12,0.987956410290598,doublet
TGCCAAATCCGTAGGC-1-0,12,0.8227350875114501,doublet
TGCCAAATCGTTACAG-1-0,13,0.5846484930688054,negative
TGCCCATCAGTATAAG-1-0,12,0.8379930056017025,doublet
TGCCCATGTTCCTCCA-1-0,13,0.5977598690484197,negative
TGCCCATTCGTGGGAA-1-0,13,0.7524577821914724,negative
TGCCCTAAGACTAGGC-1-0,13,0.592388140609907,negative
TGCCCTAAGAGTGACC-1-0,13,0.5924464327313809,negative
TGCCCTACACCATGTA-1-0,12,0.8132817118858098,doublet
TGCCCTAGTAGTAGTA-1-0,12,0.9700023391619106,doublet
TGCCCTAGTCAACTGT-1-0,13,0.7394881219888266,negative
TGCGCAGAGGTGCTTT-1-0,12,0.8060730875731902,doublet
TGCGCAGCATATGCTG-1-0,13,0.5876443459311662,negative
TGCGCAGGTACGACCC-1-0,13,0.5238470226564275,negative
TGCGCAGGTAGCTAAA-1-0,13,0.4728831058990338,negative
TGCGCAGTCGTACCGG-1-0,12,0.8321846228969657,doublet
TGCGGGTAGGATCGCA-1-0,13,0.5900662417464659,negative
TGCGTGGAGTCGTTTG-1-0,4,0.9585140856298776,singlet
TGCTACCGTACCCAAT-1-0,13,0.5861782862296245,negative
TGCTACCGTCTCTCGT-1-0,4,0.969865012271946,singlet
TGCTACCTCGTTACGA-1-0,12,0.8353850669745071,doublet
TGCTGCTAGATAGTCA-1-0,13,0.5961206847486323,negative
TGCTGCTCAATCCGAT-1-0,13,0.3531364467359862,negative
TGCTGCTGTCTGCAAT-1-0,13,0.5959617892256889,negative
TGCTGCTTCTGCGTAA-1-0,13,0.4931369619743732,negative
TGGACGCCATGTCGAT-1-0,12,0.972162560428952,doublet
TGGACGCTCCAAACTG-1-0,13,0.3455693461116212,negative
TGGCCAGGTCTCGTTC-1-0,13,0.7005594369993513,negative
TGGCGCACACCAACCG-1-0,13,0.4828674495227602,negative
TGGCGCAGTTATCCGA-1-0,13,0.5751040281422237,negative
TGGCGCATCCTTGGTC-1-0,13,0.7954003547621757,negative
TGGCTGGAGACAAGCC-1-0,12,0.9885041976463996,doublet
TGGCTGGAGATGTTAG-1-0,12,0.8317306976042455,doublet
TGGCTGGGTAAAGGAG-1-0,13,0.6164946314919147,negative
TGGCTGGTCAGTACGT-1-0,13,0.593878071819934,negative
TGGCTGGTCATGTCCC-1-0,13,0.5913499864536801,negative
TGGCTGGTCCAAGCCG-1-0,13,0.592083011904493,negative
TGGCTGGTCTAACTGG-1-0,12,0.9726242780490794,doublet
TGGGAAGAGATCGATA-1-0,13,0.4611062787259472,negative
TGGGAAGAGTGACTCT-1-0,13,0.5100962241830479,negative
TGGGAAGGTTCTGTTT-1-0,12,0.9715489477293068,doublet
TGGGAAGTCGGAGCAA-1-0,13,0.588945545820156,negative
TGGGCGTAGGACAGAA-1-0,13,0.6429723226800421,negative
TGGGCGTGTCGACTGC-1-0,13,0.5939792882273289,negative
TGGGCGTGTTGCGTTA-1-0,12,0.8289072330483418,doublet
TGGTTAGCAGCGAACA-1-0,13,0.5848801064242403,negative
TGGTTCCAGGGAACGG-1-0,13,0.5131161944605928,negative
TGGTTCCCAACACGCC-1-0,13,0.7561490469092171,negative
TGGTTCCCATCTCCCA-1-0,13,0.6070905021644356,negative
TGTATTCAGTATCGAA-1-0,13,0.5677193132285305,negative
TGTATTCGTCGACTAT-1-0,13,0.5878743156965918,negative
TGTATTCTCATTTGGG-1-0,13,0.4587066110198893,negative
TGTATTCTCGCACTCT-1-0,13,0.5019454328923272,negative
TGTCCCAAGATGCCTT-1-0,13,0.749530375810969,negative
TGTCCCAAGGGTCTCC-1-0,12,0.9804421795196075,doublet
TGTCCCATCGTTGACA-1-0,13,0.3840935659005058,negative
TGTCCCATCTAACCGA-1-0,13,0.7449456806160967,negative
TGTGGTAAGACGCAAC-1-0,12,0.8147567414711762,doublet
TGTGGTAAGGACACCA-1-0,13,0.7561864967232971,negative
TGTGGTAAGTGCGATG-1-0,13,0.5939127023576938,negative
TGTGGTAGTACTTCTT-1-0,12,0.9913988056962102,doublet
TGTGGTAGTCCGTCAG-1-0,13,0.7470283406423287,negative
TGTGGTAGTTTGGGCC-1-0,13,0.5838154503153222,negative
TGTGGTATCATTATCC-1-0,13,0.7623386706988472,negative
TGTGTTTAGTCCGGTC-1-0,13,0.4430951916172377,negative
TGTGTTTCACTCTGTC-1-0,12,0.941735030395688,doublet
TGTGTTTCATGATCCA-1-0,13,0.7072265499842777,negative
TGTGTTTTCCGCATCT-1-0,13,0.5953910935537746,negative
TGTTCCGGTTAGATGA-1-0,13,0.7356885538126431,negative
TGTTCCGTCCCTTGTG-1-0,12,0.9799433318949472,doublet
TGTTCCGTCTAACTGG-1-0,12,0.9718524900921648,doublet
TTAACTCAGACAAAGG-1-0,13,0.7815473770873481,negative
TTAACTCAGAGCAATT-1-0,13,0.397977187280826,negative
TTAACTCAGCCCAGCT-1-0,13,0.7366149525115838,negative
TTAGGACGTTGCGCAC-1-0,13,0.4018896931441045,negative
TTAGGACTCAGAAATG-1-0,13,0.5723183693700332,negative
TTAGGACTCCAGATCA-1-0,13,0.6071308979545242,negative
TTAGGACTCTTGCATT-1-0,12,0.8206994750801929,doublet
TTAGGCAAGGACGAAA-1-0,4,0.9693979577252012,singlet
TTAGGCACAAAGTGCG-1-0,13,0.7920993205927578,negative
TTAGGCACAATTGCTG-1-0,13,0.5833637768024399,negative
TTAGGCACAGCTGGCT-1-0,13,0.4831337119423906,negative
TTAGGCACATCACGAT-1-0,12,0.991274374597242,doublet
TTAGGCAGTACCATCA-1-0,12,0.9819148359748032,doublet
TTAGGCAGTCACTTCC-1-0,13,0.6733019390355683,negative
TTAGGCAGTGTGAAAT-1-0,13,0.5809328611673521,negative
TTAGGCATCACGACTA-1-0,13,0.7479481588813673,negative
TTAGTTCAGCTAGTCT-1-0,13,0.7183007195891208,negative
TTAGTTCGTTAGTGGG-1-0,13,0.5636648083434806,negative
TTAGTTCTCAAAGTAG-1-0,13,0.7171495683149837,negative
TTAGTTCTCAACGGGA-1-0,13,0.5582106562897464,negative
TTATGCTAGCCAGTTT-1-0,13,0.6586335007092632,negative
TTATGCTAGCTCTCGG-1-0,13,0.5864554642539261,negative
TTATGCTCATCCCACT-1-0,13,0.5845086887835521,negative
TTATGCTGTTCATGGT-1-0,13,0.7447027344995633,negative
TTCCCAGAGTAGATGT-1-0,13,0.7523952224274516,negative
TTCCCAGCACCGATAT-1-0,13,0.5657389453566214,negative
TTCCCAGCAGATGGGT-1-0,13,0.5494693780896074,negative
TTCCCAGCATCCCACT-1-0,12,0.8049013561767604,doublet
TTCCCAGTCAGTCCCT-1-0,13,0.6151050808719827,negative
TTCGGTCAGAATGTTG-1-0,13,0.7453683780897242,negative
TTCGGTCCAAGACGTG-1-0,12,0.8246880295911456,doublet
TTCTACAGTGCAGTAG-1-0,13,0.5106394146329493,negative
TTCTACATCATGCTCC-1-0,12,0.8168325342599743,doublet
TTCTCAAAGGATCGCA-1-0,13,0.7058850539198706,negative
TTCTCAAAGTAGTGCG-1-0,13,0.754409127585749,negative
TTCTCAACATGCATGT-1-0,12,0.9765572386409408,doublet
TTCTCAACATGGTCAT-1-0,12,0.991828841427419,doublet
TTCTCAAGTTTCGCTC-1-0,13,0.5923505145959411,negative
TTCTCAATCTCTGTCG-1-0,13,0.5719264850868887,negative
TTCTCCTAGCTGCCCA-1-0,13,0.7397832648076007,negative
TTCTCCTAGGCATTGG-1-0,13,0.7562691148076455,negative
TTCTCCTCATCCTAGA-1-0,13,0.7341197897329219,negative
TTCTCCTCATGACGGA-1-0,13,0.7512068924683137,negative
TTCTCCTGTTGCGTTA-1-0,12,0.8230871372646369,doublet
TTCTCCTTCACAATGC-1-0,12,0.8314343017337517,doublet
TTCTCCTTCTTGCCGT-1-0,13,0.3492824509909987,negative
TTCTTAGGTCGCGGTT-1-0,13,0.5661506017575882,negative
TTCTTAGGTGATGCCC-1-0,13,0.5938440535307107,negative
TTCTTAGTCGCCTGTT-1-0,12,0.9887455557567312,doublet
TTCTTAGTCTGTCCGT-1-0,13,0.583669860504121,negative
TTGAACGAGATTACCC-1-0,13,0.5578201976570429,negative
TTGAACGAGGAGTACC-1-0,13,0.7560300690182074,negative
TTGAACGAGGGCTCTC-1-0,13,0.5820921877741618,negative
TTGAACGCACATCCGG-1-0,12,0.8335705980560766,doublet
TTGAACGCACGCGAAA-1-0,13,0.50096302683824,negative
TTGAACGGTACCGTTA-1-0,13,0.59714726816717,negative
TTGAACGGTCTACCTC-1-0,13,0.7537413576343481,negative
TTGACTTCAGCATACT-1-0,13,0.3548576719008336,negative
TTGACTTGTACCGAGA-1-0,13,0.7551151404384664,negative
TTGACTTGTACCGTTA-1-0,13,0.5529068045055817,negative
TTGACTTTCAGTTGAC-1-0,13,0.7361149107499936,negative
TTGACTTTCTACTCAT-1-0,12,0.8087515041817979,doublet
TTGCCGTAGAGTGACC-1-0,13,0.6471966638589556,negative
TTGCCGTAGCCCAGCT-1-0,13,0.7849791328716946,negative
TTGCCGTGTTCCATGA-1-0,13,0.5888804101159396,negative
TTGCCGTTCCGTTGCT-1-0,13,0.7522095487352047,negative
TTGCCGTTCGCACTCT-1-0,12,0.8905160181824315,doublet
TTGCCGTTCGCTAGCG-1-0,12,0.8017829942319005,doublet
TTGCCGTTCTCTAGGA-1-0,12,0.8186292324308182,doublet
TTGCCGTTCTTTAGGG-1-0,12,0.9812816957484,doublet
TTGCGTCAGCTAGTTC-1-0,13,0.7468033389851255,negative
TTGCGTCCACAGATTC-1-0,12,0.8288413594884102,doublet
TTGCGTCGTAGCGTAG-1-0,4,0.9924123470121954,singlet
TTGCGTCGTATCAGTC-1-0,12,0.9943629096208716,doublet
TTGCGTCTCCGCAAGC-1-0,13,0.723422107293554,negative
TTGCGTCTCCGCGCAA-1-0,13,0.7182836697588043,negative
TTGGAACAGGTAAACT-1-0,13,0.5822861564050809,negative
TTGGAACAGTCGAGTG-1-0,13,0.3020089277139211,negative
TTGGAACCATCGTCGG-1-0,13,0.7499580666868159,negative
TTGGAACTCAGTTAGC-1-0,13,0.7217424971947063,negative
TTGGCAAAGCGACGTA-1-0,12,0.9439704457129532,doublet
TTGGCAAAGGACACCA-1-0,13,0.7281226963151898,negative
TTGGCAACAGATCTGT-1-0,13,0.7594794812871059,negative
TTGGCAAGTCGGCTCA-1-0,13,0.5833005705031017,negative
TTGTAGGAGGTGCAAC-1-0,13,0.7477617854466757,negative
TTGTAGGGTAAACGCG-1-0,13,0.5914854955297592,negative
TTGTAGGGTCGTCTTC-1-0,12,0.885011066385876,doublet
TTGTAGGTCCTAAGTG-1-0,13,0.7577626699427916,negative
TTGTAGGTCGTACCGG-1-0,12,0.8379257487133464,doublet
TTTACTGAGAGGTTAT-1-0,13,0.7425995414984857,negative
TTTACTGAGTGGGTTG-1-0,13,0.5905525724414139,negative
TTTACTGCAGCTGTTA-1-0,13,0.3438850473218796,negative
TTTACTGGTAAGGGAA-1-0,13,0.7270922478554445,negative
TTTACTGGTCGCGAAA-1-0,8,0.9325486498313966,singlet
TTTATGCTCTATCCTA-1-0,13,0.6678498200380016,negative
TTTCCTCAGCTAGTCT-1-0,12,0.9601497176803698,doublet
TTTCCTCAGGATGCGT-1-0,13,0.5904896359355635,negative
TTTCCTCAGGTGCACA-1-0,13,0.58861888639669,negative
TTTCCTCTCCGCGGTA-1-0,13,0.7501576751022061,negative
TTTCCTCTCTCTGTCG-1-0,13,0.7590644291065886,negative
TTTGCGCAGACTGTAA-1-0,13,0.7474751704211864,negative
TTTGCGCAGTAACCCT-1-0,13,0.5936831822874719,negative
TTTGCGCAGTTCGATC-1-0,13,0.5230381151077714,negative
TTTGCGCGTGTAACGG-1-0,13,0.5808527553449842,negative
TTTGCGCGTTGGTGGA-1-0,12,0.830826212963235,doublet
TTTGCGCTCTGCTTGC-1-0,12,0.831280099266848,doublet
TTTGGTTGTCAAGCGA-1-0,13,0.5881393305025286,negative
TTTGTCAGTCTGGAGA-1-0,13,0.7387520878625955,negative
