,Cluster_id,Confidence
AAACCTGAGCCACTAT-1-0,13,0.7981699952059363
AAACCTGTCCTTTCGG-1-0,12,0.9902462750240616
AAACCTGTCTTTACAC-1-0,13,0.775485388031052
AAACGGGCACCACGTG-1-0,12,0.9709370943507396
AAACGGGCACCTCGTT-1-0,12,0.8919982066307515
AAACGGGGTCGCATCG-1-0,13,0.789520542788537
AAAGATGCACGCATCG-1-0,13,0.7969747892923283
AAAGATGTCACCCGAG-1-0,13,0.5934697413701697
AAAGATGTCCTCATTA-1-0,13,0.7942185563029444
AAAGCAAAGACGCTTT-1-0,12,0.8695299486262235
AAAGCAAAGATCACGG-1-0,12,0.8198373940713323
AAAGCAATCGTCCGTT-1-0,12,0.8312293111802547
AAAGTAGCACGTAAGG-1-0,13,0.7843481290065267
AAAGTAGGTCGAGTTT-1-0,13,0.72824685298875
AAATGCCAGACCCACC-1-0,12,0.8383516425171287
AAATGCCAGACGCACA-1-0,12,0.9807124457730355
AAATGCCAGCAGATCG-1-0,12,0.8089078811151797
AAATGCCAGCCTATGT-1-0,12,0.8845494238540094
AAATGCCCACAAGACG-1-0,12,0.8089809172830331
AAATGCCCAGCTGCTG-1-0,12,0.8028032043148423
AAATGCCTCGTGACAT-1-0,12,0.8383202060233967
AACACGTAGTAACCCT-1-0,12,0.874531854291807
AACACGTCAATGGAGC-1-0,13,0.4699511578024076
AACACGTTCCAAACTG-1-0,12,0.8041453021689067
AACCATGCAATGGACG-1-0,13,0.7963006046230385
AACCATGTCCGAATGT-1-0,13,0.7927247523878893
AACCATGTCGTTTAGG-1-0,12,0.8919945942818805
AACCATGTCTTGAGAC-1-0,13,0.6588027060295083
AACCGCGGTCTAGGTT-1-0,12,0.8757930353857831
AACCGCGTCGTAGATC-1-0,12,0.9350667658264914
AACGTTGCATATGGTC-1-0,12,0.878337353000793
AACGTTGGTATCACCA-1-0,12,0.9795363965104116
AACGTTGTCGTTACGA-1-0,12,0.8119641239542227
AACTCAGCAATGAAAC-1-0,12,0.8018203999534113
AACTCAGCAGACACTT-1-0,12,0.8035004042272919
AACTCCCTCGAGCCCA-1-0,13,0.7964146995738544
AACTCCCTCGGATGTT-1-0,12,0.9565221067453109
AACTCCCTCGTACGGC-1-0,12,0.8596277491084423
AACTCTTAGTAGTGCG-1-0,12,0.8849661015587725
AACTCTTAGTTAACGA-1-0,12,0.9114346030901488
AACTCTTCACATGTGT-1-0,12,0.8430596083073739
AACTCTTCAGACGTAG-1-0,12,0.807249163328308
AACTCTTCATACGCTA-1-0,12,0.8662778170482004
AACTCTTTCATTATCC-1-0,12,0.872464389098513
AACTGGTTCGGCGCTA-1-0,13,0.45107241536207476
AACTTTCCAGCGTAAG-1-0,13,0.712871571549104
AAGACCTAGAAGGTTT-1-0,13,0.5490577678682754
AAGACCTAGGGTCGAT-1-0,12,0.800442742801327
AAGCCGCAGGCGATAC-1-0,12,0.8847051073832338
AAGCCGCAGGGTGTGT-1-0,12,0.9665778156338667
AAGCCGCCACGTCAGC-1-0,13,0.5035664704052677
AAGCCGCCAGTAGAGC-1-0,13,0.6163579122057035
AAGCCGCCATGGTCAT-1-0,13,0.7933271230733465
AAGCCGCGTGCTTCTC-1-0,12,0.8053795216662036
AAGGCAGAGGTAGCTG-1-0,12,0.8083569972665707
AAGGCAGAGTATCTCG-1-0,13,0.7471350702467985
AAGGCAGCATGCCTTC-1-0,12,0.8062249932739465
AAGGCAGTCACGATGT-1-0,12,0.8497479437036172
AAGGCAGTCCGTTGCT-1-0,13,0.5346196038303194
AAGGCAGTCCTACAGA-1-0,13,0.7668016471919655
AAGGTTCAGATCCCGC-1-0,13,0.7619325541486933
AAGGTTCAGCATGGCA-1-0,2,0.9905557194784887
AAGGTTCAGTACGCGA-1-0,12,0.8830956673244069
AAGGTTCCAATTCCTT-1-0,12,0.9907079223015903
AAGTCTGAGGAATTAC-1-0,12,0.9618476099588488
AAGTCTGGTGATAAGT-1-0,13,0.7831696689377278
AAGTCTGGTGCGATAG-1-0,12,0.9603101444008062
AATCCAGCAACTGCTA-1-0,12,0.8121599658928269
AATCCAGCACAGAGGT-1-0,12,0.8464822793027419
AATCCAGGTCAATGTC-1-0,13,0.7919391117709145
AATCCAGGTCCCGACA-1-0,13,0.797221711044827
AATCCAGTCCGTTGTC-1-0,12,0.8622192379631826
AATCGGTCAATAGCAA-1-0,12,0.8782214655211968
AATCGGTCACGGATAG-1-0,12,0.8840090305662703
AATCGGTGTTAAGGGC-1-0,13,0.7151776384402074
AATCGGTTCAGATAAG-1-0,12,0.8151372526491152
AATCGGTTCCACGTTC-1-0,12,0.8149415494844552
ACACCAAAGTAGTGCG-1-0,13,0.6107585342016724
ACACCAACAAACTGCT-1-0,13,0.7463810565707062
ACACCAACACTGTTAG-1-0,12,0.8822920736016143
ACACCAAGTCCGTGAC-1-0,12,0.8271556883303902
ACACCCTCAATACGCT-1-0,12,0.81306051095499
ACACCCTGTCTACCTC-1-0,13,0.6708932483054308
ACACCCTTCAGTGCAT-1-0,13,0.7966259369706711
ACACCCTTCTCGGACG-1-0,12,0.8066635927356829
ACACCGGAGTGGGCTA-1-0,13,0.730217852190474
ACACCGGCAAGTCTAC-1-0,13,0.6477769071970625
ACACCGGGTCTGGTCG-1-0,12,0.8448978656622448
ACACTGAAGCTTATCG-1-0,12,0.8050987436388889
ACACTGAAGGGATACC-1-0,12,0.8165223946919318
ACACTGAAGGTGCACA-1-0,12,0.9649434460723957
ACACTGAAGTGCAAGC-1-0,12,0.8105592118265057
ACACTGAGTAAATACG-1-0,12,0.8332308160566075
ACAGCCGAGGCCGAAT-1-0,12,0.8873680734081129
ACAGCCGCAAACCTAC-1-0,13,0.5931013398292921
ACAGCCGCAAGTCTGT-1-0,12,0.849127212272683
ACAGCCGGTATGAATG-1-0,12,0.9604337310767843
ACAGCCGGTCCGAAGA-1-0,12,0.8492289270708482
ACAGCCGGTCTGCCAG-1-0,13,0.7140451503175749
ACAGCTAAGCGTCTAT-1-0,13,0.7571780755287406
ACAGCTAAGGCTATCT-1-0,8,0.9548219932447471
ACAGCTACATCAGTCA-1-0,12,0.8840676598464892
ACAGCTATCCTTGGTC-1-0,13,0.7989077105329094
ACAGCTATCGCATGGC-1-0,12,0.8224220179191337
ACAGCTATCTACTTAC-1-0,12,0.8141159256291054
ACATACGAGAATGTGT-1-0,12,0.8498445578554948
ACATACGAGAGTAATC-1-0,12,0.8520703434406208
ACATACGCATACCATG-1-0,12,0.9913909142172407
ACATACGGTGACAAAT-1-0,12,0.8371690312662056
ACATCAGAGTCCGTAT-1-0,12,0.8879285692925142
ACATCAGCAGCCTTGG-1-0,13,0.7897761740411867
ACATCAGGTCTACCTC-1-0,13,0.7946966189678033
ACATCAGTCCTATTCA-1-0,12,0.8732175660589725
ACATGGTGTCCCGACA-1-0,12,0.8777106374179325
ACATGGTGTTAAAGTG-1-0,12,0.869339101604456
ACCAGTAAGTCCTCCT-1-0,12,0.8199960075082586
ACCAGTAGTAGCTTGT-1-0,12,0.9801507182982689
ACCAGTATCGGAATCT-1-0,13,0.7896692627582304
ACCCACTCATGGTTGT-1-0,12,0.8001961049977747
ACCGTAAGTCATCCCT-1-0,13,0.7605474246460006
ACCTTTAAGAAGGTGA-1-0,12,0.8026331335662016
ACCTTTACAGGTGGAT-1-0,12,0.8607782816106101
ACCTTTAGTCCTAGCG-1-0,13,0.7206214797566884
ACGAGCCAGCGAAGGG-1-0,12,0.8212958762269406
ACGAGCCCATCCCATC-1-0,12,0.863819950658072
ACGAGCCCATGGTCTA-1-0,12,0.8173667064568895
ACGAGCCGTAACGCGA-1-0,13,0.7964557085539514
ACGAGGAAGACAGAGA-1-0,13,0.49551239461570856
ACGAGGAGTCGCGTGT-1-0,12,0.8880228116654412
ACGATACAGTGAAGTT-1-0,12,0.8755702439169677
ACGATACCATACAGCT-1-0,12,0.8404060348764905
ACGCAGCAGGATGGTC-1-0,12,0.8046954763365876
ACGCAGCAGTTACGGG-1-0,12,0.8331495633138339
ACGCAGCCAGAAGCAC-1-0,12,0.8879125010566292
ACGCAGCTCATCATTC-1-0,13,0.6797778102093098
ACGCAGCTCCTCTAGC-1-0,13,0.796284889335954
ACGCCAGGTTCGGGCT-1-0,13,0.7434661624798103
ACGCCAGTCACCCGAG-1-0,12,0.8247158348043789
ACGCCAGTCGGCGCTA-1-0,12,0.8308669314165882
ACGCCGAAGGAATTAC-1-0,12,0.8063013118907726
ACGCCGAAGGCGATAC-1-0,13,0.733527612767272
ACGCCGAAGTGTACTC-1-0,12,0.8777486892113749
ACGCCGACAGCCTTGG-1-0,12,0.9846711169741299
ACGCCGAGTCCGAACC-1-0,13,0.7803302593231796
ACGCCGATCGTGGGAA-1-0,12,0.8146457306680922
ACGGAGAAGCCGTCGT-1-0,12,0.8024264571461321
ACGGAGAGTGAACCTT-1-0,13,0.6513866545747078
ACGGAGAGTTAGAACA-1-0,12,0.8751556247403418
ACGGAGATCAGGCGAA-1-0,12,0.9284552109657017
ACGGAGATCTGGTGTA-1-0,12,0.8773632070513049
ACGGCCAAGGATGTAT-1-0,13,0.7012375657042184
ACGGGCTCAGACACTT-1-0,13,0.6539051375876511
ACGGGCTCAGCTATTG-1-0,12,0.8002491772021973
ACGGGCTGTAATCACC-1-0,13,0.7808684744386034
ACGGGCTGTCCAGTGC-1-0,12,0.8247135214644139
ACGGGTCAGAGCAATT-1-0,13,0.7964431539121916
ACGGGTCAGTACACCT-1-0,12,0.8115111572720555
ACGGGTCGTGAGGCTA-1-0,12,0.8874828964040711
ACGTCAAGTCGGCTCA-1-0,12,0.9805640024611093
ACTATCTAGCGGCTTC-1-0,13,0.789815645584204
ACTATCTAGTTACCCA-1-0,13,0.3847232193375233
ACTATCTCATCACCCT-1-0,12,0.8805012241656235
ACTATCTTCAACGCTA-1-0,12,0.8604954773815201
ACTGAACCAGCTATTG-1-0,13,0.6455132359061174
ACTGAACGTTGAGTTC-1-0,12,0.973634741302203
ACTGAGTAGATACACA-1-0,13,0.7557764920001656
ACTGAGTAGCCCTAAT-1-0,12,0.8514377513498754
ACTGAGTCAATCCAAC-1-0,12,0.9807757486444248
ACTGAGTCACACCGAC-1-0,13,0.7584135235810573
ACTGAGTGTAGTACCT-1-0,13,0.7997177831013026
ACTGAGTGTCTCAACA-1-0,12,0.8771481349038357
ACTGATGAGACCTTTG-1-0,12,0.8505460552380079
ACTGATGCATGGTTGT-1-0,13,0.6485784037291408
ACTGATGGTCTCCATC-1-0,13,0.41696795400910824
ACTGCTCCAATAGCAA-1-0,12,0.8812626720250406
ACTGCTCTCCTGCTTG-1-0,12,0.8484827841857685
ACTGTCCCAATACGCT-1-0,12,0.8860033342570494
ACTGTCCCAGACAAAT-1-0,2,0.9865945021668379
ACTGTCCGTAACGACG-1-0,13,0.7561674167142443
ACTTACTAGGCCCTTG-1-0,12,0.8531857251611512
ACTTACTCAGACAGGT-1-0,12,0.8743710148445453
ACTTACTGTCTCCACT-1-0,12,0.8478509953015391
ACTTACTGTCTGCGGT-1-0,12,0.8057508424717459
ACTTACTTCTTTAGGG-1-0,13,0.7860839789048722
ACTTGTTAGTGGGCTA-1-0,12,0.8208966366860623
ACTTGTTCATCCGGGT-1-0,12,0.8481116992104947
ACTTGTTGTACCGAGA-1-0,12,0.9915028042932545
ACTTGTTGTGATAAGT-1-0,12,0.842952386087692
ACTTGTTTCATGGTCA-1-0,12,0.8057835188642838
ACTTGTTTCTGCAAGT-1-0,13,0.512908929322388
ACTTTCAAGACACTAA-1-0,12,0.8087927843963633
ACTTTCAAGATGTGTA-1-0,12,0.9406037485440438
ACTTTCACAATCTACG-1-0,12,0.8785483267027236
ACTTTCACATCGGAAG-1-0,12,0.8144653505238466
AGAATAGAGGCTACGA-1-0,12,0.8114478304568286
AGAATAGCAAATTGCC-1-0,12,0.8954688105876729
AGAATAGCAGCCTGTG-1-0,12,0.8432179793418414
AGAATAGCATGCGCAC-1-0,12,0.853462085489525
AGAATAGGTCCCTACT-1-0,13,0.7791194323191915
AGACGTTAGGCTAGCA-1-0,12,0.871625990166102
AGACGTTTCCTCCTAG-1-0,12,0.875913672978124
AGAGCGAAGAGTAAGG-1-0,12,0.8510049323115148
AGAGCGACAATCACAC-1-0,12,0.9652760161980749
AGAGCGACAGGGTATG-1-0,12,0.8143018628633434
AGAGCGATCCCTTGCA-1-0,13,0.7976458382669055
AGAGCTTAGATCGGGT-1-0,12,0.8030871631663045
AGAGCTTCACTTCTGC-1-0,13,0.6087562497877185
AGAGCTTTCCCTCAGT-1-0,12,0.855437041963527
AGAGCTTTCTGTCCGT-1-0,13,0.7841394208610925
AGAGTGGCACCCAGTG-1-0,4,0.9998577926460328
AGAGTGGGTCGACTGC-1-0,12,0.8812422095702069
AGAGTGGTCACTTATC-1-0,12,0.8632736998938286
AGATCTGAGGTGTGGT-1-0,12,0.875006164455552
AGATCTGCAAAGCAAT-1-0,12,0.9449930555853795
AGATCTGCAAGGCTCC-1-0,13,0.6829946769300298
AGATCTGGTCTTCGTC-1-0,13,0.7840636491417582
AGATCTGGTTAGATGA-1-0,12,0.8871508593092745
AGATCTGTCGGAAACG-1-0,13,0.5707240970634585
AGATCTGTCGGTCTAA-1-0,12,0.9599484258874041
AGATCTGTCTATCCTA-1-0,12,0.8425929148773967
AGATTGCAGCGATGAC-1-0,12,0.8125262919724925
AGATTGCAGGTTCCTA-1-0,12,0.806893340241283
AGATTGCGTCGACTGC-1-0,13,0.7232867705557265
AGCAGCCAGTACGATA-1-0,12,0.8425438661745953
AGCAGCCGTTGTACAC-1-0,12,0.8808494414501536
AGCATACCAGCGTAAG-1-0,13,0.7924977708235771
AGCATACGTTAGGGTG-1-0,13,0.53798862860873
AGCCTAAAGCTGTCTA-1-0,13,0.7428454753743661
AGCGGTCAGCAACGGT-1-0,12,0.8455321567056716
AGCGGTCAGGAATGGA-1-0,12,0.8887508650876431
AGCGGTCTCATTATCC-1-0,12,0.8057824105613306
AGCGTATCAGCCAGAA-1-0,12,0.8764312143299554
AGCGTCGGTAGAAAGG-1-0,13,0.6054382562283209
AGCTCCTAGCGTCTAT-1-0,12,0.9845967632920197
AGCTCCTAGGTTCCTA-1-0,13,0.6721876626169004
AGCTCCTCAATGTAAG-1-0,12,0.9812737383020964
AGCTCCTTCCCTTGCA-1-0,0,0.9998605088723367
AGCTCTCAGCCAGTTT-1-0,12,0.8802418615627273
AGCTCTCAGCCATCGC-1-0,12,0.8867033824169601
AGCTCTCCACAGGTTT-1-0,12,0.8091722348808476
AGCTCTCTCAACGCTA-1-0,12,0.8063699563619992
AGCTTGACACGGTAGA-1-0,13,0.7854005342645286
AGGCCACAGCTGGAAC-1-0,13,0.7217906333772861
AGGCCACCAAGGACTG-1-0,13,0.7922621478695185
AGGCCGTAGGCCGAAT-1-0,12,0.8549960473748437
AGGCCGTCACCTGGTG-1-0,12,0.8716336871340252
AGGCCGTGTCCAGTTA-1-0,12,0.8741511266102155
AGGCCGTGTCGTCTTC-1-0,12,0.8029292267614649
AGGCCGTTCACGACTA-1-0,12,0.8471457132818158
AGGGAGTGTCGCGGTT-1-0,12,0.8391926981899679
AGGGAGTGTGTAATGA-1-0,12,0.9223668093101963
AGGGAGTTCTCGCTTG-1-0,12,0.9552256440774086
AGGGAGTTCTTCTGGC-1-0,12,0.8880142367504505
AGGGATGAGCCAGGAT-1-0,12,0.8112792390578785
AGGGATGGTCATGCCG-1-0,12,0.872214981286039
AGGGTGAAGCGATGAC-1-0,12,0.8816869720992747
AGGGTGAAGCGCTCCA-1-0,2,0.8979812954560729
AGGGTGACACAGGTTT-1-0,13,0.6808825684203116
AGGGTGACACTAAGTC-1-0,12,0.9824858498182334
AGGGTGAGTAACGTTC-1-0,12,0.8689204445965668
AGGTCATAGAATCTCC-1-0,13,0.5435840468580331
AGGTCATGTCAAAGCG-1-0,12,0.9867439788668533
AGGTCATGTGGTACAG-1-0,13,0.7141911311913197
AGGTCATTCCCAGGTG-1-0,12,0.8396419775459445
AGGTCCGCAGTAACGG-1-0,13,0.7951959484216403
AGTAGTCTCGGAGGTA-1-0,13,0.7260398172384129
AGTCTTTAGCGGATCA-1-0,12,0.8074233482330131
AGTCTTTTCACGACTA-1-0,12,0.8481459525183197
AGTCTTTTCAGGCCCA-1-0,12,0.883415512442471
AGTCTTTTCCGAGCCA-1-0,13,0.7890295953957143
AGTGAGGGTCGACTGC-1-0,12,0.8050293674260948
AGTGAGGTCAACGAAA-1-0,12,0.887684771268191
AGTGAGGTCTCAAACG-1-0,13,0.6837537588145673
AGTGGGACAAGCCGCT-1-0,13,0.6034960182549112
AGTGGGATCACCGGGT-1-0,12,0.8225207535253378
AGTGTCACATATGAGA-1-0,12,0.8088857534840316
AGTTGGTCAGTTAACC-1-0,12,0.8759556996064772
AGTTGGTCATGACGGA-1-0,13,0.6247532663899265
AGTTGGTGTGACCAAG-1-0,13,0.7972697677904345
AGTTGGTGTGGTCTCG-1-0,13,0.7551532144603321
AGTTGGTTCTGCAGTA-1-0,12,0.9912585035742539
ATAACGCCAAACGCGA-1-0,12,0.95127991603808
ATAACGCCAGGACCCT-1-0,12,0.8874093763056806
ATAACGCCATTAGCCA-1-0,12,0.8109557191102664
ATAACGCGTCCTCTTG-1-0,13,0.7927814833859335
ATAACGCTCGCAAACT-1-0,13,0.7430745133597725
ATAAGAGAGCCGCCTA-1-0,12,0.8010909431751988
ATAAGAGTCTATCCCG-1-0,12,0.8485675871799958
ATAGACCAGCTGCAAG-1-0,12,0.9961555544246782
ATAGACCAGTGAACGC-1-0,13,0.5797286230167392
ATAGACCCACAGATTC-1-0,13,0.7963987920664362
ATAGACCCACTTAAGC-1-0,12,0.9774591361077071
ATAGACCGTCATACTG-1-0,12,0.8503649103964962
ATCACGAGTCAATACC-1-0,12,0.8040000962637481
ATCACGATCAGCTGGC-1-0,13,0.44579821751830734
ATCATCTAGGCACATG-1-0,12,0.9521936772121792
ATCATCTCAGTCAGAG-1-0,13,0.5337172667642179
ATCATCTGTTTGTGTG-1-0,12,0.8635953265367451
ATCATCTTCACTTATC-1-0,12,0.8017235579799403
ATCATGGAGTGTACGG-1-0,13,0.6040134602129248
ATCATGGCAGACAAAT-1-0,12,0.8210963972212558
ATCATGGCAGTCTTCC-1-0,12,0.8363232974217294
ATCATGGGTAGCTAAA-1-0,12,0.8542368964820636
ATCATGGTCCCTTGCA-1-0,12,0.8743711521159007
ATCCACCAGGATGGTC-1-0,12,0.8677791591812819
ATCCACCCATACCATG-1-0,12,0.8845609532370529
ATCCACCGTATCAGTC-1-0,12,0.8075875882422152
ATCCACCTCGTCGTTC-1-0,13,0.5676035669612436
ATCCGAAAGAATGTTG-1-0,13,0.5122973128788526
ATCCGAACATCTCGCT-1-0,12,0.8579752844480157
ATCCGAAGTCGACTGC-1-0,13,0.799448861286965
ATCCGAATCATCGATG-1-0,12,0.8814533811542117
ATCCGAATCGCATGAT-1-0,12,0.8798394064277412
ATCCGAATCTAACTTC-1-0,13,0.39602801359118905
ATCGAGTAGTCGTTTG-1-0,13,0.7139388223451716
ATCGAGTCAGATAATG-1-0,12,0.9390880838138408
ATCGAGTGTAGGACAC-1-0,12,0.8059391498210675
ATCGAGTGTGTAATGA-1-0,12,0.9756177548389838
ATCGAGTTCAGATAAG-1-0,12,0.988257258098393
ATCGAGTTCGAACGGA-1-0,12,0.8831258762433856
ATCTACTAGCAGCGTA-1-0,12,0.8002234198625212
ATCTACTGTGTTTGTG-1-0,12,0.8353655797333563
ATCTACTTCCAACCAA-1-0,12,0.8064747686721823
ATCTACTTCGGTGTTA-1-0,12,0.8121683413058114
ATCTACTTCGGTTCGG-1-0,12,0.9230559296832149
ATCTGCCGTGTCCTCT-1-0,13,0.6690925052968808
ATCTGCCTCAAGGCTT-1-0,12,0.8812552070106857
ATCTGCCTCAGAAATG-1-0,12,0.8708560078503065
ATGAGGGTCATGTGGT-1-0,12,0.8146657133047377
ATGAGGGTCTGTCTCG-1-0,12,0.8744759284945637
ATGCGATAGATGTCGG-1-0,13,0.5427750889348805
ATGCGATTCAACACTG-1-0,13,0.7960595333490711
ATGCGATTCACAGTAC-1-0,12,0.8729836673783683
ATGCGATTCTCAAACG-1-0,13,0.7913590988507636
ATGGGAGAGGTTCCTA-1-0,12,0.9379634121380299
ATGGGAGCAGGTCGTC-1-0,12,0.8547407388413165
ATGGGAGGTAGTAGTA-1-0,3,0.842905040531724
ATGGGAGGTCATTAGC-1-0,12,0.8915514868986602
ATGTGTGGTGATAAGT-1-0,12,0.8885794212136048
ATTACTCCAGCTGCTG-1-0,13,0.7714520811981441
ATTACTCGTGTGTGCC-1-0,12,0.881691536361847
ATTACTCTCCAGAAGG-1-0,12,0.9610820787254158
ATTATCCCAAAGCGGT-1-0,12,0.8234278839874931
ATTATCCCACTGTGTA-1-0,12,0.8051347558914652
ATTATCCGTCTAGGTT-1-0,12,0.9405033925381862
ATTATCCGTTAAGGGC-1-0,12,0.8749831619979986
ATTATCCTCGGCATCG-1-0,12,0.9754282579513794
ATTCTACAGCAAATCA-1-0,12,0.9807664134592283
ATTCTACAGGATGGAA-1-0,12,0.8109327436824778
ATTCTACGTATAGTAG-1-0,12,0.874905215551373
ATTCTACGTCCAAGTT-1-0,13,0.7787542711370055
ATTCTACGTCCATGAT-1-0,12,0.8515822568055271
ATTCTACGTGAGTATA-1-0,12,0.8308703313054014
ATTCTACTCGGACAAG-1-0,13,0.5102725707311068
ATTGGACAGTGGGCTA-1-0,12,0.9715445420431912
ATTGGACCACCCTATC-1-0,12,0.8548863505264229
ATTGGACCAGATGGCA-1-0,12,0.8684936028806145
ATTGGACCATCTCGCT-1-0,12,0.8730872375581716
ATTGGACGTACATCCA-1-0,12,0.8692781556304309
ATTGGACGTATCTGCA-1-0,13,0.7755420552718638
ATTGGACGTCTAACGT-1-0,13,0.6152417881272803
ATTGGACTCTGTCAAG-1-0,13,0.7803811618905526
ATTGGTGCAATCCAAC-1-0,12,0.8840257414246001
ATTGGTGCACGGCCAT-1-0,12,0.9961154057226865
ATTGGTGCAGTGGGAT-1-0,12,0.8847634182781039
ATTGGTGGTGCTTCTC-1-0,12,0.8837879514088492
CAACCAAAGATCCCGC-1-0,12,0.9695837531047617
CAACCAATCAGTTCGA-1-0,12,0.8419038725307778
CAACCAATCGCATGGC-1-0,12,0.884291850225412
CAACCTCAGGCTATCT-1-0,13,0.714700456027494
CAACCTCCATGAAGTA-1-0,12,0.8758573733801326
CAACCTCTCCAACCAA-1-0,12,0.8852942883549805
CAACCTCTCCGTTGCT-1-0,12,0.9479755544347366
CAACCTCTCTAGAGTC-1-0,12,0.8052958285291824
CAACTAGAGAAACCAT-1-0,13,0.4567030721254396
CAACTAGGTTGGTAAA-1-0,12,0.8105977231501424
CAACTAGTCCCAGGTG-1-0,13,0.7753632437268168
CAACTAGTCGCCTGAG-1-0,12,0.8010435238102537
CAAGAAAAGACTGTAA-1-0,13,0.565977477424288
CAAGAAAAGTGTTTGC-1-0,12,0.8867453481371548
CAAGAAAGTACCGAGA-1-0,12,0.875498489358841
CAAGAAAGTAGTGAAT-1-0,12,0.8459601726048469
CAAGAAATCGCATGAT-1-0,13,0.5310707982249487
CAAGAAATCTGCGACG-1-0,13,0.7843571058319679
CAAGATCAGTACCGGA-1-0,12,0.8007408545390688
CAAGGCCAGAGACGAA-1-0,12,0.8333739484498739
CAAGGCCTCATTATCC-1-0,13,0.5936827199704843
CAAGTTGCAGCCTTGG-1-0,13,0.7977451854011497
CAAGTTGCATGCCACG-1-0,12,0.8060338335059852
CAAGTTGTCAGGCCCA-1-0,12,0.9668278347537729
CAAGTTGTCTCCAGGG-1-0,12,0.8874706544595405
CACAAACCAGCTTAAC-1-0,12,0.8416999518100828
CACAAACTCCCAGGTG-1-0,12,0.8040065489998848
CACACAAAGGTCGGAT-1-0,13,0.7786741215831932
CACACAAAGTGAAGTT-1-0,12,0.9808574444132385
CACACAACACCACCAG-1-0,12,0.8295107332970575
CACACAACATACGCCG-1-0,13,0.655345392232281
CACACAAGTTCGAATC-1-0,12,0.8643274256031042
CACACAATCTCATTCA-1-0,13,0.5402537005762342
CACACCTCACTGCCAG-1-0,13,0.7938124426189427
CACACCTCAGGGTACA-1-0,13,0.7846447573636595
CACACCTGTCATCGGC-1-0,13,0.3304642083746405
CACACCTGTGGGTATG-1-0,13,0.7881761492646684
CACACCTTCCCAACGG-1-0,12,0.94261117005443
CACACTCAGAAACCTA-1-0,12,0.9320401120703271
CACACTCAGAATCTCC-1-0,12,0.8485700319555468
CACACTCAGGCCCTCA-1-0,12,0.8508005616271456
CACACTCCAGTGAGTG-1-0,12,0.8752796639365865
CACAGGCAGCTGAACG-1-0,12,0.8913299289094455
CACAGGCAGTGCTGCC-1-0,12,0.8807396803952694
CACAGGCCAGCGTTCG-1-0,12,0.9704915460726394
CACAGGCGTGCAGTAG-1-0,13,0.7068110514316553
CACAGGCTCACTCCTG-1-0,12,0.8544160743499601
CACAGGCTCCTCAATT-1-0,13,0.6096173338903875
CACAGGCTCTAACTCT-1-0,12,0.8115505650668791
CACAGTAAGAAACGAG-1-0,12,0.8856983882604327
CACAGTAAGAACAATC-1-0,13,0.720847036948292
CACAGTAAGCCACGTC-1-0,12,0.8758008408960294
CACAGTACAATGCCAT-1-0,12,0.8040396026715219
CACAGTACAGCCTTGG-1-0,13,0.787970360208112
CACAGTAGTCAAACTC-1-0,12,0.8211629383360484
CACAGTATCAGTGCAT-1-0,12,0.8289422840564189
CACAGTATCTTGGGTA-1-0,12,0.8384744067595838
CACATAGCACCAACCG-1-0,13,0.4321256555498185
CACATAGGTCTCTTTA-1-0,12,0.8626748629109706
CACATAGGTTTGACAC-1-0,12,0.9878939021834572
CACATAGTCTTAGCCC-1-0,13,0.6956395699248583
CACATTTAGATATGGT-1-0,12,0.9869429263233169
CACATTTCACAGCGTC-1-0,12,0.8382325640527067
CACATTTCACATTTCT-1-0,13,0.7829330565480337
CACATTTCAGCTTAAC-1-0,12,0.8023442747304377
CACATTTCATGTCTCC-1-0,12,0.8726736643622145
CACATTTGTCCGCTGA-1-0,13,0.6391654022116562
CACCACTTCGAACTGT-1-0,12,0.8216386040711143
CACCAGGAGATCCCGC-1-0,12,0.8024442574478784
CACCAGGAGTGAACGC-1-0,13,0.6967265647686569
CACCTTGAGCGGATCA-1-0,12,0.9864289096497912
CACCTTGGTCACTGGC-1-0,13,0.7825107686116047
CACCTTGTCGTTTGCC-1-0,12,0.8160436919285469
CACTCCAGTCCTGCTT-1-0,12,0.8813931694099171
CAGAATCAGGTGCACA-1-0,12,0.8045397855520148
CAGAATCCATCACAAC-1-0,13,0.7902176046107326
CAGAATCTCTCGCATC-1-0,13,0.7941610306963341
CAGAATCTCTGCGACG-1-0,12,0.8772947344496549
CAGAGAGCAATGTAAG-1-0,12,0.8098924690695455
CAGAGAGCATGGTAGG-1-0,12,0.8749768447927158
CAGAGAGGTCATCCCT-1-0,12,0.9691951151382648
CAGATCAAGCAGCGTA-1-0,12,0.9531669651751749
CAGATCAAGGTAGCCA-1-0,12,0.8474883658789719
CAGATCAGTTAGATGA-1-0,12,0.8096770706868403
CAGCAGCCACCGTTGG-1-0,13,0.6046025620502108
CAGCAGCTCTTCGGTC-1-0,12,0.9445015606613237
CAGCATATCGGAGGTA-1-0,12,0.8009204878175779
CAGCCGACAATCCGAT-1-0,12,0.9719053999723417
CAGCCGACATCTATGG-1-0,12,0.8781617094417336
CAGCCGAGTTATTCTC-1-0,13,0.6023122898821819
CAGCGACTCGGCTACG-1-0,12,0.8067220248337326
CAGCTAAAGACTGGGT-1-0,12,0.8659911257117562
CAGCTAAAGATCCCAT-1-0,13,0.6270312872754424
CAGCTAACAAGTTAAG-1-0,13,0.7620148333337033
CAGCTAACAATTGCTG-1-0,13,0.7136685326720873
CAGCTAAGTTAAGGGC-1-0,12,0.9814627002019068
CAGCTAATCATTGCGA-1-0,12,0.8913505257687624
CAGCTAATCCGATATG-1-0,12,0.8691604903265403
CAGCTAATCGTAGATC-1-0,12,0.8743445763675238
CAGCTGGCATATACGC-1-0,12,0.821306512165665
CAGCTGGCATTCACTT-1-0,12,0.829052500579807
CAGCTGGGTCCATCCT-1-0,12,0.8197737497973204
CAGGTGCAGCGTAGTG-1-0,12,0.8115735785939315
CAGGTGCCAGACAGGT-1-0,13,0.7979899136785937
CAGGTGCTCAAACCAC-1-0,12,0.8570753382278623
CAGTAACCATTGCGGC-1-0,12,0.8571200997483203
CAGTAACGTCTCATCC-1-0,13,0.6078046293210103
CAGTAACTCAACCAAC-1-0,12,0.8857875375699725
CAGTCCTAGACTTGAA-1-0,12,0.9562631282645041
CAGTCCTCACAGGAGT-1-0,12,0.8405513088954623
CAGTCCTTCATGCTCC-1-0,13,0.79930063963568
CAGTCCTTCGTTACAG-1-0,12,0.8775673432122432
CATATGGGTCTAGAGG-1-0,13,0.7661076887085737
CATATTCCAAGAGTCG-1-0,13,0.5051355261918402
CATATTCGTCGCGGTT-1-0,12,0.8150803763328498
CATATTCGTCTTGATG-1-0,13,0.7981405056775084
CATCAAGCAATAGCGG-1-0,12,0.8650962292506508
CATCAAGGTCGCTTTC-1-0,12,0.9664067769368119
CATCAAGGTCTCTTTA-1-0,12,0.8682288524753023
CATCAGAAGGATCGCA-1-0,12,0.9859929409390185
CATCAGAGTAGCGCAA-1-0,12,0.8222011897331095
CATCAGAGTCAGTGGA-1-0,13,0.7768678354048765
CATCAGAGTCCAACTA-1-0,13,0.7038580818068197
CATCCACAGACAGGCT-1-0,12,0.8829131518009052
CATCCACAGCGAAGGG-1-0,13,0.5727168849411748
CATCCACAGGACGAAA-1-0,12,0.8422260944249913
CATCCACCATCGATGT-1-0,2,0.9343415059295679
CATCCACGTATAGGTA-1-0,13,0.7443738871189105
CATCCACTCACCTTAT-1-0,13,0.7628493154313672
CATCCACTCGCATGGC-1-0,13,0.7546485789648526
CATCGAAAGATGTTAG-1-0,12,0.9860560354271241
CATCGAAAGTGGTCCC-1-0,12,0.8680830036411675
CATCGAACAAAGTGCG-1-0,12,0.8483932340974611
CATCGAATCCGTTGTC-1-0,13,0.517455147369664
CATCGAATCTCCAGGG-1-0,12,0.971934532993518
CATCGGGGTGCACGAA-1-0,12,0.880461905334592
CATCGGGTCACAGGCC-1-0,12,0.9815064495276841
CATCGGGTCCAAACTG-1-0,4,0.9791642998706642
CATCGGGTCTGGAGCC-1-0,12,0.9566815242532052
CATCGGGTCTTAGCCC-1-0,12,0.8581213620299736
CATGACAAGACTGTAA-1-0,12,0.8116360602957379
CATGACAAGGATGTAT-1-0,13,0.6530796806570629
CATGACAGTAACGTTC-1-0,12,0.8660376528995369
CATGACAGTCGCTTCT-1-0,13,0.7968782319994258
CATGACAGTCTTCGTC-1-0,12,0.8784597019338575
CATGCCTAGAATAGGG-1-0,12,0.8695201784960738
CATGCCTAGGCATGGT-1-0,12,0.8176970228575229
CATGCCTAGTTGAGTA-1-0,12,0.8115357640936529
CATGCCTGTCTGATTG-1-0,12,0.8575764857805083
CATGGCGCATGACGGA-1-0,12,0.8325246342967196
CATTATCAGTCACGCC-1-0,12,0.8261714480247198
CATTATCGTGTCTGAT-1-0,13,0.7797528361744946
CATTATCTCAGGTAAA-1-0,13,0.6920472345050189
CATTCGCAGATATGCA-1-0,12,0.8148074977866389
CATTCGCAGGCTACGA-1-0,12,0.9478426298821089
CATTCGCCAAGACGTG-1-0,13,0.6132959028169445
CCAATCCCAAAGGCGT-1-0,12,0.8674912315201692
CCAATCCCAGATTGCT-1-0,12,0.9744615850921167
CCAATCCCAGCATACT-1-0,12,0.802967972534859
CCAATCCGTTCCACGG-1-0,13,0.4756682724678635
CCAATCCTCACCCGAG-1-0,13,0.7891567642133053
CCAATCCTCTTAGAGC-1-0,13,0.6522320862902073
CCACCTACAGTGGAGT-1-0,12,0.8142017173556821
CCACCTAGTACCGTTA-1-0,13,0.7561645432788796
CCACCTAGTGCAGACA-1-0,12,0.882806291822984
CCACGGAAGACTGGGT-1-0,13,0.6285257266273779
CCACGGAAGGACAGCT-1-0,13,0.7974788665115592
CCACGGACATCGGAAG-1-0,13,0.7954072077377342
CCACGGACATGACATC-1-0,12,0.8105320136115035
CCACTACAGTGACTCT-1-0,12,0.8489183521720536
CCACTACGTGGACGAT-1-0,12,0.8854807740003304
CCACTACTCCTGCAGG-1-0,12,0.9828233155365981
CCAGCGAAGTCGTTTG-1-0,12,0.8549247905934007
CCAGCGACAATAGCAA-1-0,12,0.8410584009205323
CCAGCGACATTCTCAT-1-0,12,0.8277569985472534
CCAGCGAGTGTGACCC-1-0,12,0.870063068497858
CCAGCGATCACAGTAC-1-0,12,0.8147303458325422
CCATGTCAGGCGACAT-1-0,12,0.980599875302253
CCATGTCAGTAATCCC-1-0,13,0.7833755248109504
CCATGTCAGTCAATAG-1-0,12,0.8244851896355405
CCATGTCCATTGAGCT-1-0,12,0.8637617753331452
CCATGTCTCAGTTAGC-1-0,12,0.8863511898721581
CCATTCGGTGAGGCTA-1-0,12,0.8541974814192472
CCATTCGTCACATAGC-1-0,12,0.8750069204168218
CCATTCGTCACCCTCA-1-0,13,0.4325785705529884
CCATTCGTCAGTCAGT-1-0,12,0.9365704689847177
CCCAATCAGTAGCCGA-1-0,13,0.7974985881445324
CCCAATCTCCTGTACC-1-0,12,0.805476243936666
CCCAATCTCTGCAGTA-1-0,12,0.8143470627322212
CCCAGTTAGGGTGTGT-1-0,13,0.45144752002975097
CCCAGTTCAGCTCGCA-1-0,13,0.6127095645397231
CCCAGTTGTATTACCG-1-0,12,0.809272630175748
CCCAGTTTCTGGCGTG-1-0,12,0.8762953167523846
CCCATACTCCATGCTC-1-0,12,0.8840720506195769
CCCATACTCGTACCGG-1-0,13,0.5202374620432177
CCCTCCTTCCCTTGCA-1-0,12,0.9565696545656965
CCGGGATAGTGTTAGA-1-0,12,0.8474654620226092
CCGGGATCAGGGCATA-1-0,12,0.8265237080337718
CCGGGATGTGCATCTA-1-0,12,0.811275536609894
CCGGGATTCATGGTCA-1-0,12,0.8143893278839001
CCGGTAGCACTAGTAC-1-0,12,0.8041673486244121
CCGGTAGCAGCCTGTG-1-0,13,0.6927541907053916
CCGGTAGTCAGGTTCA-1-0,13,0.4563646317940056
CCGTACTAGTACGATA-1-0,13,0.6820681240428315
CCGTACTAGTCCGGTC-1-0,12,0.8159757378799475
CCGTACTGTAAGAGAG-1-0,12,0.87714879142119
CCGTACTGTCACTGGC-1-0,13,0.7410804886479126
CCGTACTGTCGCGTGT-1-0,13,0.6861942098297273
CCGTACTTCCTACAGA-1-0,12,0.8911263517225203
CCGTTCAAGAACTCGG-1-0,13,0.7915543403646438
CCGTTCAAGATGCCTT-1-0,12,0.8779281302370874
CCGTTCAAGCGTGAGT-1-0,12,0.8920734936880234
CCGTTCAAGTGTGAAT-1-0,12,0.8059614717631861
CCGTTCACATATACCG-1-0,12,0.8733206173998262
CCGTTCATCACTTCAT-1-0,13,0.478578893599342
CCTAAAGAGCCGTCGT-1-0,12,0.8133310761803155
CCTAAAGAGCGCCTCA-1-0,12,0.8719392848280706
CCTAAAGGTCTCATCC-1-0,12,0.8117480571105431
CCTACACAGAATCTCC-1-0,13,0.6426237230989046
CCTACACAGAGGTACC-1-0,12,0.8650342399708637
CCTACACAGAGTCGGT-1-0,12,0.8069327591206138
CCTACACAGCTACCTA-1-0,12,0.9733843003194302
CCTACACGTTGTTTGG-1-0,12,0.8041524530262951
CCTACACTCGATAGAA-1-0,12,0.8363202392665045
CCTACACTCTCTAAGG-1-0,12,0.8269412954201723
CCTACCACATCTACGA-1-0,12,0.8401219505732063
CCTACCAGTAGCGCAA-1-0,12,0.8084821126710121
CCTACCATCCAATGGT-1-0,12,0.8121975063293666
CCTAGCTAGGCATGGT-1-0,13,0.7812044430373263
CCTAGCTCAAGGTTTC-1-0,13,0.772483748466271
CCTAGCTGTACAGCAG-1-0,12,0.8379147114414595
CCTAGCTGTCACTTCC-1-0,13,0.7338434584228998
CCTATTAAGCCAGGAT-1-0,12,0.888102930238475
CCTATTACACCACCAG-1-0,12,0.8439400561608332
CCTATTAGTCGAATCT-1-0,13,0.7524392819450632
CCTATTAGTTACGACT-1-0,12,0.8877900956477942
CCTATTATCGTTACGA-1-0,13,0.5990862825729992
CCTCAGTAGACTCGGA-1-0,12,0.8417012601809221
CCTCAGTAGTGGGTTG-1-0,13,0.7770811951301315
CCTCAGTCAGACTCGC-1-0,12,0.82109894853648
CCTCAGTCAGCCTTTC-1-0,12,0.856408133975887
CCTCAGTGTCCAGTGC-1-0,13,0.485071496766827
CCTCAGTTCGCAAGCC-1-0,13,0.6939483709404097
CCTCTGAAGAAGAAGC-1-0,13,0.7618617865867621
CCTCTGACAAAGGAAG-1-0,12,0.8053488806469493
CCTCTGACAAGGTTTC-1-0,12,0.8866713641267806
CCTTACGAGGCTAGCA-1-0,13,0.7858974030295481
CCTTACGAGTTTCCTT-1-0,12,0.9812802225887124
CCTTCCCAGACAAGCC-1-0,12,0.858385682919661
CCTTCCCAGCACGCCT-1-0,12,0.8112337748426173
CCTTCCCAGTTACCCA-1-0,12,0.8105101095336426
CCTTCCCCAGACAAGC-1-0,12,0.878108086987295
CCTTCCCGTCAACTGT-1-0,12,0.8084927172274372
CCTTCCCTCAACACAC-1-0,12,0.8031730207177344
CCTTCCCTCCACTGGG-1-0,6,0.9677840422753735
CCTTCCCTCGGAGGTA-1-0,12,0.8025488522287654
CCTTCGAAGTGGGCTA-1-0,12,0.8886850429001661
CCTTCGACAACCGCCA-1-0,12,0.9504060173666472
CCTTCGATCATGCATG-1-0,12,0.8032325940221635
CCTTTCTAGTGTACCT-1-0,12,0.8756932588859385
CCTTTCTCACAGCGTC-1-0,12,0.9806790092532235
CCTTTCTCAGATGAGC-1-0,12,0.8075333088212487
CCTTTCTTCGAGCCCA-1-0,12,0.846451101479848
CCTTTCTTCGGACAAG-1-0,12,0.826897731755173
CGAACATCACATAACC-1-0,12,0.8810486417677077
CGAACATTCGGTTAAC-1-0,13,0.7309750723883598
CGAATGTAGAAACGAG-1-0,12,0.9727252074756696
CGAATGTAGAAGGGTA-1-0,12,0.8537337645515829
CGAATGTAGTCATGCT-1-0,13,0.7458630040023037
CGAATGTCAGGGTATG-1-0,12,0.8429688571251595
CGACCTTCAGCATACT-1-0,13,0.7875758906608162
CGACCTTGTCAATACC-1-0,12,0.8746490614886321
CGACCTTTCCCTAACC-1-0,12,0.9874693063791511
CGAGAAGAGTCCGGTC-1-0,12,0.8548849980813038
CGAGAAGAGTGAAGAG-1-0,12,0.8554025556320738
CGAGAAGCACGTGAGA-1-0,12,0.8145335684538668
CGAGAAGCATACCATG-1-0,13,0.4579664414390238
CGAGCACAGTGAAGTT-1-0,12,0.9764763346895452
CGAGCACCAAGAGTCG-1-0,12,0.8878918868842808
CGAGCACCACATAACC-1-0,13,0.5668843430383127
CGAGCACCACATTCGA-1-0,12,0.8895881609996215
CGAGCACCATTTCACT-1-0,12,0.8717832469013455
CGAGCACGTCAAACTC-1-0,12,0.8747582723475348
CGAGCACTCAACACCA-1-0,13,0.6148131843594284
CGAGCACTCTCTAAGG-1-0,12,0.9804204910349279
CGAGCCACAGCTCGAC-1-0,12,0.8126777787867393
CGAGCCAGTACAGACG-1-0,13,0.7951428043059959
CGATCGGTCATTGCGA-1-0,12,0.8033065326587038
CGATCGGTCGCTTAGA-1-0,12,0.8257868752942045
CGATGGCAGCAGCGTA-1-0,12,0.9916183926577885
CGATGGCCACCCATGG-1-0,12,0.8543885343018239
CGATGGCGTAACGACG-1-0,13,0.7987563107467658
CGATGTAAGCGATTCT-1-0,12,0.8806989672063861
CGATGTAAGCTAAACA-1-0,13,0.6127107712232986
CGATGTAAGTATTGGA-1-0,13,0.675983444161901
CGATTGAAGGCTAGCA-1-0,12,0.881018664521336
CGATTGAGTTATCGGT-1-0,12,0.8482828786273623
CGATTGATCACCTCGT-1-0,12,0.8331170287122845
CGCCAAGAGCTTATCG-1-0,12,0.8782370230929002
CGCCAAGCAAAGGAAG-1-0,12,0.8184502225107904
CGCCAAGGTGTTTGTG-1-0,12,0.8126960917282912
CGCCAAGGTTGTACAC-1-0,12,0.8420524912412076
CGCCAAGTCAATAAGG-1-0,13,0.7910427452997523
CGCGGTAAGCTAGGCA-1-0,12,0.8447199512004409
CGCGGTAAGTACATGA-1-0,12,0.8082746195040316
CGCGGTACAAGAGTCG-1-0,12,0.870402110369132
CGCGGTACACGAAGCA-1-0,12,0.9892751335553742
CGCGGTACACTGTGTA-1-0,12,0.8021121251443405
CGCGGTACAGGCGATA-1-0,12,0.8861341441054759
CGCGGTACATATACGC-1-0,12,0.8147223866289108
CGCGGTAGTCTCTTAT-1-0,12,0.8809093807386199
CGCGGTAGTCTGATTG-1-0,12,0.8042352585200112
CGCGGTAGTGGTCTCG-1-0,12,0.8467897357545418
CGCGTTTAGGAGCGAG-1-0,12,0.8552002798678299
CGCGTTTCACTTAAGC-1-0,12,0.8675104694863236
CGCGTTTCAGGAACGT-1-0,13,0.761114929304983
CGCGTTTTCAGCCTAA-1-0,13,0.4901143994085485
CGCGTTTTCCCAGGTG-1-0,13,0.7322570224786176
CGCGTTTTCTTCGAGA-1-0,13,0.7829711715215812
CGCTATCAGCGTCTAT-1-0,12,0.8082697884979032
CGCTATCAGGCATGTG-1-0,13,0.78969833803203
CGCTATCAGGGAACGG-1-0,13,0.7396886147623117
CGCTATCGTCCCGACA-1-0,12,0.8535157811918072
CGCTATCGTCTAGAGG-1-0,12,0.9661185276408106
CGCTATCTCCTCATTA-1-0,12,0.8124742524123876
CGCTGGACATGAACCT-1-0,12,0.8121774990957595
CGCTGGATCTCCGGTT-1-0,12,0.9950352565389926
CGCTTCAAGGGATGGG-1-0,12,0.8582613363733836
CGCTTCACAAGTCTGT-1-0,12,0.8023160117512148
CGCTTCACATGTTGAC-1-0,12,0.8577897930542817
CGCTTCAGTATTCGTG-1-0,12,0.8523564078735262
CGCTTCAGTTGGGACA-1-0,12,0.8145756139846939
CGGACACCATTTCAGG-1-0,13,0.6484587726165774
CGGACACGTAGCTAAA-1-0,12,0.8457270633155879
CGGACACGTGCCTGCA-1-0,12,0.8837360006767472
CGGACACTCCCTGACT-1-0,13,0.7584587789705646
CGGACACTCGGCTACG-1-0,12,0.8810981064995647
CGGACGTCACCACCAG-1-0,12,0.8292599534511261
CGGACGTGTAGATTAG-1-0,13,0.7270617164505233
CGGACGTGTTCTGTTT-1-0,12,0.9829296720765079
CGGACGTTCCTTGCCA-1-0,12,0.8640509744500116
CGGACTGAGGTAGCTG-1-0,12,0.9782308630973792
CGGACTGAGTACCGGA-1-0,13,0.5119125394292127
CGGACTGCAAAGGAAG-1-0,12,0.9453130032667556
CGGACTGCAGCGTCCA-1-0,13,0.41629869128160163
CGGACTGGTACGAAAT-1-0,12,0.8213288959128664
CGGACTGGTGATGTGG-1-0,12,0.8746708108455167
CGGACTGTCATGCAAC-1-0,13,0.6839870879585641
CGGACTGTCCAAATGC-1-0,13,0.7771626631484284
CGGAGCTAGGTGATAT-1-0,13,0.6849320029163681
CGGAGCTCAACACGCC-1-0,13,0.5123425547807839
CGGAGTCAGGAGCGTT-1-0,12,0.8094910579710637
CGGAGTCCAACTGCTA-1-0,13,0.6538669113408767
CGGAGTCCATAGTAAG-1-0,12,0.8691640022609236
CGGAGTCGTGCAGTAG-1-0,12,0.8837381242849157
CGGAGTCGTTCCGTCT-1-0,12,0.8177393572839904
CGGAGTCTCCAGAAGG-1-0,13,0.7530887117891442
CGGAGTCTCGTGTAGT-1-0,10,0.9961788909323283
CGGCTAGAGTACGATA-1-0,13,0.7970624175904462
CGGCTAGAGTGGCACA-1-0,12,0.8799858901603844
CGGCTAGTCACTTCAT-1-0,13,0.79836636604288
CGGCTAGTCAGAGCTT-1-0,12,0.8577988614781069
CGGGTCAGTGCTCTTC-1-0,12,0.9526895227505527
CGGTTAAGTAGTACCT-1-0,13,0.7313583844208149
CGGTTAAGTCTCAACA-1-0,13,0.4617397487169672
CGGTTAATCCTAGAAC-1-0,12,0.8051304958002766
CGTAGCGCACGCGAAA-1-0,12,0.9560884095549765
CGTAGCGGTTATCACG-1-0,13,0.4803372317432604
CGTAGCGTCAGGCAAG-1-0,12,0.870272397339635
CGTAGGCAGACTTTCG-1-0,13,0.42489117683143335
CGTAGGCAGTACGCGA-1-0,13,0.4877287015104488
CGTAGGCGTAAGGGAA-1-0,12,0.8461252499623845
CGTAGGCGTGTTCTTT-1-0,13,0.5514928494796679
CGTAGGCTCAAACGGG-1-0,12,0.8527178365593373
CGTAGGCTCAGCGATT-1-0,12,0.8704977053826903
CGTCACTCAGGAATGC-1-0,12,0.8811790807026123
CGTCACTTCAGCTTAG-1-0,13,0.7933638697044962
CGTCACTTCTAACTTC-1-0,12,0.81373283037849
CGTCAGGTCCTTGCCA-1-0,12,0.8825480241657918
CGTCCATCAGTATGCT-1-0,12,0.8678037976001639
CGTCCATGTAGAAGGA-1-0,13,0.32724055386771855
CGTCCATGTGGTCCGT-1-0,13,0.7894608909099092
CGTCCATGTGTTTGTG-1-0,13,0.6313797104427868
CGTCCATTCCGCGGTA-1-0,12,0.875612739066823
CGTCCATTCCGGGTGT-1-0,13,0.794171340166635
CGTCCATTCGGCGGTT-1-0,12,0.8736382948986635
CGTCTACAGAGGTACC-1-0,12,0.8007079399452178
CGTCTACAGTACACCT-1-0,12,0.8087050136478167
CGTCTACCACAACTGT-1-0,12,0.8055389850903933
CGTCTACGTGGCTCCA-1-0,12,0.876877793974063
CGTCTACTCCACGAAT-1-0,12,0.8097084338626303
CGTGAGCAGGCTCAGA-1-0,12,0.8196644219335522
CGTGAGCGTCACACGC-1-0,12,0.8276233084383404
CGTGTAAAGCAGCCTC-1-0,12,0.9881986572845142
CGTGTAACACTGTTAG-1-0,13,0.7842853048023667
CGTGTCTGTGAGTATA-1-0,12,0.8116968855939338
CGTGTCTGTTCCACGG-1-0,13,0.7977826633013496
CGTTAGACAAGTACCT-1-0,12,0.885430598053291
CGTTAGATCCATGAGT-1-0,12,0.8392261057785146
CGTTCTGAGGGTTTCT-1-0,12,0.8098397511676155
CGTTCTGGTTACTGAC-1-0,12,0.9480788916843125
CGTTCTGTCTCGTATT-1-0,12,0.8556350378696815
CGTTGGGCAAGCCATT-1-0,13,0.5758738033444809
CGTTGGGCAGTACACT-1-0,12,0.8378988474000617
CGTTGGGCATGCTGGC-1-0,12,0.8913573442815134
CGTTGGGGTGACTACT-1-0,12,0.8769060230725364
CTAACTTAGCCCTAAT-1-0,12,0.8717759542644524
CTAACTTCACCGAAAG-1-0,13,0.7720907356236589
CTAAGACGTTTAGCTG-1-0,12,0.8295278413147078
CTAAGACTCACCGTAA-1-0,13,0.6097143717782801
CTAAGACTCATTCACT-1-0,12,0.9952640422123129
CTAAGACTCTGCGTAA-1-0,12,0.9246345229010069
CTAATGGAGCCAGGAT-1-0,13,0.7099763823353994
CTAATGGAGTCAAGCG-1-0,12,0.8305587827980119
CTAATGGGTGGTACAG-1-0,12,0.8030742933546156
CTAATGGGTGTTGGGA-1-0,12,0.8005605503624841
CTACACCAGAAAGTGG-1-0,12,0.9919976081331119
CTACACCAGCTGTCTA-1-0,13,0.7949223530355284
CTACACCAGTCAATAG-1-0,12,0.9768336045608192
CTACACCCACATCTTT-1-0,12,0.8326517777804903
CTACACCCACGTCAGC-1-0,12,0.8850228855508805
CTACATTAGCCACCTG-1-0,12,0.8912633325964588
CTACATTCAGACGCTC-1-0,13,0.7943972928919477
CTACATTGTACGAAAT-1-0,12,0.814337521159014
CTACATTGTCTAGGTT-1-0,12,0.8560112262392005
CTACGTCAGTCAAGCG-1-0,13,0.7690663695272287
CTACGTCTCGCATGAT-1-0,12,0.808594935694014
CTAGAGTAGCCATCGC-1-0,12,0.8776912561758541
CTAGAGTAGTTACGGG-1-0,12,0.9414562007271627
CTAGAGTGTCTTGCGG-1-0,3,0.8357757144292587
CTAGAGTTCATTCACT-1-0,12,0.8850070301148852
CTAGCCTAGATATGCA-1-0,13,0.44806549019167113
CTAGCCTCAAGGGTCA-1-0,13,0.4634680624367387
CTAGCCTCAGAAGCAC-1-0,12,0.8797801298739292
CTAGCCTCATTCTCAT-1-0,13,0.44736657578559824
CTAGTGAGTATTAGCC-1-0,12,0.856231149684598
CTAGTGAGTTCACGGC-1-0,13,0.7768051195006359
CTCACACAGCGTAATA-1-0,13,0.7985228883653971
CTCACACCAATCCAAC-1-0,12,0.9788788709118862
CTCAGAACACTAAGTC-1-0,13,0.3773114172403836
CTCAGAACATGCCTAA-1-0,12,0.8461679813359606
CTCATTAAGAATAGGG-1-0,13,0.6036344200950594
CTCATTAAGCGTTTAC-1-0,12,0.8494582554106122
CTCATTACAGCGTCCA-1-0,12,0.8055219798100154
CTCATTAGTGTGGTTT-1-0,12,0.8061538956093607
CTCCTAGAGCTAAGAT-1-0,12,0.8885380774950535
CTCCTAGCAGTACACT-1-0,13,0.6873207315639174
CTCCTAGGTTGGTGGA-1-0,13,0.7737701365089021
CTCGAAAAGTCAAGGC-1-0,13,0.7577778142487732
CTCGAAACACGAGGTA-1-0,13,0.7920405537439787
CTCGAAAGTCAGAAGC-1-0,12,0.8444660145241629
CTCGAAATCGTGGGAA-1-0,12,0.8714744568312661
CTCGAGGAGCGTCAAG-1-0,13,0.6011595865699123
CTCGAGGCATACGCCG-1-0,13,0.7992200540390897
CTCGAGGTCCTCCTAG-1-0,13,0.7052395336091896
CTCGGAGAGCGATGAC-1-0,12,0.8043742564924189
CTCGGAGAGCTGTTCA-1-0,12,0.8715494570435418
CTCGGAGAGGCACATG-1-0,12,0.8442134199584446
CTCGGAGAGTAGTGCG-1-0,12,0.8581044875767224
CTCGGAGAGTTCGCGC-1-0,13,0.6984211421074689
CTCGGAGCAATGAAAC-1-0,12,0.8145681876364209
CTCGGAGGTAATCACC-1-0,12,0.9916374990861448
CTCGGAGGTCAACATC-1-0,12,0.851133851774607
CTCGGAGGTGAGGGTT-1-0,12,0.8921788017260753
CTCGGAGGTTCGTGAT-1-0,13,0.6490777686566016
CTCGGAGTCCCTCAGT-1-0,12,0.8051841991988267
CTCGGAGTCGCAGGCT-1-0,13,0.7996518574907677
CTCGGGAAGTACCGGA-1-0,13,0.7808051651709863
CTCGGGAAGTTAGGTA-1-0,12,0.9841409990930989
CTCGGGATCAGGTTCA-1-0,12,0.8481144628222057
CTCGGGATCATTTGGG-1-0,12,0.8424304681295078
CTCGTACGTCAGTGGA-1-0,12,0.9850128451762519
CTCGTACGTCGACTAT-1-0,13,0.5838712444759835
CTCGTACTCCCTAATT-1-0,12,0.8807850283275765
CTCGTCAAGCGATCCC-1-0,13,0.7684992675148521
CTCGTCAAGTGCTGCC-1-0,12,0.8756177968344578
CTCGTCACAATAACGA-1-0,12,0.9444294776815384
CTCGTCAGTCTAGTGT-1-0,13,0.7980164713349326
CTCGTCATCGGCCGAT-1-0,3,0.8029096718097231
CTCTAATAGACTGGGT-1-0,12,0.8777726216024438
CTCTAATGTACATCCA-1-0,13,0.7985405177593146
CTCTAATTCGCTTGTC-1-0,13,0.7969496777576077
CTCTACGAGGGTCTCC-1-0,12,0.800421910229775
CTCTACGAGTAATCCC-1-0,12,0.8127991266064816
CTCTACGCACGGCGTT-1-0,13,0.5101377750997941
CTCTACGGTATTCGTG-1-0,13,0.7269655219274958
CTCTACGGTCGGCATC-1-0,13,0.6925799447505722
CTCTACGGTCTGGTCG-1-0,12,0.9796810847977606
CTCTACGTCCAGATCA-1-0,12,0.8747389287135168
CTCTGGTGTAAGGATT-1-0,13,0.7960672202359043
CTCTGGTGTAGAGCTG-1-0,12,0.9736003323701184
CTCTGGTGTTGAACTC-1-0,12,0.894787331237833
CTGAAACTCCAAACAC-1-0,12,0.844332765899968
CTGAAGTAGCCCAATT-1-0,13,0.7897710273256384
CTGAAGTCAGTCTTCC-1-0,12,0.8138381623359628
CTGAAGTCATGCCTTC-1-0,12,0.8728431287861657
CTGAAGTTCATCGCTC-1-0,12,0.8903138757992585
CTGAAGTTCCTTTCGG-1-0,12,0.9556196131240619
CTGATAGAGATATACG-1-0,13,0.7690469257833982
CTGATAGCAGACAAAT-1-0,12,0.8176933043613588
CTGATAGCAGTTAACC-1-0,12,0.911394218676717
CTGATAGGTCTGCGGT-1-0,12,0.8047306291664987
CTGATAGTCTGCAAGT-1-0,12,0.8846964700685188
CTGATCCCAGTTCCCT-1-0,13,0.4549683812553927
CTGATCCTCCCAAGAT-1-0,12,0.8155142352858966
CTGCCTACAGGTGCCT-1-0,12,0.8745860675069022
CTGCCTATCTCATTCA-1-0,13,0.4358829388260843
CTGCCTATCTGCTTGC-1-0,12,0.8818597104441741
CTGCGGAAGATGGCGT-1-0,13,0.7763878583229422
CTGCGGAAGTGACTCT-1-0,12,0.8816159723332763
CTGCGGACATCTGGTA-1-0,12,0.8782500305417108
CTGCGGAGTATTAGCC-1-0,12,0.9944648960305736
CTGCGGATCTTGTACT-1-0,13,0.7883296297524075
CTGCTGTAGGTAGCCA-1-0,12,0.886262335132152
CTGCTGTCATTGGGCC-1-0,13,0.6883870244108239
CTGCTGTTCTAACCGA-1-0,12,0.8916510433184633
CTGCTGTTCTTGTATC-1-0,12,0.8543998959032116
CTGGTCTAGGCCATAG-1-0,12,0.8783081159834121
CTGGTCTCAATGTTGC-1-0,12,0.987010204887255
CTGGTCTCAGATGGCA-1-0,13,0.7331736201707606
CTGGTCTCAGGAATGC-1-0,12,0.8052863142970684
CTGTGCTCAAGTAGTA-1-0,12,0.9812652607026181
CTGTGCTGTCATGCCG-1-0,12,0.8823168216257715
CTGTGCTGTGCACCAC-1-0,13,0.6538063717512758
CTGTGCTTCATCGCTC-1-0,12,0.8507892531191085
CTGTTTAAGCCAGAAC-1-0,12,0.9336215756436973
CTGTTTACACCCTATC-1-0,12,0.8772126121269922
CTGTTTACAGAGCCAA-1-0,12,0.8845053115799609
CTGTTTAGTGCACCAC-1-0,12,0.8023919044751321
CTGTTTAGTGCGAAAC-1-0,12,0.8027056994981162
CTGTTTATCTCGATGA-1-0,13,0.46007582265107755
CTTAACTCACAGGAGT-1-0,12,0.8845221893659989
CTTAACTTCGGTTAAC-1-0,13,0.7549214983932832
CTTACCGAGTACGCGA-1-0,13,0.7955069148318061
CTTACCGCAAAGCAAT-1-0,13,0.5422734263411982
CTTACCGGTTCCAACA-1-0,12,0.8647051547392101
CTTAGGAGTACCGCTG-1-0,12,0.8008127044688002
CTTAGGAGTATATCCG-1-0,12,0.8654839532043411
CTTAGGATCGGCTACG-1-0,12,0.868764825013822
CTTCTCTGTACAAGTA-1-0,12,0.9802569091006974
CTTCTCTGTCGAAAGC-1-0,13,0.6979837125494441
CTTCTCTTCAGCACAT-1-0,12,0.9814434692951144
CTTGGCTCACCAACCG-1-0,12,0.8598952740156719
CTTTGCGCAGATAATG-1-0,13,0.7324354681993858
CTTTGCGGTGTGAATA-1-0,12,0.8109736539070598
CTTTGCGGTTGCGTTA-1-0,13,0.7115831292333746
GAAACTCAGAGCAATT-1-0,12,0.8776759069776591
GAAACTCAGCTGAACG-1-0,13,0.7571190776280071
GAAACTCAGGCGACAT-1-0,13,0.6617763634623673
GAAACTCGTACGAAAT-1-0,12,0.8054364852711595
GAAATGAAGGCAGTCA-1-0,12,0.8779275166479739
GAAATGAAGTCATCCA-1-0,12,0.8735510121227535
GAAATGACAGCTGTTA-1-0,12,0.807824705327623
GAAATGAGTGTAAGTA-1-0,12,0.8468057996668772
GAACATCCACGTAAGG-1-0,13,0.7146998072021832
GAACATCGTACACCGC-1-0,12,0.8875653614073465
GAACATCGTACCGCTG-1-0,12,0.8097711570055878
GAACATCGTTAGATGA-1-0,13,0.7873902283479634
GAACCTACACACAGAG-1-0,12,0.818119406985454
GAACCTACAGTAACGG-1-0,12,0.8547304600536724
GAACGGAAGCCCGAAA-1-0,12,0.8650911343134495
GAACGGACATGACGGA-1-0,12,0.8521461455823263
GAACGGAGTTACGCGC-1-0,12,0.8391796459057479
GAAGCAGAGTTAAGTG-1-0,13,0.7868264115932346
GAAGCAGCAGTGAGTG-1-0,12,0.8533643224004424
GAAGCAGGTAAATGTG-1-0,12,0.8414051597164561
GAAGCAGTCACGACTA-1-0,12,0.9778115698359715
GAAGCAGTCAGATAAG-1-0,12,0.8148318677369707
GAATAAGAGTGGAGAA-1-0,13,0.7993815073214217
GAATAAGCAAGCTGTT-1-0,12,0.977112671371895
GAATAAGGTCGTCTTC-1-0,13,0.45533591225181536
GAATAAGGTTTCGCTC-1-0,12,0.8129608395157482
GAATAAGTCCGCGTTT-1-0,13,0.5219417893320163
GAATGAAAGACGCTTT-1-0,12,0.8091941000809258
GAATGAAGTCTAAACC-1-0,12,0.879252296598196
GAATGAATCGCGCCAA-1-0,13,0.5051196752465689
GACACGCAGAGTTGGC-1-0,12,0.8346668230373113
GACACGCAGTGGACGT-1-0,12,0.8450496010719534
GACACGCCACCATGTA-1-0,12,0.8844804598988628
GACACGCTCTCAAGTG-1-0,12,0.8013033507015425
GACAGAGAGAGGTTAT-1-0,13,0.4530140879678925
GACAGAGAGGGTATCG-1-0,13,0.677551122329113
GACAGAGCACTGCCAG-1-0,13,0.5153081725202434
GACAGAGCATCAGTCA-1-0,12,0.8421741266689281
GACAGAGCATGAACCT-1-0,12,0.8009182058078845
GACAGAGGTACTCTCC-1-0,12,0.9619294931158665
GACCAATAGGTCATCT-1-0,12,0.868238067687435
GACCAATGTGATGTCT-1-0,13,0.704807872266062
GACCAATTCATGCAAC-1-0,12,0.8519971782086414
GACCAATTCGGTTAAC-1-0,12,0.8417958996080599
GACCTGGAGCCTATGT-1-0,12,0.8030059926500244
GACCTGGAGGAGTACC-1-0,13,0.38852669972520326
GACCTGGAGTGACTCT-1-0,13,0.5381303203463494
GACCTGGCAGGCGATA-1-0,12,0.9733940641017422
GACGCGTAGCCACGTC-1-0,13,0.7914168198015207
GACGCGTAGCGGCTTC-1-0,13,0.6115188606153835
GACGCGTTCAGGTAAA-1-0,12,0.8748048396644457
GACGCGTTCTTCATGT-1-0,13,0.6593498095826428
GACGGCTAGCCAGGAT-1-0,12,0.8788994834747544
GACGGCTAGCTGCCCA-1-0,12,0.8808061390000748
GACGGCTAGGTGCTTT-1-0,12,0.8117068484612502
GACGGCTCATCCGCGA-1-0,13,0.4070004448769708
GACGTGCTCGACGGAA-1-0,13,0.462943019884251
GACGTTAAGTTTCCTT-1-0,12,0.848648615606102
GACGTTACACCCTATC-1-0,13,0.7746208459661598
GACGTTACACGTCTCT-1-0,13,0.6635666197873294
GACGTTACAGGGTACA-1-0,12,0.8083578781013887
GACGTTAGTGGAAAGA-1-0,12,0.8089645437955949
GACGTTATCCGCGTTT-1-0,12,0.9765386444346261
GACTAACAGCCTATGT-1-0,13,0.71805893966721
GACTAACCATTAGCCA-1-0,12,0.8849435091014706
GACTAACTCAACCAAC-1-0,12,0.977188423610018
GACTACAAGGCTAGGT-1-0,12,0.8372744019741594
GACTACAGTTAGAACA-1-0,13,0.7921016573792509
GACTACATCCCATTTA-1-0,12,0.8775484381634615
GACTGCGAGAATTGTG-1-0,13,0.764005129099803
GACTGCGTCGCCTGAG-1-0,12,0.8952960578608844
GACTGCGTCTCTTGAT-1-0,12,0.8660836065337476
GAGCAGAAGAATGTTG-1-0,13,0.6610965346182232
GAGCAGACAGTCAGCC-1-0,12,0.9740711919000435
GAGCAGATCAGCTCTC-1-0,12,0.814005305190643
GAGGTGAAGTACGCCC-1-0,12,0.8877202574096997
GAGGTGAAGTGAACAT-1-0,12,0.8787805083644277
GAGGTGATCCTTGCCA-1-0,12,0.8554300298036501
GAGTCCGAGTACCGGA-1-0,12,0.8865254319184369
GAGTCCGGTCGCGAAA-1-0,12,0.981779196455239
GAGTCCGTCAGCTCGG-1-0,12,0.8054671332768838
GATCAGTAGCGAAGGG-1-0,12,0.8075916995478387
GATCAGTAGCTGAACG-1-0,12,0.8525930445228446
GATCAGTAGTCCATAC-1-0,12,0.8902258002403545
GATCAGTCACATAACC-1-0,12,0.9703846310813016
GATCAGTTCTGATTCT-1-0,12,0.8180581857328589
GATCAGTTCTTCTGGC-1-0,13,0.7871952719554827
GATCGATAGACTGTAA-1-0,13,0.7775135385346111
GATCGATAGAGGTTAT-1-0,12,0.8148722835752183
GATCGATAGCGCCTTG-1-0,12,0.8544334198623238
GATCGATAGGATCGCA-1-0,12,0.8309302086782525
GATCGATCAGTCACTA-1-0,12,0.8363510627727453
GATCGATCATGCCCGA-1-0,12,0.9808023393941844
GATCGATGTTCACGGC-1-0,13,0.7851522651720498
GATCGATTCAGGTTCA-1-0,12,0.8389030333320272
GATCGATTCTCCCTGA-1-0,12,0.8388651914678478
GATCGATTCTCGCATC-1-0,13,0.7722853638955984
GATCGCGAGACTGGGT-1-0,12,0.8739692542092292
GATCGCGAGGCGATAC-1-0,12,0.8664368584827193
GATCGTAAGAGCTTCT-1-0,12,0.8182400404961211
GATCGTAAGTACGCCC-1-0,12,0.8543350496376805
GATCGTAAGTGCCATT-1-0,13,0.7680678566715679
GATCGTACAAGCCCAC-1-0,13,0.7443504337204265
GATCGTACACGGCCAT-1-0,12,0.8925981305978794
GATCGTAGTCGTGGCT-1-0,13,0.7285897652789874
GATCGTAGTTGATTCG-1-0,13,0.6009590629704692
GATCGTAGTTGGAGGT-1-0,12,0.8325036386881346
GATCGTAGTTGTCTTT-1-0,12,0.8105177677912381
GATCGTATCAGTTCGA-1-0,12,0.8797558278273484
GATCGTATCCAGAGGA-1-0,13,0.6339742344629714
GATCGTATCGGAAACG-1-0,12,0.9900433154576885
GATCGTATCTCGCTTG-1-0,12,0.8020416691550267
GATCGTATCTGTTGAG-1-0,12,0.8852056781761306
GATCTAGTCTACGAGT-1-0,12,0.8503965584119365
GATGAAAGTCCGACGT-1-0,13,0.7457199185620683
GATGAGGGTAGGGACT-1-0,12,0.85185859450438
GATGAGGGTGTGAATA-1-0,12,0.8435360404349931
GATGAGGGTTATGTGC-1-0,13,0.7260006682621968
GATGCTAGTCTAGCCG-1-0,12,0.8694678693713256
GATTCAGCAGTCTTCC-1-0,13,0.568404266282135
GATTCAGGTCGATTGT-1-0,12,0.8389804160542723
GATTCAGGTTGTCGCG-1-0,13,0.7863282706953767
GATTCAGTCTGTGCAA-1-0,12,0.884487211398202
GCAAACTCAGTCGTGC-1-0,12,0.8313593733839807
GCAAACTCATCGGAAG-1-0,12,0.8154045719933636
GCAAACTGTTCAGGCC-1-0,12,0.8748043623581858
GCAATCACAAGGACAC-1-0,13,0.6866752304062412
GCAATCACAGCTATTG-1-0,12,0.8844251386142942
GCAATCAGTTCTGTTT-1-0,12,0.8888506378375793
GCAATCATCGGTGTTA-1-0,12,0.8489106245742872
GCACATAAGAAGGCCT-1-0,13,0.7934639682139283
GCACATAAGCCGTCGT-1-0,12,0.9797909582200235
GCACTCTAGTGATCGG-1-0,13,0.6575177457694438
GCACTCTCACGCCAGT-1-0,12,0.9961446784710597
GCACTCTCACTGTCGG-1-0,12,0.8612938992292994
GCACTCTGTGCATCTA-1-0,12,0.8574380353491269
GCACTCTGTGCCTGGT-1-0,13,0.7951656906884357
GCAGCCATCGACCAGC-1-0,12,0.841032032908098
GCAGTTACAAGTAATG-1-0,12,0.8792892468358608
GCAGTTATCAGGCAAG-1-0,12,0.8596223754554528
GCAGTTATCCTTTCGG-1-0,12,0.9855101384880326
GCAGTTATCTGCGTAA-1-0,12,0.8767568714837158
GCAGTTATCTGCTTGC-1-0,13,0.46644895548256643
GCATACACAAGTAATG-1-0,12,0.8064052676142786
GCATACACAATGGATA-1-0,12,0.8656574783796182
GCATACACAGCCTTTC-1-0,13,0.520415669135292
GCATGCGAGAGCCCAA-1-0,12,0.8076836108400616
GCATGCGCAAACTGCT-1-0,13,0.6493668285702983
GCATGCGCAAGCCATT-1-0,12,0.984614276422277
GCATGCGCAGATCCAT-1-0,12,0.8669514707240933
GCATGCGGTAGCCTAT-1-0,12,0.9952823501870528
GCATGCGGTGAGGGAG-1-0,12,0.8066709225168445
GCATGTAAGTACTTGC-1-0,12,0.8883971938138826
GCATGTACATCCTAGA-1-0,13,0.537085781659511
GCCAAATGTGTGACCC-1-0,12,0.8263121926965737
GCCTCTAAGGTAAACT-1-0,12,0.8637271061331891
GCCTCTACACCTATCC-1-0,12,0.8680566103436484
GCCTCTACACGTCTCT-1-0,12,0.8800032153051379
GCCTCTAGTGCTTCTC-1-0,12,0.8263458999193557
GCCTCTATCACAAACC-1-0,13,0.7315547048393074
GCCTCTATCGCGTTTC-1-0,13,0.4644530568936959
GCGACCAAGCTGCGAA-1-0,13,0.7867306405104206
GCGACCATCTGCTGTC-1-0,13,0.7005755611902156
GCGAGAACACCCATTC-1-0,13,0.7987673313000645
GCGAGAATCAACACCA-1-0,13,0.7093266915463331
GCGAGAATCCTCAATT-1-0,12,0.8556349320116724
GCGCAACTCGGAAATA-1-0,12,0.8814066187923565
GCGCAGTAGCTGTCTA-1-0,12,0.8047417704852464
GCGCAGTAGGCTAGAC-1-0,12,0.8780261884216981
GCGCAGTCAAGTTAAG-1-0,12,0.9862965744360777
GCGCAGTGTGTTGAGG-1-0,13,0.5561471151810828
GCGCAGTTCAAACCAC-1-0,13,0.37772943824204747
GCGCAGTTCAAACCGT-1-0,12,0.8749377519745745
GCGCCAAAGAGTAATC-1-0,12,0.882055883698317
GCGCCAACAGACAAAT-1-0,13,0.7877928071954191
GCGCCAACAGACGCTC-1-0,13,0.7878345916397421
GCGCGATGTCTAGGTT-1-0,12,0.8891883398512402
GCGCGATTCAATACCG-1-0,13,0.6090161377028913
GCGCGATTCACAATGC-1-0,13,0.5806382771202506
GCGCGATTCCCGACTT-1-0,12,0.8686206776271189
GCGCGATTCTAACTGG-1-0,12,0.8105852562213155
GCGGGTTGTATAGGTA-1-0,12,0.8032986144410714
GCGGGTTGTGCAGGTA-1-0,13,0.7774474113398995
GCTCTGTGTTCGTTGA-1-0,12,0.8747195303685895
GCTGCAGAGGGTATCG-1-0,13,0.7551989227865198
GCTGCAGAGTAGCGGT-1-0,12,0.8537320215571648
GCTGCAGCAAGGTTTC-1-0,12,0.802739501132609
GCTGCAGGTAGGACAC-1-0,13,0.6535429584636849
GCTGCAGTCGGCTTGG-1-0,13,0.7970069299486153
GCTGCGAGTGCCTGCA-1-0,12,0.827366289220398
GCTGCTTAGAAACGCC-1-0,12,0.8913672896306226
GCTGCTTAGTCCTCCT-1-0,12,0.8021705632242428
GCTGCTTCAGCTGGCT-1-0,12,0.8108642266773571
GCTGCTTCATGGTTGT-1-0,12,0.8880170011261523
GCTGCTTGTAGTGAAT-1-0,12,0.8482491662781275
GCTGCTTGTGTTAAGA-1-0,12,0.8144813222414827
GCTGCTTTCTCATTCA-1-0,12,0.8055130098081609
GCTGCTTTCTGATACG-1-0,13,0.4528559935600591
GCTGGGTAGATGGCGT-1-0,12,0.8083080565236173
GCTGGGTCACGGACAA-1-0,13,0.47882913183579096
GCTGGGTCATCAGTCA-1-0,12,0.9752727591019371
GCTGGGTCATTGCGGC-1-0,13,0.7703851201554838
GCTGGGTGTCAAAGAT-1-0,12,0.9499749623743091
GCTGGGTTCCGAATGT-1-0,13,0.7847327106333164
GCTTCCATCAATACCG-1-0,12,0.8107355542896341
GCTTCCATCTGGAGCC-1-0,12,0.8048510518578595
GCTTGAAAGCGATAGC-1-0,13,0.7991510659536497
GCTTGAACACGCCAGT-1-0,12,0.877067089998774
GCTTGAAGTCTAACGT-1-0,12,0.956106468084491
GCTTGAAGTTGTGGAG-1-0,12,0.8006247615428022
GGAAAGCAGATGTTAG-1-0,12,0.8244446851179001
GGAAAGCAGGAGTTGC-1-0,13,0.7765075688161175
GGAAAGCCATAGGATA-1-0,12,0.8728985562566139
GGAAAGCTCACGAAGG-1-0,12,0.9694246987293899
GGAAAGCTCCGCGTTT-1-0,12,0.8438643341687165
GGAAAGCTCGAATGGG-1-0,12,0.8432680832215881
GGAACTTAGACTACAA-1-0,13,0.7940397213621669
GGAACTTAGCCCAATT-1-0,13,0.7144873680994087
GGAACTTGTCAAACTC-1-0,12,0.8688895688774759
GGAACTTTCCACGTTC-1-0,12,0.8875502799549042
GGAACTTTCCCATTAT-1-0,13,0.7996389794239138
GGAATAATCAAACCAC-1-0,13,0.7851887155480596
GGACAAGAGGCAATTA-1-0,13,0.4230670971687823
GGACAAGCATGGATGG-1-0,12,0.8849728190349324
GGACAAGGTCAGATAA-1-0,13,0.7981664221429491
GGACAGAAGTCAAGGC-1-0,12,0.8805618865204001
GGACAGAGTACCGCTG-1-0,13,0.5804953534581819
GGACATTAGCGAAGGG-1-0,12,0.8779870119908534
GGACATTAGTCGATAA-1-0,13,0.7844882131467231
GGACATTCACTCGACG-1-0,13,0.6614225321555424
GGACATTCAGTATCTG-1-0,12,0.8775446508416481
GGACATTCATCCGTGG-1-0,12,0.8114221272821481
GGACATTGTGTGCGTC-1-0,12,0.8514725241272114
GGACATTTCAGCGATT-1-0,12,0.8817896363950638
GGACGTCAGTAGATGT-1-0,12,0.8664150348691163
GGACGTCGTCATGCAT-1-0,13,0.7137900275284005
GGAGCAACAGCCTTTC-1-0,12,0.9714492605724704
GGAGCAACATCGGGTC-1-0,12,0.808514127617871
GGAGCAATCAGCTCGG-1-0,12,0.8763129453104213
GGATGTTAGAGCTGCA-1-0,12,0.8054632651813046
GGATGTTCAATCTACG-1-0,13,0.7553496770997129
GGATGTTCACAGATTC-1-0,12,0.8692924534794031
GGATGTTCATCACGTA-1-0,13,0.765798423225168
GGATGTTGTCGTTGTA-1-0,13,0.7982404445130299
GGATTACCAACTGGCC-1-0,12,0.8370402847115753
GGATTACTCAACACCA-1-0,12,0.8133953395081912
GGCAATTGTGTGGTTT-1-0,13,0.7262724418322271
GGCCGATCACCAGTTA-1-0,13,0.3803956238918367
GGCCGATCATCGGACC-1-0,13,0.6035019039770446
GGCCGATGTCTCCCTA-1-0,12,0.8081356206142983
GGCCGATGTGCCTGCA-1-0,13,0.7954996126827141
GGCCGATGTTCCAACA-1-0,13,0.7775787793767486
GGCCGATTCCAAAGTC-1-0,12,0.814248890213079
GGCCGATTCCTCATTA-1-0,12,0.800865819807771
GGCGACTAGCAGGTCA-1-0,12,0.833560680201333
GGCGACTAGGTCATCT-1-0,12,0.8642335255502447
GGCGACTCACGCCAGT-1-0,12,0.8770976725467922
GGCGACTGTGGTAACG-1-0,13,0.5606396909687329
GGCGTGTAGATATACG-1-0,12,0.8120618340232167
GGCGTGTAGTGCCAGA-1-0,2,0.9505594022883873
GGCGTGTGTCTCTTTA-1-0,12,0.8646037902271033
GGCTCGAAGACAGGCT-1-0,12,0.853847035066474
GGCTCGAAGGACTGGT-1-0,12,0.8136675010239183
GGCTCGACAAAGAATC-1-0,13,0.7604131887555684
GGCTCGACATTCTTAC-1-0,13,0.6589701387080253
GGCTGGTAGCCAGAAC-1-0,12,0.8230462907518518
GGCTGGTCATTTGCTT-1-0,13,0.7793029755239479
GGCTGGTGTGGCCCTA-1-0,12,0.8484056913533408
GGGAATGCAATAGAGT-1-0,12,0.8019883292837281
GGGAATGCAGGGCATA-1-0,13,0.5978358907800301
GGGAATGCATGGGAAC-1-0,12,0.8575475408616484
GGGAATGGTACAGTTC-1-0,12,0.82101627250073
GGGAATGGTCGCATAT-1-0,12,0.9270581096330243
GGGAATGGTTAGGGTG-1-0,12,0.823376554171022
GGGAATGTCCCGACTT-1-0,13,0.7908145735362242
GGGAATGTCTCTGAGA-1-0,12,0.8605233514970961
GGGACCTAGACTCGGA-1-0,12,0.8834518767015714
GGGACCTAGCGCTTAT-1-0,12,0.8946671273664821
GGGACCTCATCACGTA-1-0,12,0.838228101794768
GGGACCTTCGAATGCT-1-0,12,0.849615837691905
GGGACCTTCTGCTGTC-1-0,12,0.869253306132516
GGGAGATAGGGCTTCC-1-0,12,0.9924129436762676
GGGAGATGTACAAGTA-1-0,13,0.6963518977623965
GGGAGATGTACGCTGC-1-0,12,0.98708649536199
GGGATGAAGCAAATCA-1-0,12,0.8069992027408677
GGGATGACAGGGATTG-1-0,13,0.6503163340958055
GGGATGATCAGGATCT-1-0,12,0.8182245474196976
GGGATGATCGAATGCT-1-0,12,0.80945717395047
GGGCACTCAGCTTAAC-1-0,13,0.6962141970956429
GGGCACTCATACCATG-1-0,13,0.6427454100921938
GGGCACTCATAGACTC-1-0,12,0.8037280045093163
GGGCACTGTCGAACAG-1-0,12,0.8405212196826976
GGGCACTGTTCCAACA-1-0,12,0.8476817678610923
GGGCATCAGACTAGAT-1-0,12,0.8072526620238042
GGGCATCAGACTCGGA-1-0,13,0.5048059077876011
GGGCATCAGTATCGAA-1-0,12,0.8308845856034999
GGGCATCTCGAACGGA-1-0,12,0.8030068227402546
GGGTCTGAGTACGATA-1-0,12,0.9572754164411768
GGGTCTGCAATTCCTT-1-0,13,0.7336181348420481
GGGTCTGCAGATGAGC-1-0,12,0.8116974523130164
GGGTCTGGTAACGACG-1-0,12,0.8809100808128768
GGGTCTGGTTACCGAT-1-0,13,0.491985043106454
GGGTTGCCACGAAATA-1-0,12,0.8484373010997289
GGGTTGCCAGTAACGG-1-0,12,0.8102001700437701
GGGTTGCTCAAGGTAA-1-0,12,0.8134330286958095
GGTATTGAGGAGTCTG-1-0,12,0.8455909466661781
GGTATTGCAACCGCCA-1-0,13,0.6831188017161013
GGTATTGGTCCGAACC-1-0,12,0.8526253152756167
GGTATTGTCAAAGTAG-1-0,13,0.7989676877247142
GGTATTGTCCTCATTA-1-0,13,0.7987807540493701
GGTGAAGAGCGTGAAC-1-0,12,0.8142084827036709
GGTGAAGCAAAGTCAA-1-0,12,0.8726130345196143
GGTGAAGCACCATCCT-1-0,13,0.6588980829919214
GGTGAAGCATTGGTAC-1-0,12,0.8316884356105712
GGTGAAGGTAAGTAGT-1-0,12,0.8817896361648567
GGTGAAGGTCGACTGC-1-0,12,0.847154151020707
GGTGAAGGTGCACTTA-1-0,12,0.8178152702225643
GGTGCGTAGAACTGTA-1-0,12,0.8921701763866668
GGTGCGTAGTACGTAA-1-0,12,0.8701497773173851
GGTGCGTCAAGTTAAG-1-0,12,0.8777772864019326
GGTGCGTGTCCGAAGA-1-0,12,0.8548794250476096
GGTGCGTGTCGGGTCT-1-0,13,0.5362817369227824
GGTGCGTGTTACGACT-1-0,12,0.8768029853891004
GGTGCGTTCAATCACG-1-0,12,0.8694625240272019
GGTGCGTTCGTTACAG-1-0,13,0.7616486762202767
GGTGCGTTCGTTTGCC-1-0,12,0.8054501443665588
GGTGTTAAGGAGTAGA-1-0,13,0.7928102341685427
GGTGTTAAGTCAAGCG-1-0,12,0.8114634149898988
GGTGTTATCCTAGTGA-1-0,12,0.9724416467695486
GGTGTTATCTCTGAGA-1-0,12,0.8149430290880221
GTAACGTAGAGCTGGT-1-0,12,0.9781298787272441
GTAACGTCACGCCAGT-1-0,12,0.8044606050169106
GTAACGTCAGTTAACC-1-0,13,0.7920388848187491
GTAACGTCATGCGCAC-1-0,13,0.5726103372079977
GTAACGTCATTGGTAC-1-0,12,0.8179523122444102
GTAACGTTCGTTACGA-1-0,12,0.8846167210618529
GTAACTGAGGACATTA-1-0,13,0.7893307458816707
GTAACTGAGTGGTAGC-1-0,13,0.7499488647689472
GTAACTGGTTGCGTTA-1-0,12,0.8822095889264757
GTAACTGTCACCATAG-1-0,12,0.8485352355374998
GTACGTAAGGATGCGT-1-0,13,0.5798207316399138
GTACGTACAATACGCT-1-0,13,0.5631876263915743
GTACGTAGTTTGACTG-1-0,13,0.7819728364735474
GTACGTATCACATAGC-1-0,13,0.735497862893689
GTACGTATCATCTGTT-1-0,13,0.7226851317298678
GTACTCCGTCAAAGAT-1-0,12,0.8813600233023807
GTACTCCGTCAGAATA-1-0,12,0.8727466874759054
GTACTTTAGAAACCTA-1-0,12,0.9918687935565855
GTACTTTTCATTGCGA-1-0,13,0.7492993715045438
GTACTTTTCCGTAGTA-1-0,12,0.8495724191085503
GTAGGCCCATCCCATC-1-0,12,0.8105447306449534
GTAGTCAAGATGTCGG-1-0,12,0.8793709139262593
GTAGTCAAGGATGGAA-1-0,12,0.8881819180259233
GTATCTTAGAATGTTG-1-0,12,0.8161774439376807
GTATCTTAGCCCTAAT-1-0,12,0.8810854781206684
GTATCTTGTCTGGTCG-1-0,13,0.3768735923435132
GTATTCTCAAAGTCAA-1-0,12,0.8326672745484487
GTCAAGTAGTGGAGAA-1-0,12,0.8693860358738955
GTCAAGTCACTAAGTC-1-0,12,0.8529298534460542
GTCAAGTCAGACGCTC-1-0,12,0.805447084861785
GTCAAGTTCTATCGCC-1-0,12,0.9579813925369337
GTCACAACAGGTCTCG-1-0,12,0.8031866356526512
GTCACAACATGGGACA-1-0,13,0.32589918568150444
GTCACAAGTAAACACA-1-0,12,0.9913942197193983
GTCACAAGTCGCATAT-1-0,12,0.8741497203685346
GTCACAATCGTCGTTC-1-0,12,0.8764504749577383
GTCACAATCTCTAGGA-1-0,12,0.8750692456903117
GTCACGGAGTAGTGCG-1-0,3,0.8418634899744686
GTCATTTGTACAGTGG-1-0,13,0.6555019848024821
GTCATTTGTAGCCTAT-1-0,12,0.8428932507009272
GTCATTTGTCGTTGTA-1-0,13,0.7939807130994904
GTCCTCAAGACTGTAA-1-0,12,0.8338052700679364
GTCCTCACAAACTGTC-1-0,12,0.8464672741047892
GTCCTCAGTAAGAGAG-1-0,12,0.9859126467688253
GTCCTCATCTTGACGA-1-0,12,0.8669980375236758
GTCGGGTCAATACGCT-1-0,12,0.8452909990451454
GTCGGGTCAGGTCCAC-1-0,13,0.5338805573280102
GTCGGGTGTTTGGGCC-1-0,12,0.8215073812502869
GTCGTAAAGCGTTCCG-1-0,12,0.8119338402273594
GTCGTAAGTCCCTTGT-1-0,13,0.7440183917548295
GTCGTAAGTCCGAACC-1-0,12,0.8846908265136043
GTCGTAAGTCGCATAT-1-0,12,0.8025631276802153
GTCGTAAGTCTGGAGA-1-0,12,0.847807884111445
GTCTCGTAGCAGCGTA-1-0,12,0.8918988599300554
GTCTCGTAGGGAGTAA-1-0,12,0.8899190251456939
GTCTCGTCAAGCCATT-1-0,12,0.8914158408546131
GTCTTCGAGACTAGGC-1-0,12,0.8970495411178675
GTCTTCGAGTGTGAAT-1-0,13,0.7228639125212947
GTCTTCGCAAGCGAGT-1-0,12,0.8515199132327878
GTCTTCGCACATCCAA-1-0,12,0.8500874503839573
GTCTTCGTCAGCATGT-1-0,12,0.8748617365699191
GTCTTCGTCATCGATG-1-0,13,0.6295867720823256
GTCTTCGTCCAGTAGT-1-0,12,0.9610039868467878
GTCTTCGTCCTAGGGC-1-0,12,0.8775806858285201
GTGAAGGAGCTAGGCA-1-0,12,0.8565518110898027
GTGAAGGAGTGAACGC-1-0,12,0.814047942971407
GTGAAGGTCCTGCCAT-1-0,12,0.8011867382298455
GTGAAGGTCTTAGAGC-1-0,12,0.8713945430870798
GTGCAGCGTCCATCCT-1-0,12,0.85504084802958
GTGCAGCGTTGACGTT-1-0,12,0.8674621690321682
GTGCATAAGGACAGAA-1-0,13,0.5282500888659404
GTGCATAAGGAGTAGA-1-0,12,0.8721829952872419
GTGCATACACATGGGA-1-0,12,0.9960014675758493
GTGCATACATACAGCT-1-0,12,0.9856198915112021
GTGCATAGTGGTACAG-1-0,12,0.8405932533241541
GTGCATAGTTAAAGTG-1-0,12,0.977303378796587
GTGCGGTAGTGTGAAT-1-0,12,0.8051864671210032
GTGCGGTTCTACTATC-1-0,12,0.8321146793027548
GTGCTTCTCCCAACGG-1-0,12,0.875415841985067
GTGCTTCTCTAACTTC-1-0,13,0.7860083517260541
GTGGGTCAGACACGAC-1-0,12,0.8734143300233089
GTGGGTCAGGACATTA-1-0,13,0.6003254015365842
GTGGGTCCATTCCTGC-1-0,13,0.41692769948163605
GTGTGCGAGAAACCTA-1-0,12,0.8031155427220527
GTGTGCGCATTTCAGG-1-0,12,0.9922779652441678
GTGTGCGTCACGGTTA-1-0,13,0.5129633779547679
GTGTTAGAGTTTAGGA-1-0,12,0.8143380713484676
GTGTTAGGTTCATGGT-1-0,12,0.8690113360045901
GTGTTAGGTTCGCGAC-1-0,12,0.8814848875878679
GTTAAGCAGAGATGAG-1-0,12,0.8799816839942252
GTTAAGCGTACAGACG-1-0,13,0.7842123567405458
GTTACAGAGAAGATTC-1-0,13,0.7941549535597149
GTTACAGAGGATGCGT-1-0,13,0.727365052553706
GTTACAGCACGGTAGA-1-0,12,0.8783511831315866
GTTACAGCAGATCTGT-1-0,12,0.9918632912762982
GTTACAGGTCGACTAT-1-0,12,0.8921691164512923
GTTCATTAGCTAACAA-1-0,12,0.8054430114069681
GTTCATTGTGCTAGCC-1-0,13,0.654908130917539
GTTCATTTCAGGTTCA-1-0,12,0.8794796175514416
GTTCATTTCTGCGACG-1-0,12,0.8916935457970053
GTTCGGGCACTCAGGC-1-0,12,0.8755643827852363
GTTCGGGCACTTAACG-1-0,12,0.868607828551393
GTTCTCGAGAAACCTA-1-0,12,0.8689359046089448
GTTCTCGGTCTTCAAG-1-0,12,0.9740304028719377
GTTCTCGTCCGTACAA-1-0,12,0.8067626266778785
TAAACCGCAGACGCAA-1-0,13,0.1989208348068033
TAAACCGCAGATCTGT-1-0,12,0.8742317852457837
TAAACCGCAGTTCCCT-1-0,13,0.7375491420095183
TAAACCGCATTATCTC-1-0,13,0.7963540361985435
TAAACCGGTCTCATCC-1-0,12,0.973373004725388
TAAACCGTCCTATGTT-1-0,12,0.8503698039969386
TAAGAGAAGCCCAGCT-1-0,12,0.8735916080907289
TAAGAGAAGGAATCGC-1-0,12,0.8055784496101207
TAAGAGAGTACCGCTG-1-0,13,0.48099595271630463
TAAGCGTCATCCTAGA-1-0,13,0.4897565744602023
TAAGCGTGTTCACGGC-1-0,12,0.8756630662418534
TAAGCGTTCCATGAAC-1-0,13,0.42148002232876436
TAAGTGCGTCTCTCTG-1-0,12,0.8078306427025532
TAAGTGCGTGACTCAT-1-0,13,0.6160377592249863
TACACGAAGACAGACC-1-0,12,0.8021744767103219
TACACGAAGCGACGTA-1-0,12,0.9807065593796994
TACACGAAGGCATGGT-1-0,12,0.8782248175703969
TACACGAAGTCCATAC-1-0,12,0.8319677031241838
TACACGAGTCTGGAGA-1-0,13,0.7998522152047001
TACACGATCCCGGATG-1-0,13,0.5882147069310047
TACAGTGAGGGAAACA-1-0,12,0.8175846751123137
TACAGTGCATCCTTGC-1-0,13,0.6151007961312017
TACAGTGGTTCGTCTC-1-0,12,0.8520099861985316
TACCTATAGAGACTTA-1-0,12,0.8832458728931959
TACCTATTCTTCGGTC-1-0,13,0.43701995472092736
TACCTTAAGAGCTATA-1-0,13,0.3978663500637807
TACCTTAGTCACACGC-1-0,12,0.9080377619095086
TACCTTAGTCTTCAAG-1-0,12,0.814564922656727
TACCTTATCCAGTAGT-1-0,12,0.8647897704269284
TACCTTATCCTAGTGA-1-0,12,0.8765378689602423
TACGGATAGAGACTAT-1-0,13,0.674146084057206
TACGGATAGGTTCCTA-1-0,12,0.9425910810568704
TACGGATCATCGTCGG-1-0,13,0.7733009473130479
TACGGATTCCTTTCGG-1-0,13,0.7587825797279814
TACGGGCAGACAGGCT-1-0,12,0.9857902206818623
TACGGGCAGAGTCGGT-1-0,12,0.8528913631187983
TACGGGCAGCCACGCT-1-0,12,0.8600522894332071
TACGGGCGTTGCTCCT-1-0,12,0.9026921844538556
TACGGTACAACACCTA-1-0,13,0.6946459857804185
TACGGTACAATACGCT-1-0,13,0.5751391090124905
TACGGTAGTCCGAATT-1-0,12,0.8220406900256291
TACGGTAGTGTTGGGA-1-0,13,0.7944412904328323
TACGGTATCTAAGCCA-1-0,13,0.6972895763316143
TACTCATCAGAAGCAC-1-0,12,0.8785640146008371
TACTCGCGTAAACGCG-1-0,13,0.7966302731505056
TACTCGCGTACTTAGC-1-0,12,0.8123337732885918
TACTCGCTCGGATGGA-1-0,12,0.8114545350096182
TACTCGCTCTAACTGG-1-0,13,0.6554658966768596
TACTTACGTGTGACGA-1-0,12,0.871546354362089
TACTTACGTTCGAATC-1-0,12,0.8715798461802219
TACTTGTCAAGCCATT-1-0,12,0.934845117786086
TACTTGTTCCCAACGG-1-0,12,0.8137709614894412
TACTTGTTCGAATCCA-1-0,12,0.8911212151013431
TAGACCATCTGTACGA-1-0,12,0.8572093154381079
TAGAGCTAGACAAGCC-1-0,13,0.789733610805114
TAGAGCTCAGACAAGC-1-0,12,0.8259504265921362
TAGAGCTGTATATCCG-1-0,13,0.7959517577302063
TAGAGCTGTTTGTGTG-1-0,12,0.8842712383862443
TAGAGCTTCGAGGTAG-1-0,13,0.7994435256048473
TAGCCGGAGACAATAC-1-0,13,0.6823143302914468
TAGCCGGCACCGAAAG-1-0,10,0.9317669889229081
TAGCCGGCACGAGAGT-1-0,13,0.7140742066684594
TAGCCGGCATCACCCT-1-0,13,0.4349281210185361
TAGCCGGCATGCTGGC-1-0,13,0.5355597346630377
TAGCCGGGTGTGAATA-1-0,12,0.9836464502296045
TAGCCGGTCGAATGGG-1-0,4,0.9410397269966114
TAGGCATAGAGTAAGG-1-0,12,0.8817414501626963
TAGGCATCACATTTCT-1-0,12,0.858705730713366
TAGGCATGTGTCCTCT-1-0,12,0.8844992097023118
TAGGCATTCAATCACG-1-0,13,0.4964248855328024
TAGGCATTCCGAAGAG-1-0,13,0.656650688862569
TAGTGGTAGTCTTGCA-1-0,12,0.8858199800716958
TAGTGGTAGTGCTGCC-1-0,13,0.4491810545207403
TAGTGGTCACCCAGTG-1-0,13,0.7186279808009025
TAGTGGTCACTTCTGC-1-0,13,0.7529188541320515
TAGTGGTCATCACCCT-1-0,13,0.7262894833561102
TAGTGGTGTAAATGTG-1-0,12,0.8004938523030174
TAGTGGTGTAACGACG-1-0,12,0.8122782556063073
TAGTGGTGTATTCGTG-1-0,12,0.8782605607272149
TAGTGGTGTCGCTTCT-1-0,12,0.889671428005755
TAGTGGTGTTACTGAC-1-0,12,0.8215966381873491
TAGTGGTTCCAAACAC-1-0,13,0.5518623461029534
TAGTTGGAGAACAATC-1-0,12,0.8111263302155525
TAGTTGGAGAGCTTCT-1-0,12,0.8674607996811193
TAGTTGGCAACTGCGC-1-0,12,0.8803591122883277
TAGTTGGGTTTAGGAA-1-0,12,0.818065631081683
TAGTTGGTCACGGTTA-1-0,13,0.7973281160585691
TAGTTGGTCGTTGCCT-1-0,12,0.8703151812217176
TATCAGGCAACGATCT-1-0,12,0.8547062806001972
TATCAGGGTTCGTGAT-1-0,12,0.8726020949425903
TATCTCAAGCCAGTTT-1-0,12,0.9899144301020713
TATCTCAAGGATGGAA-1-0,12,0.8758362376879376
TATCTCACAGCTGTTA-1-0,10,0.9543627744348812
TATCTCAGTGCAGACA-1-0,12,0.8483877172906885
TATCTCATCTTCTGGC-1-0,12,0.9666508433281145
TATGCCCAGAGTGACC-1-0,12,0.8796898006934081
TATGCCCCAAGCCATT-1-0,12,0.9788520778956288
TATGCCCGTAGCCTCG-1-0,13,0.7311634690638483
TATGCCCGTAGGCATG-1-0,13,0.6747126987849837
TATGCCCGTTCCAACA-1-0,12,0.9340342538450577
TATTACCCAGTACACT-1-0,12,0.8260734324836009
TATTACCCATCACAAC-1-0,12,0.8872440668604697
TATTACCGTAGAGCTG-1-0,12,0.88539592978999
TATTACCTCATCACCC-1-0,13,0.7007842613935509
TATTACCTCTGCCCTA-1-0,3,0.824690407217936
TCAACGAAGTGGTCCC-1-0,13,0.7967529949729073
TCAACGACATTGGTAC-1-0,12,0.8774081202286614
TCAACGATCCTGCAGG-1-0,12,0.8037025877398016
TCAACGATCTTGAGGT-1-0,13,0.6553612973046081
TCAATCTTCACCAGGC-1-0,13,0.7993990770512722
TCAATCTTCATCTGTT-1-0,12,0.8069089297962915
TCACAAGAGCGATAGC-1-0,12,0.9706420902765488
TCACAAGCACGCTTTC-1-0,12,0.8462055823343433
TCACGAAAGCGGCTTC-1-0,12,0.8079232997008612
TCACGAAAGGAGTACC-1-0,12,0.8176723595576232
TCACGAAAGTTGTCGT-1-0,13,0.64630078312245
TCACGAACATCCGCGA-1-0,13,0.7240177943204865
TCACGAAGTACAGTTC-1-0,12,0.9664166363396394
TCACGAAGTTGTGGCC-1-0,13,0.5990681781637209
TCACGAATCTAACTGG-1-0,12,0.9916305934138865
TCACGAATCTGATTCT-1-0,13,0.7187479186112916
TCAGATGAGCCACGCT-1-0,12,0.8195961735696082
TCAGATGAGTTTCCTT-1-0,12,0.9873894745790743
TCAGATGGTGCTCTTC-1-0,13,0.7689223281896141
TCAGATGTCCGCAAGC-1-0,12,0.870642710489895
TCAGCAAAGTCAAGCG-1-0,12,0.8106049800704171
TCAGCAAGTGGTTTCA-1-0,12,0.8784202266351762
TCAGCAAGTTCAGTAC-1-0,13,0.6145556294440272
TCAGCAATCTCGCTTG-1-0,12,0.9805669368313271
TCAGCTCAGTTAACGA-1-0,12,0.9629436965329311
TCAGCTCGTTCGCTAA-1-0,12,0.8392398727082386
TCAGGATAGCTCCCAG-1-0,13,0.7306066026223348
TCAGGATAGCTGTCTA-1-0,13,0.7990913721150302
TCAGGATCAGCCACCA-1-0,12,0.9082453785241634
TCAGGATGTCCATGAT-1-0,12,0.8056779309450788
TCAGGATTCCCAAGAT-1-0,12,0.8113576865256237
TCAGGTAAGCGATATA-1-0,13,0.46784196599976013
TCAGGTAGTCAAAGAT-1-0,13,0.6460496514561095
TCAGGTATCCCGGATG-1-0,12,0.849963107062228
TCAGGTATCTAACGGT-1-0,12,0.810798471999115
TCATTACAGAGAGCTC-1-0,12,0.8126623462831034
TCATTACTCACGACTA-1-0,12,0.8845075649482005
TCATTTGAGATGCCTT-1-0,12,0.8036501658389813
TCATTTGAGGAGTTGC-1-0,12,0.803106947686444
TCATTTGCAGAGCCAA-1-0,12,0.8090402489976791
TCATTTGGTGTCGCTG-1-0,12,0.8050711728293234
TCATTTGTCACCGGGT-1-0,12,0.8732662228408321
TCCACACGTTAAAGTG-1-0,12,0.8468136656427488
TCCCGATAGCTCTCGG-1-0,13,0.791995733386993
TCCCGATCAATCTACG-1-0,12,0.8920968624389756
TCCCGATCACATCCGG-1-0,12,0.8779416063228269
TCCCGATCAGGGTACA-1-0,12,0.8272568617777182
TCCCGATCATCCCATC-1-0,12,0.8502881075644743
TCCCGATGTGGACGAT-1-0,12,0.967544988403807
TCCCGATGTTCTGTTT-1-0,12,0.8413621307257206
TCGAGGCAGTTATCGC-1-0,12,0.8030020036256873
TCGAGGCCATGCCTAA-1-0,12,0.9828638112113308
TCGCGAGAGTGCGTGA-1-0,13,0.7752273482086837
TCGCGAGCAACACCTA-1-0,12,0.808417180399797
TCGCGAGCACGAAACG-1-0,13,0.46726502054637215
TCGCGAGGTGGGTCAA-1-0,12,0.8132981524189964
TCGCGAGTCCGTCAAA-1-0,12,0.8119498097309392
TCGCGTTAGGAGTTTA-1-0,12,0.8111397941308502
TCGCGTTCAAATCCGT-1-0,12,0.862981421838264
TCGCGTTCAATGGTCT-1-0,12,0.8700431377125224
TCGCGTTTCCAGAAGG-1-0,12,0.8118583774671027
TCGCGTTTCGGAATCT-1-0,12,0.8778684762947595
TCGGGACAGTAGATGT-1-0,13,0.4401604089536755
TCGGGACGTGCGGTAA-1-0,12,0.8111501742255117
TCGGGACTCTGCGACG-1-0,12,0.8058316682798348
TCGGTAAAGAACTGTA-1-0,12,0.8143895412670209
TCGGTAAAGATGCGAC-1-0,12,0.8791042433628306
TCGGTAAAGCTGTCTA-1-0,12,0.8445316011825688
TCGGTAAAGTACGCCC-1-0,13,0.7231504534148968
TCGGTAAAGTACTTGC-1-0,12,0.841996844114158
TCGGTAAGTAGAAAGG-1-0,13,0.6632132786177711
TCGGTAAGTCAGTGGA-1-0,12,0.8891237745031159
TCGTACCGTGACGCCT-1-0,12,0.8059444904846503
TCGTACCTCGTTGACA-1-0,13,0.520464373543372
TCGTAGAAGATCGATA-1-0,13,0.775616858294097
TCGTAGACACAGAGGT-1-0,13,0.645183918988612
TCGTAGACATTACCTT-1-0,12,0.8586591754875286
TCGTAGATCTGCTGCT-1-0,13,0.66548525278816
TCTATTGAGACTTGAA-1-0,12,0.8912491669831151
TCTATTGCATCGATGT-1-0,13,0.6595334805848685
TCTATTGCATCTCGCT-1-0,13,0.603545721740985
TCTATTGGTCTTCTCG-1-0,12,0.8741387518569982
TCTATTGTCTTGCCGT-1-0,13,0.7223674071824083
TCTCATAGTGAGTATA-1-0,13,0.7929821868988884
TCTCATAGTTGATTCG-1-0,12,0.814435050240043
TCTCTAACAACACCCG-1-0,12,0.8775291660571581
TCTCTAACAGTACACT-1-0,13,0.750075412666593
TCTCTAAGTGCAACGA-1-0,13,0.6984903727820722
TCTCTAATCAAACCAC-1-0,13,0.7985590905839255
TCTGAGAAGACTTGAA-1-0,13,0.6924137971489991
TCTGAGAAGAGTCTGG-1-0,12,0.9891726298301534
TCTGAGACAGCTCGAC-1-0,13,0.7919550558704533
TCTGAGACATTTGCCC-1-0,12,0.8571321223332381
TCTGAGAGTACGACCC-1-0,13,0.7814691305328807
TCTGAGATCAGCTGGC-1-0,12,0.8116740428849033
TCTGGAAAGAGGTAGA-1-0,12,0.8494510272696357
TCTGGAAAGGGCACTA-1-0,12,0.8081005896108305
TCTGGAAAGTCGTACT-1-0,13,0.7593969290122656
TCTGGAACAGATGGCA-1-0,12,0.8195390744405295
TCTGGAACATGTCTCC-1-0,12,0.8412095008284433
TCTTCGGCACAGATTC-1-0,12,0.978064845708102
TCTTCGGCAGCTTAAC-1-0,12,0.9728116023662302
TCTTCGGGTTCCACAA-1-0,12,0.8578663496453511
TCTTCGGTCAGGCCCA-1-0,13,0.5952318981322751
TCTTCGGTCATGCATG-1-0,13,0.5557469100289398
TCTTTCCCACTGTGTA-1-0,12,0.8178415245217473
TCTTTCCGTCCTCCAT-1-0,13,0.6001586634007976
TCTTTCCGTGATGCCC-1-0,12,0.805140621965855
TGAAAGACAGTCTTCC-1-0,12,0.8783657810328438
TGAAAGACATGTTGAC-1-0,12,0.8607683385128477
TGAAAGAGTGTCTGAT-1-0,12,0.8052733292186294
TGAAAGAGTTCCATGA-1-0,12,0.8438958394588323
TGAAAGATCGAATCCA-1-0,12,0.8249982857293897
TGACAACAGTCCCACG-1-0,12,0.8429526713921882
TGACAACGTACGCTGC-1-0,12,0.8332925299230144
TGACAACGTATTCTCT-1-0,12,0.8416220075494308
TGACAACGTCATATCG-1-0,13,0.7036531098246916
TGACAACGTTCTGTTT-1-0,12,0.8075562455385584
TGACAACGTTGTACAC-1-0,12,0.8632780676246382
TGACGGCAGCGCTCCA-1-0,13,0.6715241485476152
TGACGGCCAGGATCGA-1-0,13,0.5047343759867852
TGACGGCGTAGCCTCG-1-0,12,0.8439468637190325
TGACTAGAGTGTCCAT-1-0,13,0.7231549943883573
TGACTAGCAGGAATCG-1-0,13,0.7193782748669268
TGACTAGCATCACAAC-1-0,12,0.8073530058310102
TGACTAGTCAGCGACC-1-0,13,0.7301874335635024
TGACTAGTCTGTTTGT-1-0,12,0.841832296381844
TGACTTTTCAAGAAGT-1-0,13,0.6573440310513834
TGACTTTTCAGGTTCA-1-0,12,0.9999023248101495
TGAGAGGAGAGGTTGC-1-0,12,0.974622117770254
TGAGAGGAGTAGCGGT-1-0,12,0.8578102641410867
TGAGAGGGTGCATCTA-1-0,12,0.8111603821827036
TGAGAGGTCCAGGGCT-1-0,12,0.8844369241763835
TGAGAGGTCGCAAGCC-1-0,13,0.7352854666370445
TGAGCATCACGGACAA-1-0,13,0.7864328774917843
TGAGCATCATGGGACA-1-0,12,0.8596669483097693
TGAGCATTCGCAGGCT-1-0,12,0.8031735778485258
TGAGCCGAGCCCGAAA-1-0,12,0.8459097546328856
TGAGCCGAGCTACCGC-1-0,13,0.6593468761437977
TGAGCCGCATTGAGCT-1-0,13,0.7669317490567358
TGAGCCGGTCCCTACT-1-0,12,0.8690341812743813
TGAGCCGGTTGAACTC-1-0,13,0.6904332223434482
TGAGCCGGTTGGACCC-1-0,13,0.7004484065068636
TGAGCCGTCAGCATGT-1-0,12,0.8471908609044052
TGAGGGAAGGCATTGG-1-0,12,0.8503041513658556
TGAGGGACAAGAAAGG-1-0,12,0.8070152975871958
TGAGGGATCCCATTTA-1-0,12,0.883521474379957
TGATTTCCAAGCCGCT-1-0,12,0.8653871686812382
TGCACCTCAGTATAAG-1-0,12,0.8185283030744659
TGCACCTGTGTGAATA-1-0,13,0.7516630106533974
TGCACCTTCAACCAAC-1-0,13,0.7694532612999494
TGCACCTTCAGGATCT-1-0,12,0.8097177591316295
TGCCAAACATGCCTAA-1-0,13,0.7988510779568875
TGCCAAAGTAAGCACG-1-0,12,0.9879564103359516
TGCCAAATCCGTAGGC-1-0,12,0.8427663926984279
TGCCAAATCGTTACAG-1-0,13,0.7988163809001801
TGCCCATCAGTATAAG-1-0,12,0.8583957985475265
TGCCCATGTTCCTCCA-1-0,13,0.6123136550084356
TGCCCATTCGTGGGAA-1-0,12,0.8838253197615409
TGCCCTAAGACTAGGC-1-0,12,0.8093912088720677
TGCCCTAAGAGTGACC-1-0,12,0.8094708545088267
TGCCCTACACCATGTA-1-0,12,0.8330828537370081
TGCCCTAGTAGTAGTA-1-0,12,0.9700023392064401
TGCCCTAGTCAACTGT-1-0,12,0.8685913566780349
TGCGCAGAGGTGCTTT-1-0,12,0.8256987195236
TGCGCAGCATATGCTG-1-0,12,0.8029096717742555
TGCGCAGGTACGACCC-1-0,13,0.7157421728520477
TGCGCAGGTAGCTAAA-1-0,13,0.6461092018903862
TGCGCAGTCGTACCGG-1-0,12,0.8321846229351685
TGCGGGTAGGATCGCA-1-0,12,0.8062187541939164
TGCGTGGAGTCGTTTG-1-0,4,0.9585140856738796
TGCTACCGTACCCAAT-1-0,12,0.8009065664573805
TGCTACCGTCTCTCGT-1-0,4,0.9698650123164693
TGCTACCTCGTTACGA-1-0,12,0.8557243638869866
TGCTGCTAGATAGTCA-1-0,12,0.8144910550801647
TGCTGCTCAATCCGAT-1-0,13,0.4824970588137502
TGCTGCTGTCTGCAAT-1-0,12,0.8142739530982327
TGCTGCTTCTGCGTAA-1-0,13,0.5051434718877482
TGGACGCCATGTCGAT-1-0,12,0.9721625604735807
TGGACGCTCCAAACTG-1-0,13,0.3539829960542709
TGGCCAGGTCTCGTTC-1-0,13,0.7176161057827355
TGGCGCACACCAACCG-1-0,13,0.6597510009093231
TGGCGCAGTTATCCGA-1-0,13,0.7857755965303087
TGGCGCATCCTTGGTC-1-0,12,0.8147661353921125
TGGCTGGAGACAAGCC-1-0,12,0.9885041976917784
TGGCTGGAGATGTTAG-1-0,12,0.8519810208127552
TGGCTGGGTAAAGGAG-1-0,13,0.6164946315202159
TGGCTGGTCAGTACGT-1-0,12,0.8114269302860352
TGGCTGGTCATGTCCC-1-0,12,0.807972759058675
TGGCTGGTCCAAGCCG-1-0,12,0.8089743057053661
TGGCTGGTCTAACTGG-1-0,12,0.9726242780937293
TGGGAAGAGATCGATA-1-0,13,0.461106278747115
TGGGAAGAGTGACTCT-1-0,13,0.5100962242064647
TGGGAAGGTTCTGTTT-1-0,12,0.9715489477739074
TGGGAAGTCGGAGCAA-1-0,12,0.8046875259496722
TGGGCGTAGGACAGAA-1-0,13,0.7552253855483635
TGGGCGTGTCGACTGC-1-0,12,0.8115652241928893
TGGGCGTGTTGCGTTA-1-0,12,0.8490888127681363
TGGTTAGCAGCGAACA-1-0,13,0.7991328386428239
TGGTTCCAGGGAACGG-1-0,13,0.5131161944841482
TGGTTCCCAACACGCC-1-0,12,0.88816102243709
TGGTTCCCATCTCCCA-1-0,13,0.713079151945221
TGTATTCAGTATCGAA-1-0,13,0.7756857197731273
TGTATTCGTCGACTAT-1-0,12,0.8032238838485392
TGTATTCTCATTTGGG-1-0,13,0.6267395866985869
TGTATTCTCGCACTCT-1-0,13,0.5895773732804831
TGTCCCAAGATGCCTT-1-0,12,0.8803868333220956
TGTCCCAAGGGTCTCC-1-0,12,0.9804421795646164
TGTCCCATCGTTGACA-1-0,13,0.4511503857554393
TGTCCCATCTAACCGA-1-0,12,0.8750017209709208
TGTGGTAAGACGCAAC-1-0,12,0.8345937961796633
TGTGGTAAGGACACCA-1-0,12,0.8882050104118148
TGTGGTAAGTGCGATG-1-0,12,0.8114742466499184
TGTGGTAGTACTTCTT-1-0,12,0.991398805741722
TGTGGTAGTCCGTCAG-1-0,12,0.8774479813554942
TGTGGTAGTTTGGGCC-1-0,13,0.7976781787062782
TGTGGTATCATTATCC-1-0,12,0.8954312591926209
TGTGTTTAGTCCGGTC-1-0,13,0.6054094067493808
TGTGTTTCACTCTGTC-1-0,12,0.9417350304389199
TGTGTTTCATGATCCA-1-0,12,0.8306974111733622
TGTGTTTTCCGCATCT-1-0,12,0.8134942007228507
TGTTCCGGTTAGATGA-1-0,12,0.8641284424285595
TGTTCCGTCCCTTGTG-1-0,12,0.9799433319399329
TGTTCCGTCTAACTGG-1-0,12,0.9718524901367794
TTAACTCAGACAAAGG-1-0,13,0.7815473771232263
TTAACTCAGAGCAATT-1-0,13,0.5437638173935887
TTAACTCAGCCCAGCT-1-0,12,0.8652165760696698
TTAGGACGTTGCGCAC-1-0,13,0.5491095487364505
TTAGGACTCAGAAATG-1-0,13,0.7819694978484429
TTAGGACTCCAGATCA-1-0,13,0.6219128423373226
TTAGGACTCTTGCATT-1-0,12,0.8406812187807677
TTAGGCAAGGACGAAA-1-0,4,0.9693979577697032
TTAGGCACAAAGTGCG-1-0,12,0.8113847302829947
TTAGGCACAATTGCTG-1-0,13,0.7970610485756325
TTAGGCACAGCTGGCT-1-0,13,0.6601148003288725
TTAGGCACATCACGAT-1-0,12,0.9912743746427479
TTAGGCAGTACCATCA-1-0,12,0.9819148360198796
TTAGGCAGTCACTTCC-1-0,13,0.7908500857430841
TTAGGCAGTGTGAAAT-1-0,13,0.7937396422042562
TTAGGCATCACGACTA-1-0,12,0.878528385689772
TTAGTTCAGCTAGTCT-1-0,12,0.8437049601996854
TTAGTTCGTTAGTGGG-1-0,13,0.6620720009321878
TTAGTTCTCAAAGTAG-1-0,12,0.8423528356459398
TTAGTTCTCAACGGGA-1-0,13,0.7626938605395709
TTATGCTAGCCAGTTT-1-0,13,0.7736207640442754
TTATGCTAGCTCTCGG-1-0,12,0.8012852800756702
TTATGCTCATCCCACT-1-0,13,0.7986253636402295
TTATGCTGTTCATGGT-1-0,12,0.8747163602048925
TTCCCAGAGTAGATGT-1-0,12,0.883751837985851
TTCCCAGCACCGATAT-1-0,13,0.7729799053991165
TTCCCAGCAGATGGGT-1-0,13,0.5628474252526424
TTCCCAGCATCCCACT-1-0,12,0.8244984597350361
TTCCCAGTCAGTCCCT-1-0,13,0.7224929526349045
TTCGGTCAGAATGTTG-1-0,12,0.8754982148718289
TTCGGTCCAAGACGTG-1-0,12,0.8447668834719918
TTCTACAGTGCAGTAG-1-0,13,0.6976963662404819
TTCTACATCATGCTCC-1-0,12,0.8367201287345277
TTCTCAAAGGATCGCA-1-0,12,0.8291217105611226
TTCTCAAAGTAGTGCG-1-0,12,0.886117339961571
TTCTCAACATGCATGT-1-0,12,0.9765572386857712
TTCTCAACATGGTCAT-1-0,12,0.9918288414729506
TTCTCAAGTTTCGCTC-1-0,12,0.8093397996947889
TTCTCAATCTCTGTCG-1-0,13,0.6717760391683838
TTCTCCTAGCTGCCCA-1-0,12,0.8689380268465628
TTCTCCTAGGCATTGG-1-0,12,0.8883020523410037
TTCTCCTCATCCTAGA-1-0,12,0.8622857963064711
TTCTCCTCATGACGGA-1-0,12,0.8823560439214849
TTCTCCTGTTGCGTTA-1-0,12,0.8431270138814152
TTCTCCTTCACAATGC-1-0,12,0.8516774085293138
TTCTCCTTCTTGCCGT-1-0,13,0.47723127093894624
TTCTTAGGTCGCGGTT-1-0,13,0.7735423593869285
TTCTTAGGTGATGCCC-1-0,12,0.8113804504489981
TTCTTAGTCGCCTGTT-1-0,12,0.9887455558021212
TTCTTAGTCTGTCCGT-1-0,13,0.7974792565719383
TTGAACGAGATTACCC-1-0,13,0.6552070112529289
TTGAACGAGGAGTACC-1-0,12,0.8880212728390993
TTGAACGAGGGCTCTC-1-0,13,0.7953236522467211
TTGAACGCACATCCGG-1-0,12,0.8538657177100325
TTGAACGCACGCGAAA-1-0,13,0.6844753331411172
TTGAACGGTACCGTTA-1-0,12,0.8158936955740862
TTGAACGGTCTACCTC-1-0,12,0.8853329877039653
TTGACTTCAGCATACT-1-0,13,0.35485767190083367
TTGACTTGTACCGAGA-1-0,12,0.8869466118233098
TTGACTTGTACCGTTA-1-0,13,0.7554471067425695
TTGACTTTCAGTTGAC-1-0,12,0.8646292347193755
TTGACTTTCTACTCAT-1-0,12,0.8284423481078721
TTGCCGTAGAGTGACC-1-0,13,0.6629540979182779
TTGCCGTAGCCCAGCT-1-0,13,0.7849791329077304
TTGCCGTGTTCCATGA-1-0,12,0.8045985298322973
TTGCCGTTCCGTTGCT-1-0,13,0.7705237537132
TTGCCGTTCGCACTCT-1-0,12,0.8905160182233122
TTGCCGTTCGCTAGCG-1-0,12,0.8213041743723603
TTGCCGTTCTCTAGGA-1-0,12,0.8186292324683987
TTGCCGTTCTTTAGGG-1-0,12,0.9812816957934472
TTGCGTCAGCTAGTTC-1-0,12,0.8771836978749709
TTGCGTCCACAGATTC-1-0,12,0.849021335331733
TTGCGTCGTAGCGTAG-1-0,4,0.9924123470577537
TTGCGTCGTATCAGTC-1-0,12,0.9943629096665194
TTGCGTCTCCGCAAGC-1-0,12,0.8497204633051363
TTGCGTCTCCGCGCAA-1-0,12,0.8436849337316389
TTGGAACAGGTAAACT-1-0,13,0.7955886752846587
TTGGAACAGTCGAGTG-1-0,13,0.4126405549592117
TTGGAACCATCGTCGG-1-0,12,0.8808891924365214
TTGGAACTCAGTTAGC-1-0,12,0.8477476191565048
TTGGCAAAGCGACGTA-1-0,12,0.9439704457562877
TTGGCAAAGGACACCA-1-0,12,0.8552417027599469
TTGGCAACAGATCTGT-1-0,12,0.8920728993538383
TTGGCAAGTCGGCTCA-1-0,13,0.7969746886039812
TTGTAGGAGGTGCAAC-1-0,12,0.8783094743243642
TTGTAGGGTAAACGCG-1-0,12,0.8081579076553542
TTGTAGGGTCGTCTTC-1-0,12,0.885011066385876
TTGTAGGTCCTAAGTG-1-0,12,0.8900563591953465
TTGTAGGTCGTACCGG-1-0,12,0.8583269041414845
TTTACTGAGAGGTTAT-1-0,12,0.8722459821043647
TTTACTGAGTGGGTTG-1-0,12,0.806883237093068
TTTACTGCAGCTGTTA-1-0,13,0.46985669544011355
TTTACTGGTAAGGGAA-1-0,12,0.854031353872625
TTTACTGGTCGCGAAA-1-0,8,0.9325486498742068
TTTATGCTCTATCCTA-1-0,13,0.7844461107554532
TTTCCTCAGCTAGTCT-1-0,12,0.960149717724447
TTTCCTCAGGATGCGT-1-0,12,0.806797245745402
TTTCCTCAGGTGCACA-1-0,12,0.8042412049894094
TTTCCTCTCCGCGGTA-1-0,12,0.8811236494063805
TTTCCTCTCTCTGTCG-1-0,12,0.8915853854562544
TTTGCGCAGACTGTAA-1-0,12,0.8779728207305723
TTTGCGCAGTAACCCT-1-0,12,0.8111606490027644
TTTGCGCAGTTCGATC-1-0,13,0.6143525128895114
TTTGCGCGTGTAACGG-1-0,13,0.7936301920921432
TTTGCGCGTTGGTGGA-1-0,12,0.8510545144928884
TTTGCGCTCTGCTTGC-1-0,12,0.851519451662334
TTTGGTTGTCAAGCGA-1-0,12,0.8035859786297165
TTTGTCAGTCTGGAGA-1-0,12,0.8677268223315667
