barcode,index
Bar1,1
Bar2,2
Bar3,3
Bar4,4
Bar5,5
Bar6,6
Bar7,7
Bar8,8
Bar9,9
Bar10,10
Bar11,11
Bar12,12
Bar13,13
Bar14,14
Bar15,15
Bar16,16
Bar17,17
Bar18,18
Bar19,19
Bar20,20
Bar21,21
Bar22,22
Bar23,23
Bar24,24
Bar25,25
Bar26,26
Bar27,27
Bar28,28
Bar29,29
Bar30,30
Bar31,31
Bar32,32
Bar33,33
Bar34,34
Bar35,35
Bar36,36
Bar37,37
Bar38,38
Bar39,39
Bar40,40
Bar41,41
Bar42,42
Bar43,43
Bar44,44
Bar45,45
Bar46,46
Bar47,47
Bar48,48
Bar49,49
Bar50,50
Bar51,51
Bar52,52
Bar53,53
Bar54,54
Bar55,55
Bar56,56
Bar57,57
Bar58,58
Bar59,59
Bar60,60
Bar61,61
Bar62,62
Bar63,63
Bar64,64
Bar65,65
Bar66,66
Bar67,67
Bar68,68
Bar69,69
Bar70,70
Bar71,71
Bar72,72
Bar73,73
Bar74,74
Bar75,75
Bar76,76
Bar77,77
Bar78,78
Bar79,79
Bar80,80
Bar81,81
Bar82,82
Bar83,83
Bar84,84
Bar85,85
Bar86,86
Bar87,87
Bar88,88
Bar89,89
Bar90,90
Bar91,91
Bar92,92
Bar93,93
Bar94,94
Bar95,95
Bar96,96
