"","Object","Dataset","Method","Singlet","Multiplet","Negative"
"1","labels_bar11_beacon","bar11","beacon",5125,252,344
"2","labels_bar11_bff_cluster","bar11","bff_cluster",4643,1065,14
"3","labels_bar11_bff_raw","bar11","bff_raw",3176,2532,14
"4","labels_bar11_cmd","bar11","cmd",5513,206,2
"5","labels_bar11_demuxem","bar11","demuxem",3878,1599,246
"6","labels_bar11_demuxmix","bar11","demuxmix",3363,471,1887
"7","labels_bar11_demuxmix_naive","bar11","demuxmix_naive",3358,471,1892
"8","labels_bar11_dm","bar11","dm",3350,346,2026
"9","labels_bar11_dm2","bar11","dm2",3760,360,1601
"10","labels_bar11_gmm","bar11","gmm",2373,237,3112
"11","labels_bar11_hashed","bar11","hashed",3198,329,2195
"12","labels_bar11_hsolo","bar11","hsolo",5261,457,4
"13","labels_bar11_hto","bar11","hto",3155,1041,1526
"14","labels_cook_mix1_beacon","cook_mix1","beacon",11427,1223,7
"15","labels_cook_mix1_bff_cluster","cook_mix1","bff_cluster",5124,7525,8
"16","labels_cook_mix1_bff_raw","cook_mix1","bff_raw",2009,42,10606
"17","labels_cook_mix1_cmd","cook_mix1","cmd",0,0,12657
"18","labels_cook_mix1_demuxmix","cook_mix1","demuxmix",0,0,12657
"19","labels_cook_mix1_demuxmix_naive","cook_mix1","demuxmix_naive",0,0,12657
"20","labels_cook_mix1_dm","cook_mix1","dm",5184,1388,6085
"21","labels_cook_mix1_dm2","cook_mix1","dm2",3576,8777,304
"22","labels_cook_mix1_gmm","cook_mix1","gmm",0,0,12657
"23","labels_cook_mix1_hashed","cook_mix1","hashed",7188,272,5197
"24","labels_cook_mix1_hsolo","cook_mix1","hsolo",5062,7586,9
"25","labels_cook_mix1_hto","cook_mix1","hto",0,0,12657
"26","labels_cook_mix2_beacon","cook_mix2","beacon",11375,1210,4
"27","labels_cook_mix2_bff_cluster","cook_mix2","bff_cluster",8135,4431,23
"28","labels_cook_mix2_bff_raw","cook_mix2","bff_raw",5666,423,6500
"29","labels_cook_mix2_cmd","cook_mix2","cmd",0,0,12589
"30","labels_cook_mix2_demuxmix","cook_mix2","demuxmix",0,0,12589
"31","labels_cook_mix2_demuxmix_naive","cook_mix2","demuxmix_naive",0,0,12589
"32","labels_cook_mix2_dm","cook_mix2","dm",4045,1100,7444
"33","labels_cook_mix2_dm2","cook_mix2","dm2",4499,7958,132
"34","labels_cook_mix2_gmm","cook_mix2","gmm",0,0,12589
"35","labels_cook_mix2_hashed","cook_mix2","hashed",8466,495,3628
"36","labels_cook_mix2_hsolo","cook_mix2","hsolo",5330,7238,21
"37","labels_cook_mix2_hto","cook_mix2","hto",0,0,12589
"38","labels_cook_mix3a_beacon","cook_mix3a","beacon",11914,1354,50
"39","labels_cook_mix3a_bff_cluster","cook_mix3a","bff_cluster",0,0,13318
"40","labels_cook_mix3a_bff_raw","cook_mix3a","bff_raw",5391,683,7244
"41","labels_cook_mix3a_cmd","cook_mix3a","cmd",0,0,13318
"42","labels_cook_mix3a_demuxmix","cook_mix3a","demuxmix",0,0,13318
"43","labels_cook_mix3a_demuxmix_naive","cook_mix3a","demuxmix_naive",0,0,13318
"44","labels_cook_mix3a_dm","cook_mix3a","dm",9744,2652,922
"45","labels_cook_mix3a_dm2","cook_mix3a","dm2",7842,5221,255
"46","labels_cook_mix3a_gmm","cook_mix3a","gmm",0,0,13318
"47","labels_cook_mix3a_hashed","cook_mix3a","hashed",6019,1533,5766
"48","labels_cook_mix3a_hsolo","cook_mix3a","hsolo",7429,5872,17
"49","labels_cook_mix3a_hto","cook_mix3a","hto",0,0,13318
"50","labels_cook_mix3b_beacon","cook_mix3b","beacon",10334,990,60
"51","labels_cook_mix3b_bff_cluster","cook_mix3b","bff_cluster",6665,4707,12
"52","labels_cook_mix3b_bff_raw","cook_mix3b","bff_raw",4379,284,6721
"53","labels_cook_mix3b_cmd","cook_mix3b","cmd",0,0,11384
"54","labels_cook_mix3b_demuxmix","cook_mix3b","demuxmix",0,0,11384
"55","labels_cook_mix3b_demuxmix_naive","cook_mix3b","demuxmix_naive",0,0,11384
"56","labels_cook_mix3b_dm","cook_mix3b","dm",7991,2036,1357
"57","labels_cook_mix3b_dm2","cook_mix3b","dm2",6090,5164,130
"58","labels_cook_mix3b_gmm","cook_mix3b","gmm",0,0,11384
"59","labels_cook_mix3b_hashed","cook_mix3b","hashed",6477,842,4065
"60","labels_cook_mix3b_hsolo","cook_mix3b","hsolo",6389,4978,17
"61","labels_cook_mix3b_hto","cook_mix3b","hto",0,0,11384
"62","labels_cook_mix4a_beacon","cook_mix4a","beacon",12826,1591,27
"63","labels_cook_mix4a_bff_cluster","cook_mix4a","bff_cluster",8451,5958,35
"64","labels_cook_mix4a_bff_raw","cook_mix4a","bff_raw",6179,422,7843
"65","labels_cook_mix4a_cmd","cook_mix4a","cmd",0,0,14444
"66","labels_cook_mix4a_demuxmix","cook_mix4a","demuxmix",0,0,14444
"67","labels_cook_mix4a_demuxmix_naive","cook_mix4a","demuxmix_naive",0,0,14444
"68","labels_cook_mix4a_dm","cook_mix4a","dm",9946,2902,1596
"69","labels_cook_mix4a_dm2","cook_mix4a","dm2",0,0,14444
"70","labels_cook_mix4a_gmm","cook_mix4a","gmm",0,0,14444
"71","labels_cook_mix4a_hashed","cook_mix4a","hashed",9174,783,4487
"72","labels_cook_mix4a_hsolo","cook_mix4a","hsolo",7929,6509,6
"73","labels_cook_mix4a_hto","cook_mix4a","hto",0,0,14444
"74","labels_cook_mix4b_beacon","cook_mix4b","beacon",12790,1696,434
"75","labels_cook_mix4b_bff_cluster","cook_mix4b","bff_cluster",0,0,14920
"76","labels_cook_mix4b_bff_raw","cook_mix4b","bff_raw",5919,441,8560
"77","labels_cook_mix4b_cmd","cook_mix4b","cmd",0,0,14920
"78","labels_cook_mix4b_demuxmix","cook_mix4b","demuxmix",0,0,14920
"79","labels_cook_mix4b_demuxmix_naive","cook_mix4b","demuxmix_naive",0,0,14920
"80","labels_cook_mix4b_dm","cook_mix4b","dm",9965,2771,2184
"81","labels_cook_mix4b_dm2","cook_mix4b","dm2",8355,6388,177
"82","labels_cook_mix4b_gmm","cook_mix4b","gmm",0,0,14920
"83","labels_cook_mix4b_hashed","cook_mix4b","hashed",8468,1013,5439
"84","labels_cook_mix4b_hsolo","cook_mix4b","hsolo",8919,5991,10
"85","labels_cook_mix4b_hto","cook_mix4b","hto",0,0,14920
"86","labels_gaublomme_beacon","gaublomme","beacon",2458,50,0
"87","labels_gaublomme_bff_cluster","gaublomme","bff_cluster",2402,55,51
"88","labels_gaublomme_bff_raw","gaublomme","bff_raw",2423,39,46
"89","labels_gaublomme_cmd","gaublomme","cmd",2432,51,25
"90","labels_gaublomme_demuxem","gaublomme","demuxem",2434,69,5
"91","labels_gaublomme_demuxmix","gaublomme","demuxmix",2432,51,25
"92","labels_gaublomme_demuxmix_naive","gaublomme","demuxmix_naive",2425,55,28
"93","labels_gaublomme_dm","gaublomme","dm",2447,46,15
"94","labels_gaublomme_dm2","gaublomme","dm2",2461,37,10
"95","labels_gaublomme_gmm","gaublomme","gmm",2410,38,60
"96","labels_gaublomme_hashed","gaublomme","hashed",2425,44,39
"97","labels_gaublomme_hsolo","gaublomme","hsolo",2451,45,12
"98","labels_gaublomme_hto","gaublomme","hto",2308,187,13
"99","labels_howitt_batch1_c1_beacon","howitt_batch1_c1","beacon",10555,1024,0
"100","labels_howitt_batch1_c1_bff_cluster","howitt_batch1_c1","bff_cluster",10794,650,135
"101","labels_howitt_batch1_c1_bff_raw","howitt_batch1_c1","bff_raw",8637,1294,1648
"102","labels_howitt_batch1_c1_cmd","howitt_batch1_c1","cmd",11000,575,4
"103","labels_howitt_batch1_c1_demuxmix_naive","howitt_batch1_c1","demuxmix_naive",9161,1940,478
"104","labels_howitt_batch1_c1_dm","howitt_batch1_c1","dm",9633,1743,203
"105","labels_howitt_batch1_c1_dm2","howitt_batch1_c1","dm2",9362,2123,94
"106","labels_howitt_batch1_c1_gmm","howitt_batch1_c1","gmm",8839,1327,1413
"107","labels_howitt_batch1_c1_hashed","howitt_batch1_c1","hashed",9239,1646,694
"108","labels_howitt_batch1_c1_hsolo","howitt_batch1_c1","hsolo",9631,1833,115
"109","labels_howitt_batch1_c1_hto","howitt_batch1_c1","hto",9182,1858,539
"110","labels_howitt_batch1_c2_beacon","howitt_batch1_c2","beacon",11316,1195,1
"111","labels_howitt_batch1_c2_bff_cluster","howitt_batch1_c2","bff_cluster",11675,626,211
"112","labels_howitt_batch1_c2_bff_raw","howitt_batch1_c2","bff_raw",9305,1843,1364
"113","labels_howitt_batch1_c2_cmd","howitt_batch1_c2","cmd",11886,618,8
"114","labels_howitt_batch1_c2_demuxmix_naive","howitt_batch1_c2","demuxmix_naive",9426,2337,749
"115","labels_howitt_batch1_c2_dm","howitt_batch1_c2","dm",9885,2257,370
"116","labels_howitt_batch1_c2_dm2","howitt_batch1_c2","dm2",9678,2644,190
"117","labels_howitt_batch1_c2_gmm","howitt_batch1_c2","gmm",9033,1697,1782
"118","labels_howitt_batch1_c2_hashed","howitt_batch1_c2","hashed",9585,2003,924
"119","labels_howitt_batch1_c2_hsolo","howitt_batch1_c2","hsolo",10180,2190,142
"120","labels_howitt_batch1_c2_hto","howitt_batch1_c2","hto",8859,3112,541
"121","labels_howitt_batch2_c1_beacon","howitt_batch2_c1","beacon",19566,4397,72
"122","labels_howitt_batch2_c1_bff_cluster","howitt_batch2_c1","bff_cluster",20406,3505,124
"123","labels_howitt_batch2_c1_bff_raw","howitt_batch2_c1","bff_raw",14764,2731,6540
"124","labels_howitt_batch2_c1_cmd","howitt_batch2_c1","cmd",22833,18,1184
"125","labels_howitt_batch2_c1_demuxmix_naive","howitt_batch2_c1","demuxmix_naive",16228,5567,2240
"126","labels_howitt_batch2_c1_dm","howitt_batch2_c1","dm",10219,11979,1837
"127","labels_howitt_batch2_c1_dm2","howitt_batch2_c1","dm2",17207,5603,1225
"128","labels_howitt_batch2_c1_gmm","howitt_batch2_c1","gmm",4519,1821,17695
"129","labels_howitt_batch2_c1_hashed","howitt_batch2_c1","hashed",14101,2728,7206
"130","labels_howitt_batch2_c1_hsolo","howitt_batch2_c1","hsolo",18936,5024,74
"131","labels_howitt_batch2_c1_hto","howitt_batch2_c1","hto",15790,4724,3521
"132","labels_howitt_batch2_c2_beacon","howitt_batch2_c2","beacon",20036,4683,87
"133","labels_howitt_batch2_c2_bff_cluster","howitt_batch2_c2","bff_cluster",21593,3130,83
"134","labels_howitt_batch2_c2_bff_raw","howitt_batch2_c2","bff_raw",15217,3643,5946
"135","labels_howitt_batch2_c2_cmd","howitt_batch2_c2","cmd",23565,3,1238
"136","labels_howitt_batch2_c2_demuxmix_naive","howitt_batch2_c2","demuxmix_naive",16168,5956,2682
"137","labels_howitt_batch2_c2_dm","howitt_batch2_c2","dm",12552,5049,7205
"138","labels_howitt_batch2_c2_dm2","howitt_batch2_c2","dm2",17163,6309,1334
"139","labels_howitt_batch2_c2_gmm","howitt_batch2_c2","gmm",2769,1090,20947
"140","labels_howitt_batch2_c2_hashed","howitt_batch2_c2","hashed",14228,2929,7649
"141","labels_howitt_batch2_c2_hsolo","howitt_batch2_c2","hsolo",19498,5225,82
"142","labels_howitt_batch2_c2_hto","howitt_batch2_c2","hto",15126,6377,3303
"143","labels_howitt_batch3_c1_beacon","howitt_batch3_c1","beacon",22917,7419,895
"144","labels_howitt_batch3_c1_bff_cluster","howitt_batch3_c1","bff_cluster",20335,10830,66
"145","labels_howitt_batch3_c1_bff_raw","howitt_batch3_c1","bff_raw",13498,2135,15598
"146","labels_howitt_batch3_c1_cmd","howitt_batch3_c1","cmd",29669,4,1558
"147","labels_howitt_batch3_c1_demuxmix_naive","howitt_batch3_c1","demuxmix_naive",18038,7605,5588
"148","labels_howitt_batch3_c1_dm","howitt_batch3_c1","dm",10802,3160,17269
"149","labels_howitt_batch3_c1_dm2","howitt_batch3_c1","dm2",19811,7292,4128
"150","labels_howitt_batch3_c1_gmm","howitt_batch3_c1","gmm",14294,3523,13414
"151","labels_howitt_batch3_c1_hashed","howitt_batch3_c1","hashed",14686,3603,12942
"152","labels_howitt_batch3_c1_hsolo","howitt_batch3_c1","hsolo",24621,6608,1
"153","labels_howitt_batch3_c1_hto","howitt_batch3_c1","hto",17882,7161,6188
"154","labels_howitt_batch3_c2_beacon","howitt_batch3_c2","beacon",23212,7345,518
"155","labels_howitt_batch3_c2_bff_cluster","howitt_batch3_c2","bff_cluster",23944,7046,85
"156","labels_howitt_batch3_c2_bff_raw","howitt_batch3_c2","bff_raw",17065,3323,10687
"157","labels_howitt_batch3_c2_cmd","howitt_batch3_c2","cmd",29521,2,1552
"158","labels_howitt_batch3_c2_demuxmix_naive","howitt_batch3_c2","demuxmix_naive",18844,7644,4587
"159","labels_howitt_batch3_c2_dm","howitt_batch3_c2","dm",17099,9941,4035
"160","labels_howitt_batch3_c2_dm2","howitt_batch3_c2","dm2",20330,7159,3586
"161","labels_howitt_batch3_c2_gmm","howitt_batch3_c2","gmm",15002,4069,12004
"162","labels_howitt_batch3_c2_hashed","howitt_batch3_c2","hashed",15406,3698,11971
"163","labels_howitt_batch3_c2_hsolo","howitt_batch3_c2","hsolo",24376,6696,2
"164","labels_howitt_batch3_c2_hto","howitt_batch3_c2","hto",18404,6484,6187
"165","labels_howitt_capture1_beacon","howitt_capture1","beacon",14441,2100,57
"166","labels_howitt_capture1_bff_cluster","howitt_capture1","bff_cluster",15674,812,112
"167","labels_howitt_capture1_bff_raw","howitt_capture1","bff_raw",11633,3163,1802
"168","labels_howitt_capture1_cmd","howitt_capture1","cmd",15768,807,23
"169","labels_howitt_capture1_demuxmix_naive","howitt_capture1","demuxmix_naive",9994,3306,3298
"170","labels_howitt_capture1_dm","howitt_capture1","dm",1397,73,15128
"171","labels_howitt_capture1_dm2","howitt_capture1","dm2",14531,1752,312
"172","labels_howitt_capture1_gmm","howitt_capture1","gmm",1496,1836,13266
"173","labels_howitt_capture1_hashed","howitt_capture1","hashed",9480,722,6396
"174","labels_howitt_capture1_hsolo","howitt_capture1","hsolo",13985,2580,33
"175","labels_howitt_capture1_hto","howitt_capture1","hto",10581,2115,3902
"176","labels_howitt_capture2_beacon","howitt_capture2","beacon",12932,1627,48
"177","labels_howitt_capture2_bff_cluster","howitt_capture2","bff_cluster",13823,634,150
"178","labels_howitt_capture2_bff_raw","howitt_capture2","bff_raw",10496,2267,1844
"179","labels_howitt_capture2_cmd","howitt_capture2","cmd",13876,730,1
"180","labels_howitt_capture2_demuxmix_naive","howitt_capture2","demuxmix_naive",9279,2462,2866
"181","labels_howitt_capture2_dm","howitt_capture2","dm",2273,508,11826
"182","labels_howitt_capture2_dm2","howitt_capture2","dm2",13602,717,278
"183","labels_howitt_capture2_gmm","howitt_capture2","gmm",1436,1349,11822
"184","labels_howitt_capture2_hashed","howitt_capture2","hashed",8657,715,5235
"185","labels_howitt_capture2_hsolo","howitt_capture2","hsolo",12344,2242,21
"186","labels_howitt_capture2_hto","howitt_capture2","hto",9701,1676,3230
"187","labels_howitt_capture3_beacon","howitt_capture3","beacon",13059,1664,49
"188","labels_howitt_capture3_bff_cluster","howitt_capture3","bff_cluster",13993,611,168
"189","labels_howitt_capture3_bff_raw","howitt_capture3","bff_raw",10601,2138,2033
"190","labels_howitt_capture3_cmd","howitt_capture3","cmd",14033,738,1
"191","labels_howitt_capture3_demuxmix_naive","howitt_capture3","demuxmix_naive",8275,1432,5065
"192","labels_howitt_capture3_dm","howitt_capture3","dm",8589,2626,3557
"193","labels_howitt_capture3_dm2","howitt_capture3","dm2",13797,590,378
"194","labels_howitt_capture3_gmm","howitt_capture3","gmm",937,1191,12644
"195","labels_howitt_capture3_hashed","howitt_capture3","hashed",8310,541,5921
"196","labels_howitt_capture3_hsolo","howitt_capture3","hsolo",12592,2163,17
"197","labels_howitt_capture3_hto","howitt_capture3","hto",9793,1675,3304
"198","labels_mcginnis_ab_beacon","mcginnis_ab","beacon",4843,205,111
"199","labels_mcginnis_ab_bff_cluster","mcginnis_ab","bff_cluster",4171,983,5
"200","labels_mcginnis_ab_bff_raw","mcginnis_ab","bff_raw",14,4916,229
"201","labels_mcginnis_ab_cmd","mcginnis_ab","cmd",0,0,4650
"202","labels_mcginnis_ab_demuxmix","mcginnis_ab","demuxmix",2565,664,1421
"203","labels_mcginnis_ab_demuxmix_naive","mcginnis_ab","demuxmix_naive",2565,664,1421
"204","labels_mcginnis_ab_dm","mcginnis_ab","dm",2735,760,1664
"205","labels_mcginnis_ab_dm2","mcginnis_ab","dm2",3630,615,909
"206","labels_mcginnis_ab_gmm","mcginnis_ab","gmm",148,4172,839
"207","labels_mcginnis_ab_hashed","mcginnis_ab","hashed",1147,454,3558
"208","labels_mcginnis_ab_hsolo","mcginnis_ab","hsolo",4857,302,0
"209","labels_mcginnis_ab_hto","mcginnis_ab","hto",32,4867,260
"210","labels_mcginnis_ms_beacon","mcginnis_ms","beacon",4729,205,225
"211","labels_mcginnis_ms_bff_cluster","mcginnis_ms","bff_cluster",4508,651,0
"212","labels_mcginnis_ms_bff_raw","mcginnis_ms","bff_raw",4537,253,369
"213","labels_mcginnis_ms_cmd","mcginnis_ms","cmd",4471,167,12
"214","labels_mcginnis_ms_demuxmix","mcginnis_ms","demuxmix",4262,351,37
"215","labels_mcginnis_ms_demuxmix_naive","mcginnis_ms","demuxmix_naive",4262,351,37
"216","labels_mcginnis_ms_dm","mcginnis_ms","dm",4556,280,323
"217","labels_mcginnis_ms_dm2","mcginnis_ms","dm2",4491,374,88
"218","labels_mcginnis_ms_gmm","mcginnis_ms","gmm",4508,264,387
"219","labels_mcginnis_ms_hashed","mcginnis_ms","hashed",4338,456,365
"220","labels_mcginnis_ms_hsolo","mcginnis_ms","hsolo",4653,431,75
"221","labels_mcginnis_ms_hto","mcginnis_ms","hto",4230,633,296
