dataset,method,runtime_seconds,note
bar11,hasheddrops,0.178,
howitt_batch3_c2,hasheddrops,0.189,
howitt_batch2_c2,hasheddrops,0.170000000000002,
cook_mix3a,hasheddrops,0.711,
howitt_batch1_c1,hasheddrops,0.16,
howitt_capture1,hasheddrops,0.137999999999998,
cook_mix4a,hasheddrops,0.775,
cook_mix2,hasheddrops,0.829,
gaublomme,hasheddrops,0.138999999999999,
howitt_batch3_c1,hasheddrops,0.182000000000002,
mcginnis_ms,hasheddrops,0.131,
howitt_batch2_c1,hasheddrops,0.169,
mcginnis_ab,hasheddrops,0.133999999999999,
cook_mix3b,hasheddrops,0.746,
howitt_capture2,hasheddrops,0.158000000000001,
howitt_batch1_c2,hasheddrops,0.154999999999999,
howitt_capture3,hasheddrops,0.143000000000001,
cook_mix4b,hasheddrops,0.767,
cook_mix1,hasheddrops,0.807,
bar11,cmddemux,6.453,
howitt_batch3_c2,cmddemux,264.747,
howitt_batch2_c2,cmddemux,336.448,
cook_mix3a,cmddemux,2478.08,
howitt_batch1_c1,cmddemux,37.453,
howitt_capture1,cmddemux,51.19,
cook_mix4a,cmddemux,2745.651,
cook_mix2,cmddemux,1739.498,
gaublomme,cmddemux,1.414,
howitt_batch3_c1,cmddemux,580.84,
mcginnis_ms,cmddemux,7.398,
howitt_batch2_c1,cmddemux,186.376,
mcginnis_ab,cmddemux,13.12,
cook_mix3b,cmddemux,1717.566,
howitt_capture2,cmddemux,44.964,
howitt_batch1_c2,cmddemux,40.986,
howitt_capture3,cmddemux,38.479,
cook_mix4b,cmddemux,3616.556,
cook_mix1,cmddemux,3304.914,
bar11,bff_cluster,19.501,
howitt_batch3_c2,bff_cluster,45.943,
howitt_batch2_c2,bff_cluster,39.464,
cook_mix3a,bff_cluster,50.026,
howitt_batch1_c1,bff_cluster,22.572,
howitt_capture1,bff_cluster,17.749,
cook_mix4a,bff_cluster,109.816,
cook_mix2,bff_cluster,158.011,
gaublomme,bff_cluster,12.608,
howitt_batch3_c1,bff_cluster,40.714,
mcginnis_ms,bff_cluster,15.331,
howitt_batch2_c1,bff_cluster,37.236,
mcginnis_ab,bff_cluster,15.693,
cook_mix3b,bff_cluster,95.885,
howitt_capture2,bff_cluster,16.04,
howitt_batch1_c2,bff_cluster,23.495,
howitt_capture3,bff_cluster,16.193,
cook_mix4b,bff_cluster,54.016,
cook_mix1,bff_cluster,151.844,
bar11,demultiplex,8.001,
howitt_batch3_c2,demultiplex,39.77,
howitt_batch2_c2,demultiplex,48.976,
cook_mix3a,demultiplex,55.609,
howitt_batch1_c1,demultiplex,11.164,
howitt_capture1,demultiplex,4.997,
cook_mix4a,demultiplex,43.176,
cook_mix2,demultiplex,96.905,
gaublomme,demultiplex,2.148,
howitt_batch3_c1,demultiplex,95.534,
mcginnis_ms,demultiplex,4.572,
howitt_batch2_c1,demultiplex,19.502,
mcginnis_ab,demultiplex,7.358,
cook_mix3b,demultiplex,38.525,
howitt_capture2,demultiplex,5.879,
howitt_batch1_c2,demultiplex,11.627,
howitt_capture3,demultiplex,13.302,
cook_mix4b,demultiplex,42.646,
cook_mix1,demultiplex,93.556,
bar11,bff_raw,19.501,
howitt_batch3_c2,bff_raw,45.943,
howitt_batch2_c2,bff_raw,39.464,
cook_mix3a,bff_raw,50.026,
howitt_batch1_c1,bff_raw,22.572,
howitt_capture1,bff_raw,17.749,
cook_mix4a,bff_raw,109.816,
cook_mix2,bff_raw,158.011,
gaublomme,bff_raw,12.608,
howitt_batch3_c1,bff_raw,40.714,
mcginnis_ms,bff_raw,15.331,
howitt_batch2_c1,bff_raw,37.236,
mcginnis_ab,bff_raw,15.693,
cook_mix3b,bff_raw,95.885,
howitt_capture2,bff_raw,16.04,
howitt_batch1_c2,bff_raw,23.495,
howitt_capture3,bff_raw,16.193,
cook_mix4b,bff_raw,54.016,
cook_mix1,bff_raw,151.844,
bar11,gmmdemux,2.23,
howitt_batch3_c2,gmmdemux,2.45,
howitt_batch2_c2,gmmdemux,2.36,
howitt_batch1_c1,gmmdemux,2.04,
howitt_capture1,gmmdemux,1.74,
gaublomme,gmmdemux,1.73,
howitt_batch3_c1,gmmdemux,2.13,
mcginnis_ms,gmmdemux,1.92,
howitt_batch2_c1,gmmdemux,2.23,
mcginnis_ab,gmmdemux,1.82,
howitt_capture2,gmmdemux,1.74,
howitt_batch1_c2,gmmdemux,2.05,
howitt_capture3,gmmdemux,1.74,
bar11,demuxmixnaive,0.522,
howitt_batch3_c2,demuxmixnaive,2.05,
howitt_batch2_c2,demuxmixnaive,1.532,
howitt_batch1_c1,demuxmixnaive,1.003,
howitt_capture1,demuxmixnaive,0.882999999999999,
gaublomme,demuxmixnaive,0.212999999999999,
howitt_batch3_c1,demuxmixnaive,2.184,
mcginnis_ms,demuxmixnaive,0.340999999999999,
howitt_batch2_c1,demuxmixnaive,1.258,
mcginnis_ab,demuxmixnaive,0.568,
howitt_capture2,demuxmixnaive,0.609,
howitt_batch1_c2,demuxmixnaive,1.027,
howitt_capture3,demuxmixnaive,0.421999999999999,
bar11,demultiplex2,17.28,
howitt_batch3_c2,demultiplex2,51.036,
howitt_batch2_c2,demultiplex2,42.78,
cook_mix3a,demultiplex2,148.089,
howitt_batch1_c1,demultiplex2,24.054,
howitt_capture1,demultiplex2,27.371,
cook_mix2,demultiplex2,136.397,
gaublomme,demultiplex2,9.447,
howitt_batch3_c1,demultiplex2,51.649,
mcginnis_ms,demultiplex2,16.855,
howitt_batch2_c1,demultiplex2,41.223,
mcginnis_ab,demultiplex2,16.73,
cook_mix3b,demultiplex2,137.896,
howitt_capture2,demultiplex2,25.472,
howitt_batch1_c2,demultiplex2,25.7,
howitt_capture3,demultiplex2,25.681,
cook_mix4b,demultiplex2,145.193,
cook_mix1,demultiplex2,142.44,
bar11,demuxmix,16.097,
gaublomme,demuxmix,6.128,
mcginnis_ms,demuxmix,10.552,
mcginnis_ab,demuxmix,17.343,
bar11,hashsolo,0.0813860893249511,
howitt_batch3_c2,hashsolo,0.173548936843872,
howitt_batch2_c2,hashsolo,0.1433019638061523,
cook_mix3a,hashsolo,8.441087007522583,
howitt_batch1_c1,hashsolo,0.076333999633789,
howitt_capture1,hashsolo,0.0238442420959472,
cook_mix4a,hashsolo,9.470025062561035,
cook_mix2,hashsolo,8.075003862380981,
gaublomme,hashsolo,0.0277822017669677,
howitt_batch3_c1,hashsolo,0.2010109424591064,
mcginnis_ms,hashsolo,0.0429499149322509,
howitt_batch2_c1,hashsolo,0.1399228572845459,
mcginnis_ab,hashsolo,0.0434741973876953,
cook_mix3b,hashsolo,7.312864065170288,
howitt_capture2,hashsolo,0.0285720825195312,
howitt_batch1_c2,hashsolo,0.0917460918426513,
howitt_capture3,hashsolo,0.0218989849090576,
cook_mix4b,hashsolo,9.561887979507446,
cook_mix1,hashsolo,8.178390741348267,
bar11,demuxtags,74.53,
howitt_batch3_c2,demuxtags,82.76,
howitt_batch2_c2,demuxtags,52.06,
cook_mix3a,demuxtags,19049.44,
howitt_batch1_c1,demuxtags,44.66,
howitt_capture1,demuxtags,12.6,
cook_mix4a,demuxtags,25787.26,
cook_mix2,demuxtags,22653.17,
gaublomme,demuxtags,25.56,
howitt_batch3_c1,demuxtags,29.39,
mcginnis_ms,demuxtags,31.41,
howitt_batch2_c1,demuxtags,31.14,
mcginnis_ab,demuxtags,31.06,
cook_mix3b,demuxtags,22657.53,
howitt_capture2,demuxtags,11.28,
howitt_batch1_c2,demuxtags,48.29,
howitt_capture3,demuxtags,11.16,
cook_mix4b,demuxtags,22501.39,
cook_mix1,demuxtags,28348.53,
bar11,htodemux,0.604,
howitt_batch3_c2,htodemux,2.382,
howitt_batch2_c2,htodemux,1.907,
howitt_batch1_c1,htodemux,1.095,
howitt_capture1,htodemux,1.286,
gaublomme,htodemux,0.302,
howitt_batch3_c1,htodemux,2.371,
mcginnis_ms,htodemux,0.434,
howitt_batch2_c1,htodemux,1.828,
mcginnis_ab,htodemux,0.43,
howitt_capture2,htodemux,0.892000000000001,
howitt_batch1_c2,htodemux,1.155,
howitt_capture3,htodemux,0.869999999999999,
bar11,beacon,14.179,
howitt_batch3_c2,beacon,58.62,
howitt_batch2_c2,beacon,46.712,
cook_mix3a,beacon,81.431,
howitt_batch1_c1,beacon,18.916,
howitt_capture1,beacon,37.049,
cook_mix4a,beacon,92.885,
cook_mix2,beacon,104.852,
gaublomme,beacon,4.288,
howitt_batch3_c1,beacon,66.587,
mcginnis_ms,beacon,6.106,
howitt_batch2_c1,beacon,44.398,
mcginnis_ab,beacon,7.976,
cook_mix3b,beacon,87.711,
howitt_capture2,beacon,29.86,
howitt_batch1_c2,beacon,21.798,
howitt_capture3,beacon,28.142,
cook_mix4b,beacon,141.559,
cook_mix1,beacon,108.909,
cook_mix4a,demultiplex2,,Error
cook_mix1,demuxmix,,No RNA
cook_mix2,demuxmix,,No RNA
cook_mix3a,demuxmix,,No RNA
cook_mix3b,demuxmix,,No RNA
cook_mix4a,demuxmix,,No RNA
cook_mix4b,demuxmix,,No RNA
howitt_batch1_c1,demuxmix,,No RNA
howitt_batch1_c2,demuxmix,,No RNA
howitt_batch2_c1,demuxmix,,No RNA
howitt_batch2_c2,demuxmix,,No RNA
howitt_batch3_c1,demuxmix,,No RNA
howitt_batch3_c2,demuxmix,,No RNA
howitt_capture1,demuxmix,,No RNA
howitt_capture2,demuxmix,,No RNA
howitt_capture3,demuxmix,,No RNA
cook_mix1,demuxmixnaive,,Error
cook_mix2,demuxmixnaive,,Error
cook_mix3a,demuxmixnaive,,Error
cook_mix3b,demuxmixnaive,,Error
cook_mix4a,demuxmixnaive,,Error
cook_mix4b,demuxmixnaive,,Error
cook_mix1,gmmdemux,,DNF
cook_mix2,gmmdemux,,DNF
cook_mix3a,gmmdemux,,DNF
cook_mix3b,gmmdemux,,DNF
cook_mix4a,gmmdemux,,DNF
cook_mix4b,gmmdemux,,DNF
cook_mix1,htodemux,,Error
cook_mix2,htodemux,,Error
cook_mix3a,htodemux,,Error
cook_mix3b,htodemux,,Error
cook_mix4a,htodemux,,Error
cook_mix4b,htodemux,,Error
