method,bar11,cook_mix1,cook_mix2,cook_mix3a,cook_mix3b,cook_mix4a,cook_mix4b,gaublomme,howitt_batch1_c1,howitt_batch1_c2,howitt_batch2_c1,howitt_batch2_c2,howitt_batch3_c1,howitt_batch3_c2,howitt_capture1,howitt_capture2,howitt_capture3,mcginnis_ab,mcginnis_ms
beacon,14.18,108.91,104.85,81.43,87.71,92.88,141.56,4.29,18.92,21.80,44.40,46.71,66.59,58.62,37.05,29.86,28.14,7.98,6.11
bff_cluster,19.50,151.84,158.01,50.03,95.88,109.82,54.02,12.61,22.57,23.50,37.24,39.46,40.71,45.94,17.75,16.04,16.19,15.69,15.33
bff_raw,19.50,151.84,158.01,50.03,95.88,109.82,54.02,12.61,22.57,23.50,37.24,39.46,40.71,45.94,17.75,16.04,16.19,15.69,15.33
cmddemux,6.45,3304.91,1739.50,2478.08,1717.57,2745.65,3616.56,1.41,37.45,40.99,186.38,336.45,580.84,264.75,51.19,44.96,38.48,13.12,7.40
demultiplex,8.00,93.56,96.90,55.61,38.52,43.18,42.65,2.15,11.16,11.63,19.50,48.98,95.53,39.77,5.00,5.88,13.30,7.36,4.57
demultiplex2,17.28,142.44,136.40,148.09,137.90,Error,145.19,9.45,24.05,25.70,41.22,42.78,51.65,51.04,27.37,25.47,25.68,16.73,16.86
demuxmix,16.10,No RNA,No RNA,No RNA,No RNA,No RNA,No RNA,6.13,No RNA,No RNA,No RNA,No RNA,No RNA,No RNA,No RNA,No RNA,No RNA,17.34,10.55
demuxmixnaive,0.52,Error,Error,Error,Error,Error,Error,0.21,1.00,1.03,1.26,1.53,2.18,2.05,0.88,0.61,0.42,0.57,0.34
demuxtags,74.53,28348.53,22653.17,19049.44,22657.53,25787.26,22501.39,25.56,44.66,48.29,31.14,52.06,29.39,82.76,12.60,11.28,11.16,31.06,31.41
gmmdemux,2.23,DNF,DNF,DNF,DNF,DNF,DNF,1.73,2.04,2.05,2.23,2.36,2.13,2.45,1.74,1.74,1.74,1.82,1.92
hasheddrops,0.18,0.81,0.83,0.71,0.75,0.78,0.77,0.14,0.16,0.15,0.17,0.17,0.18,0.19,0.14,0.16,0.14,0.13,0.13
hashsolo,0.08,8.18,8.08,8.44,7.31,9.47,9.56,0.03,0.08,0.09,0.14,0.14,0.20,0.17,0.02,0.03,0.02,0.04,0.04
htodemux,0.60,Error,Error,Error,Error,Error,Error,0.30,1.10,1.16,1.83,1.91,2.37,2.38,1.29,0.89,0.87,0.43,0.43
