"dataset","method","f1_micro","f1_macro","f1_weighted","mcc","concordance"
"mcginnis_ms","beacon",0.973106712564544,0.954255002243109,0.974593654053823,0.969110323764671,0.972688172043011
"mcginnis_ab","beacon",0.894140498543218,0.83433496440295,0.897148858635761,0.87708674417831,0.890967741935484
"bar11","beacon",0.7696096539835,0.748964191300827,0.772600365963319,0.731766693296246,0.750840941854877
"gaublomme","beacon",0.916666666666667,0.869842993741094,0.898139535703677,0.907186000745527,0.916666666666667
"howitt_capture1","beacon",0.817707233169377,0.787506093987924,0.826584960420662,0.746860946117921,0.816303169056513
"howitt_capture2","beacon",0.854008091613523,0.806917418682958,0.864854285136367,0.792960027280492,0.852604915451496
"howitt_capture3","beacon",0.864146465502628,0.801886115969584,0.870507641023686,0.804697059952731,0.862713241267262
"howitt_batch1_c1","beacon",0.911736764832887,0.903108259394014,0.917913254734796,0.900385749197667,0.911736764832887
"howitt_batch1_c2","beacon",0.896135555289134,0.896344528478158,0.900209435125258,0.882711436969641,0.896099744245524
"howitt_batch2_c1","beacon",0.833118046585274,0.837335502916272,0.84573144126718,0.806027981132095,0.83187018930726
"howitt_batch2_c2","beacon",0.81881877839475,0.834883909154961,0.830929266219606,0.787683800617527,0.817382891235991
"howitt_batch3_c1","beacon",0.755762015365374,0.76692204545178,0.764535030871337,0.705823949207316,0.744932919214883
"howitt_batch3_c2","beacon",0.774792315680166,0.786848758824554,0.785610125307855,0.734993346689753,0.768334674175382
